{
"type": "FeatureCollection",
"name": "ciudad",
"crs": { "type": "name", "properties": { "name": "urn:ogc:def:crs:OGC:1.3:CRS84" } },
"features": [
{ "type": "Feature", "properties": { "gid": 1, "id_ciudad": 76001.0, "nombre": "SANTIAGO DE CALI", "area": 562818159.296, "perimetro": 131177.435, "shape_leng": 130875.751007, "shape_area": 562818043.68400002 }, "geometry": { "type": "MultiPolygon", "coordinates": [ [ [ [ -76.591730275130402, 3.546852140522978 ], [ -76.590694555988662, 3.546804370319146 ], [ -76.590432654785459, 3.546852236854683 ], [ -76.590015988363731, 3.546864228993683 ], [ -76.589646939458092, 3.546852294322382 ], [ -76.589277872013795, 3.546589161748758 ], [ -76.588861202205507, 3.546541344563176 ], [ -76.588504058039078, 3.546529408591851 ], [ -76.58814690172089, 3.54635000761502 ], [ -76.587742133181351, 3.546266304343302 ], [ -76.587410648300008, 3.546013710383861 ], [ -76.587004441361884, 3.54604775104562 ], [ -76.586480627907775, 3.545999941208223 ], [ -76.585909206229005, 3.546095674256276 ], [ -76.585813947578288, 3.545808599200152 ], [ -76.585819870973253, 3.545389937065248 ], [ -76.585879367507914, 3.545001175657212 ], [ -76.585909100017844, 3.544582511884306 ], [ -76.585968594369604, 3.544163846061676 ], [ -76.586575213915694, 3.542710753442973 ], [ -76.586633125108733, 3.541329392305207 ], [ -76.586574330451825, 3.541125936460674 ], [ -76.586517174966687, 3.540941729885391 ], [ -76.586502871079801, 3.540683356530257 ], [ -76.586459994983755, 3.540410631981451 ], [ -76.586402829262113, 3.540080491196194 ], [ -76.586416894948528, 3.53975715766968 ], [ -76.586468486970503, 3.53928766128772 ], [ -76.586466020434273, 3.538957034774135 ], [ -76.586432716802577, 3.538498187548268 ], [ -76.586373163898088, 3.53807953085224 ], [ -76.586301690554322, 3.537433600383008 ], [ -76.58626594420835, 3.536979056379751 ], [ -76.586210874564159, 3.536226199303952 ], [ -76.586156915723819, 3.536053296719874 ], [ -76.586108547752815, 3.535879238186991 ], [ -76.58606467910063, 3.535704050003053 ], [ -76.586025309764835, 3.535527731264491 ], [ -76.585991564587516, 3.535350282798575 ], [ -76.585963443565561, 3.535171703701714 ], [ -76.585939822751712, 3.534991994051762 ], [ -76.585921825266695, 3.53481228491851 ], [ -76.585908327084368, 3.534631445232871 ], [ -76.58590045410368, 3.534451736306859 ], [ -76.585897079520223, 3.53427089682885 ], [ -76.585899330053124, 3.53409005696393 ], [ -76.585907203899467, 3.533909217616376 ], [ -76.585934200818102, 3.533584837054877 ], [ -76.585944672580922, 3.53309528669842 ], [ -76.586020815915049, 3.532448072026588 ], [ -76.58613502972004, 3.531629536174317 ], [ -76.586058886937309, 3.531229786396727 ], [ -76.585792386971463, 3.530696785971389 ], [ -76.585659137627729, 3.530373178644131 ], [ -76.585354566605844, 3.530011499251302 ], [ -76.585107102260437, 3.529764034576149 ], [ -76.584821566684738, 3.529364284437594 ], [ -76.584225511310962, 3.52870874050095 ], [ -76.583761516139177, 3.52828043669009 ], [ -76.583547364150206, 3.527994900110505 ], [ -76.583226137286871, 3.527673672067993 ], [ -76.582904910133166, 3.52720967620065 ], [ -76.582726450384115, 3.526941985882956 ], [ -76.582726419785615, 3.526941940675258 ], [ -76.582547990738533, 3.526674296435937 ], [ -76.582191071207447, 3.526103224382064 ], [ -76.581969672080788, 3.52568502637752 ], [ -76.581935796920646, 3.525621039659627 ], [ -76.581869843869271, 3.525496460448605 ], [ -76.581120135787444, 3.524926481116088 ], [ -76.581073174575479, 3.524899708211094 ], [ -76.580994014236069, 3.524856757704907 ], [ -76.580936577515686, 3.524827158949028 ], [ -76.580651503761075, 3.524602944140024 ], [ -76.580349136385536, 3.52434814054594 ], [ -76.580134575832361, 3.52420113569426 ], [ -76.579968663895272, 3.524083518579719 ], [ -76.579773576691025, 3.523867850646449 ], [ -76.579588263414408, 3.523544457293408 ], [ -76.579295598082084, 3.523274889985181 ], [ -76.579110352629584, 3.523225864266642 ], [ -76.578993230488095, 3.523176837940611 ], [ -76.578856634117855, 3.52313763143845 ], [ -76.578690792167748, 3.523069108215437 ], [ -76.578495704349692, 3.522980805694889 ], [ -76.578349406586625, 3.522912211597118 ], [ -76.578066513444611, 3.522745567721985 ], [ -76.577910443829765, 3.52259849281904 ], [ -76.577861655645222, 3.522490623607362 ], [ -76.577773922331943, 3.522206436191527 ], [ -76.577500801756429, 3.521961452188648 ], [ -76.577403222783474, 3.521892788113183 ], [ -76.577169119766324, 3.52172621519385 ], [ -76.576778946899736, 3.521490977929988 ], [ -76.576616727421282, 3.521423813134132 ], [ -76.576613105386443, 3.521422313289979 ], [ -76.576447263949447, 3.521324332842223 ], [ -76.576183916476538, 3.521079277358582 ], [ -76.576101125155063, 3.521011186446542 ], [ -76.576076636924313, 3.520991046051882 ], [ -76.575920567537963, 3.520883246298055 ], [ -76.575627902876718, 3.520745987667931 ], [ -76.575384027486194, 3.520648076657118 ], [ -76.57518894048728, 3.52055977345746 ], [ -76.574867033255174, 3.520236235124702 ], [ -76.574623158284396, 3.520079480779568 ], [ -76.574330565946539, 3.5198147864477 ], [ -76.573920850066557, 3.519618893310804 ], [ -76.573811039476851, 3.519576225131716 ], [ -76.573733637536677, 3.519552418422135 ], [ -76.573646041246619, 3.519531506601103 ], [ -76.573645964757716, 3.519531493042467 ], [ -76.573579254745439, 3.519519708790711 ], [ -76.573579176457486, 3.519519706986694 ], [ -76.573527512811026, 3.519504379259165 ], [ -76.573527436322181, 3.519504366604714 ], [ -76.573474224401011, 3.519495830361965 ], [ -76.573474146112972, 3.51949582674955 ], [ -76.573438300074571, 3.519493993231792 ], [ -76.573438221786986, 3.51949399775712 ], [ -76.573384449005971, 3.519497029798958 ], [ -76.573384373418477, 3.519497043366072 ], [ -76.573340158323248, 3.519504870718976 ], [ -76.573296922538162, 3.519517372698576 ], [ -76.573263459282813, 3.519530723172243 ], [ -76.573216145130644, 3.519555729473654 ], [ -76.573205599592029, 3.51957042230693 ], [ -76.573194000269027, 3.519584267968675 ], [ -76.573168128889932, 3.51960934451064 ], [ -76.573138953000168, 3.519630465385941 ], [ -76.573107035888782, 3.51964720649612 ], [ -76.573090303355769, 3.519653846918334 ], [ -76.573073149620527, 3.519659285689677 ], [ -76.573055644868347, 3.519663453183305 ], [ -76.573037928577691, 3.519666349391493 ], [ -76.573037851190094, 3.519666356629322 ], [ -76.573020001648402, 3.519667973409988 ], [ -76.573014728655735, 3.519671364428788 ], [ -76.573014651267229, 3.519671355391121 ], [ -76.57275918289173, 3.519642821345937 ], [ -76.572759105504133, 3.519642828583741 ], [ -76.572617173108156, 3.519657088278871 ], [ -76.572340323056352, 3.519756968928424 ], [ -76.572162880502773, 3.519806908178658 ], [ -76.572014964510572, 3.519863276424718 ], [ -76.571600145166244, 3.520065689074531 ], [ -76.571600067778007, 3.520065685461913 ], [ -76.571331205790585, 3.520053421819567 ], [ -76.571331127502688, 3.520053421823751 ], [ -76.571152746289826, 3.520053422299281 ], [ -76.571152668001588, 3.520053415974091 ], [ -76.570986184109202, 3.520041524728946 ], [ -76.570986104921204, 3.52004152021218 ], [ -76.57066971561477, 3.520023916021902 ], [ -76.570669637326304, 3.520023905175703 ], [ -76.570577211045574, 3.520011203408218 ], [ -76.570577134556601, 3.520011188040947 ], [ -76.570484117676685, 3.519992982466455 ], [ -76.570484039388418, 3.519992975237017 ], [ -76.570434997628837, 3.519988328447536 ], [ -76.570434919341238, 3.519988333876811 ], [ -76.570369594209339, 3.519993244365454 ], [ -76.570362764363253, 3.520012018504159 ], [ -76.57032150209676, 3.520061955685986 ], [ -76.570302495550877, 3.520118781659338 ], [ -76.570276288417645, 3.520194508376964 ], [ -76.570242602091483, 3.520261861744184 ], [ -76.570178356068965, 3.520372506804453 ], [ -76.570142664762173, 3.520472444713035 ], [ -76.570093320901464, 3.520592248475082 ], [ -76.570004319011304, 3.520605456153141 ], [ -76.569941820467946, 3.520613579066607 ], [ -76.569941743080349, 3.520613588112571 ], [ -76.56931571067301, 3.520687597085423 ], [ -76.568532958720212, 3.520945955226524 ], [ -76.568532882231722, 3.520945950709417 ], [ -76.5678191203381, 3.520898365301159 ], [ -76.567819041150287, 3.520898365305098 ], [ -76.567248049240931, 3.520898364606682 ], [ -76.566581800331747, 3.520708007312062 ], [ -76.566439031808486, 3.520374882012722 ], [ -76.566153496612742, 3.519851399969757 ], [ -76.565963139550504, 3.519375507357521 ], [ -76.565772783090395, 3.518852025167076 ], [ -76.565582425810547, 3.518138185682547 ], [ -76.565258878605619, 3.517491659735825 ], [ -76.565015074868782, 3.517383855985351 ], [ -76.564732119031206, 3.517080023824435 ], [ -76.564634544122939, 3.516932948539552 ], [ -76.564537043979669, 3.516594789917408 ], [ -76.564527275459753, 3.516467425598924 ], [ -76.564527281760974, 3.516198497498464 ], [ -76.564511466200457, 3.516128632966274 ], [ -76.564503171007658, 3.516102778826034 ], [ -76.564484964069507, 3.516061524007241 ], [ -76.564466545242539, 3.516030442284895 ], [ -76.564444963521964, 3.51600154976206 ], [ -76.564357159344951, 3.515910774542545 ], [ -76.564310691454466, 3.515868247917826 ], [ -76.564226472181147, 3.515774222847781 ], [ -76.564184152800834, 3.515715731576415 ], [ -76.564141973295207, 3.515646290507076 ], [ -76.564113362439059, 3.5155899189385 ], [ -76.564085243333068, 3.51552330463659 ], [ -76.563893610281283, 3.515180693484639 ], [ -76.563797722872621, 3.515012707645766 ], [ -76.563684052110446, 3.514776412554354 ], [ -76.563536987407971, 3.514532275077603 ], [ -76.563352030847668, 3.514309470127123 ], [ -76.563265072107967, 3.514163878005699 ], [ -76.563213825552964, 3.514029518884178 ], [ -76.563213827409186, 3.513971311393598 ], [ -76.563204901089364, 3.513897350531346 ], [ -76.563180368868714, 3.513789905351939 ], [ -76.563131371387882, 3.513662257053127 ], [ -76.563064517037802, 3.513590554748024 ], [ -76.562948591738319, 3.513536794742926 ], [ -76.562834374661051, 3.51348936852682 ], [ -76.562604233485629, 3.51339380814504 ], [ -76.562358991102826, 3.513320756474043 ], [ -76.561473315758022, 3.5135073989804 ], [ -76.560836934096841, 3.513339047165106 ], [ -76.560561643286974, 3.513250889029869 ], [ -76.559930500391332, 3.513220383478659 ], [ -76.559399800601966, 3.513330974692742 ], [ -76.559149767874061, 3.51326312512146 ], [ -76.558787902714556, 3.51316381494357 ], [ -76.558659113190132, 3.513127135157766 ], [ -76.55846626013269, 3.513062549060297 ], [ -76.558322429167134, 3.513060538436329 ], [ -76.558322349079901, 3.513060533014349 ], [ -76.558001574621144, 3.513041525086603 ], [ -76.558001549424887, 3.513041516045655 ], [ -76.557396919996208, 3.512825910206355 ], [ -76.557055401732399, 3.512678896014936 ], [ -76.556733496635914, 3.512551378994036 ], [ -76.556597044997389, 3.512443647653787 ], [ -76.556392120311813, 3.512345591947015 ], [ -76.556387340169124, 3.512342412981119 ], [ -76.556099603282917, 3.512158667150542 ], [ -76.556099524994963, 3.512158648165397 ], [ -76.556076123200725, 3.512153085534807 ], [ -76.55606016493617, 3.512146021663407 ], [ -76.556060088447722, 3.512145997253026 ], [ -76.556043011728065, 3.512140581768845 ], [ -76.556010954796321, 3.512125746045979 ], [ -76.556008142669683, 3.512123484761663 ], [ -76.555916119487662, 3.512083852846113 ], [ -76.555784658358775, 3.512017799122869 ], [ -76.555705781644363, 3.51199137697408 ], [ -76.555596254868675, 3.511912114850813 ], [ -76.555594057388745, 3.511911073300344 ], [ -76.555397798669929, 3.511817378891398 ], [ -76.555397720382018, 3.511817359906194 ], [ -76.555153292741608, 3.511752524564448 ], [ -76.555153213553822, 3.511752504675064 ], [ -76.555036241500872, 3.511723134376329 ], [ -76.554870476572304, 3.511615327899221 ], [ -76.554665623170379, 3.511487885511556 ], [ -76.554665544882511, 3.511487866526292 ], [ -76.554480240065118, 3.511438927330342 ], [ -76.554480160877503, 3.511438911057678 ], [ -76.554380079535264, 3.511421165297444 ], [ -76.554314471767285, 3.511409533366498 ], [ -76.554138859042126, 3.51142909278636 ], [ -76.553904754991677, 3.51144865151619 ], [ -76.553690193514896, 3.511507486791247 ], [ -76.553495036088435, 3.511556433983585 ], [ -76.553231686562498, 3.511595629038536 ], [ -76.552939022960146, 3.511595612837788 ], [ -76.552938942873027, 3.51159560651116 ], [ -76.552729877426188, 3.511570389313627 ], [ -76.552729797338955, 3.511570379370205 ], [ -76.55269522035664, 3.511566220343842 ], [ -76.552695139369348, 3.51156620407109 ], [ -76.552611087907934, 3.511545085842524 ], [ -76.552539152170084, 3.5115270125242 ], [ -76.552412332944684, 3.511438775585909 ], [ -76.552353775323894, 3.511340795466172 ], [ -76.552392805038906, 3.511007515474495 ], [ -76.552402588740179, 3.510703691486633 ], [ -76.552412368793114, 3.510478278300561 ], [ -76.552392834616484, 3.510233226098752 ], [ -76.5523635972134, 3.510037197813179 ], [ -76.552363610477229, 3.509684348752681 ], [ -76.552246564615515, 3.509537271038745 ], [ -76.552148991077317, 3.50942946994735 ], [ -76.552148917289529, 3.50942946904561 ], [ -76.55204171178201, 3.509429465371076 ], [ -76.551925728447614, 3.50943594685388 ], [ -76.551923768576572, 3.509436058134457 ], [ -76.551923612902726, 3.509436067181537 ], [ -76.55186616924297, 3.509439278061035 ], [ -76.551866135048073, 3.509439260882476 ], [ -76.551837387038603, 3.50942481642572 ], [ -76.551768594109234, 3.50939024954233 ], [ -76.551768513122553, 3.509390245928214 ], [ -76.551475930870737, 3.509380417864654 ], [ -76.551475850784044, 3.50938041786726 ], [ -76.551095532523789, 3.509380403947301 ], [ -76.550793163958829, 3.509468621363 ], [ -76.550451707653195, 3.509586223506515 ], [ -76.549934712788485, 3.509615588868337 ], [ -76.549934678593601, 3.509615570785515 ], [ -76.54969091405718, 3.509488213521724 ], [ -76.54959333872867, 3.509429366136641 ], [ -76.549427507032775, 3.509223513336712 ], [ -76.54936902664609, 3.50898827818587 ], [ -76.549193425416917, 3.508723652125426 ], [ -76.549125170335785, 3.508557008508791 ], [ -76.549095930350035, 3.508429571377386 ], [ -76.549026404600298, 3.50837793042162 ], [ -76.548875332154793, 3.508278674325023 ], [ -76.548793928808308, 3.508150176309802 ], [ -76.548689327747269, 3.508004228934321 ], [ -76.548631267321738, 3.507811518874875 ], [ -76.54852083283923, 3.507612943944113 ], [ -76.548416230426241, 3.507478652503792 ], [ -76.548323228719241, 3.507338497918905 ], [ -76.548251384478178, 3.507266300122993 ], [ -76.548207029928747, 3.507139922215926 ], [ -76.548154732026205, 3.50699977004578 ], [ -76.548096596561919, 3.506912173415565 ], [ -76.548032700423661, 3.506736982247948 ], [ -76.548009437452777, 3.506579311374578 ], [ -76.547939779170463, 3.506357426883502 ], [ -76.54807309487235, 3.506345906312239 ], [ -76.548112691138371, 3.506293550522063 ], [ -76.548118329365579, 3.506286096182958 ], [ -76.548142135712325, 3.506223894176566 ], [ -76.548146074266157, 3.506221195947223 ], [ -76.548194513887253, 3.506188007001745 ], [ -76.548304031828323, 3.506164080643849 ], [ -76.548365933715743, 3.506149724753712 ], [ -76.548382598660439, 3.506111446115851 ], [ -76.548385849904335, 3.506084211696553 ], [ -76.548389738982024, 3.506051637088638 ], [ -76.54840878428341, 3.505991828616623 ], [ -76.548444495512697, 3.505927233756166 ], [ -76.548428149785749, 3.5058360037712 ], [ -76.548423063909098, 3.505807616748945 ], [ -76.548394491709928, 3.505738239683172 ], [ -76.548394510588324, 3.505737617597128 ], [ -76.548395690065846, 3.505699666730904 ], [ -76.548396870442204, 3.505661684217861 ], [ -76.54842305824576, 3.505616228712192 ], [ -76.548413533608041, 3.505563596761459 ], [ -76.548432576986386, 3.505439194476186 ], [ -76.548442096948804, 3.505333930640868 ], [ -76.548444475038949, 3.505235844507307 ], [ -76.548451612445447, 3.505077948511766 ], [ -76.548465895878124, 3.505022924269002 ], [ -76.5484649411612, 3.504932493139918 ], [ -76.548463509270846, 3.504833449576752 ], [ -76.548467792303896, 3.504734406749895 ], [ -76.548465315404215, 3.504686380556965 ], [ -76.548465300998217, 3.504686094832076 ], [ -76.548464918344024, 3.504678683164886 ], [ -76.548464552796574, 3.504671597007041 ], [ -76.548464452856493, 3.504669667459926 ], [ -76.548455274611072, 3.504645524844809 ], [ -76.548444297603311, 3.504622376895836 ], [ -76.548435259039337, 3.50460513870201 ], [ -76.548431970816324, 3.504598867308732 ], [ -76.548425691370042, 3.504588028919169 ], [ -76.548420184031187, 3.50457852238472 ], [ -76.548405296300189, 3.504555570760091 ], [ -76.548404347819286, 3.504554108706153 ], [ -76.548392650109378, 3.504533402101579 ], [ -76.548386852964001, 3.504521974163124 ], [ -76.548380953230378, 3.504510344592369 ], [ -76.548371232519784, 3.504490882100607 ], [ -76.548369256341289, 3.504486925405406 ], [ -76.548357469478873, 3.50446386789854 ], [ -76.548349428016991, 3.504448992333708 ], [ -76.548345591764615, 3.504441895427017 ], [ -76.548333625022138, 3.504421821765405 ], [ -76.548333606124515, 3.504421791927554 ], [ -76.548321117480853, 3.504402019377653 ], [ -76.548304741396294, 3.504378599422439 ], [ -76.548302433194053, 3.504375282001971 ], [ -76.54829524762097, 3.504364950890858 ], [ -76.548291784867729, 3.504359972499649 ], [ -76.548276758521411, 3.504335468375908 ], [ -76.548264959114817, 3.504314092669151 ], [ -76.548263531883379, 3.504311506715861 ], [ -76.548251114202017, 3.504287364193243 ], [ -76.548097683467745, 3.504015890726573 ], [ -76.548050063307883, 3.503911824798638 ], [ -76.548020300385659, 3.503831681517803 ], [ -76.54798815595575, 3.503733596382746 ], [ -76.547952441403652, 3.503682161431943 ], [ -76.547913157034102, 3.503657043149728 ], [ -76.547866729869483, 3.503637905410535 ], [ -76.547821493063395, 3.503613983544318 ], [ -76.547797683751583, 3.503572118235527 ], [ -76.547771491897407, 3.503476424515635 ], [ -76.547759583806283, 3.503367572554665 ], [ -76.547751247238779, 3.503228816986487 ], [ -76.547748863315917, 3.503127142244884 ], [ -76.547735766258626, 3.503039821889988 ], [ -76.547713147114919, 3.502985994058065 ], [ -76.547677431539455, 3.502897478099946 ], [ -76.547657192215738, 3.502834081113372 ], [ -76.547657190427259, 3.502771880702178 ], [ -76.547673855101181, 3.502725229240077 ], [ -76.547705995156193, 3.502673792340777 ], [ -76.547771466474799, 3.502596038823222 ], [ -76.547835746389168, 3.502518286239559 ], [ -76.547906545096907, 3.502390024281412 ], [ -76.547920262496149, 3.502365173017796 ], [ -76.547947638848811, 3.502255123678164 ], [ -76.547946445818312, 3.502167802982883 ], [ -76.547935729465067, 3.502070913476726 ], [ -76.547925012179491, 3.501972826817584 ], [ -76.547921438926878, 3.501880722100247 ], [ -76.547922626158822, 3.501799381675659 ], [ -76.547926194303528, 3.501684548931562 ], [ -76.547927382052819, 3.501590050675486 ], [ -76.547922618381591, 3.501531438243367 ], [ -76.547920235380531, 3.501430959750863 ], [ -76.547911645378065, 3.501210355643961 ], [ -76.547917888445397, 3.501177896707031 ], [ -76.547928857672744, 3.50112085892769 ], [ -76.547953562872024, 3.500966602714715 ], [ -76.547965277017468, 3.500904507756285 ], [ -76.547965513639639, 3.500903254536538 ], [ -76.547974221873162, 3.500857093371841 ], [ -76.547986312991796, 3.500793000133473 ], [ -76.547990010953754, 3.500748649309717 ], [ -76.548000519244908, 3.500622626059641 ], [ -76.54801001376498, 3.500508753398067 ], [ -76.548047149560929, 3.500330761730178 ], [ -76.548061431370797, 3.500221670307557 ], [ -76.548055714487447, 3.500122626867828 ], [ -76.54803714054222, 3.500019278028105 ], [ -76.548018568796437, 3.499960426384364 ], [ -76.547991425287663, 3.499905881663983 ], [ -76.547944281554408, 3.499808275279121 ], [ -76.547904758866736, 3.499751338415661 ], [ -76.54787523469524, 3.499707319483145 ], [ -76.547779045648824, 3.499596317056267 ], [ -76.547682857037898, 3.499499668699799 ], [ -76.547646667431778, 3.499444167590539 ], [ -76.547564762374378, 3.499296800763402 ], [ -76.547474284939156, 3.499099673662293 ], [ -76.547409521031824, 3.498921684901061 ], [ -76.547380948426266, 3.498827905416453 ], [ -76.547279993323841, 3.498535084122076 ], [ -76.5472209443965, 3.498389630800853 ], [ -76.547171418062149, 3.498228866491791 ], [ -76.547129512342721, 3.498094895948598 ], [ -76.547085700828646, 3.497962839635528 ], [ -76.547062843717768, 3.49792073467032 ], [ -76.546998081471855, 3.49779633384414 ], [ -76.546933318815292, 3.497656622296115 ], [ -76.546857128052622, 3.497478633814417 ], [ -76.546784745703746, 3.497310214306852 ], [ -76.546708554999, 3.497164761426875 ], [ -76.546626649073133, 3.496973375641117 ], [ -76.546579029407326, 3.496835577777112 ], [ -76.54654093384805, 3.496770506688365 ], [ -76.546497126165889, 3.496739885546466 ], [ -76.546384748426675, 3.496655677401878 ], [ -76.546293322909492, 3.496584867023697 ], [ -76.546152375340768, 3.496500659625156 ], [ -76.546013332754796, 3.496416453058851 ], [ -76.545935240499375, 3.496357124648774 ], [ -76.545817148628259, 3.496263347504285 ], [ -76.545740960302027, 3.496198277395545 ], [ -76.545655248746897, 3.496123638446957 ], [ -76.545601917086842, 3.49608727588327 ], [ -76.545556204662205, 3.496062396380254 ], [ -76.545485732351807, 3.496039431703818 ], [ -76.545411449382669, 3.496022208753919 ], [ -76.545356214183542, 3.496004985301181 ], [ -76.545281931718463, 3.4959724516237 ], [ -76.545238123464642, 3.495951400413322 ], [ -76.545175268598058, 3.495905468083472 ], [ -76.545108603928583, 3.495828915317239 ], [ -76.545057177113634, 3.495786811041673 ], [ -76.544996226323207, 3.495740879555063 ], [ -76.544963847071756, 3.495725568765828 ], [ -76.544918135175209, 3.495719828307037 ], [ -76.544857185577726, 3.495719829867989 ], [ -76.544780999079904, 3.495721745992419 ], [ -76.54472766925781, 3.495719833171986 ], [ -76.54470100332469, 3.495714092217984 ], [ -76.544622912209888, 3.495693998487158 ], [ -76.544522346842825, 3.495677305990843 ], [ -76.544513393421781, 3.495675819721681 ], [ -76.544432445571971, 3.495665295132604 ], [ -76.54437912117389, 3.495664218671937 ], [ -76.544362617691547, 3.49568157328156 ], [ -76.544359275783535, 3.495685087063279 ], [ -76.544341978711827, 3.495705145232562 ], [ -76.544292166056636, 3.495762909105322 ], [ -76.544289508913621, 3.495765990664943 ], [ -76.544233112556071, 3.495804463719506 ], [ -76.544171929139225, 3.495846206455321 ], [ -76.544096446663971, 3.495898710354699 ], [ -76.54401225205963, 3.495955592570685 ], [ -76.543980695910903, 3.496002461342381 ], [ -76.543945477553635, 3.496054769834455 ], [ -76.543829349367385, 3.496180204289916 ], [ -76.543678383917381, 3.49630563234611 ], [ -76.543596642062184, 3.496393311314074 ], [ -76.543570964050616, 3.496420854590672 ], [ -76.543447575539901, 3.496569621902136 ], [ -76.543443461652302, 3.496576777792769 ], [ -76.543350314294713, 3.496738809793158 ], [ -76.543343752225169, 3.496757575593384 ], [ -76.543331441483232, 3.496792777970391 ], [ -76.543314235220507, 3.496886142745227 ], [ -76.543270248749764, 3.497124826607434 ], [ -76.54325278831989, 3.497164094362862 ], [ -76.543247913256039, 3.497175058736068 ], [ -76.543210210238797, 3.497259842292845 ], [ -76.543185398688621, 3.497322884195811 ], [ -76.543156930651179, 3.49740523796112 ], [ -76.543142399210623, 3.497445447815013 ], [ -76.543123189642159, 3.497491412070596 ], [ -76.543118282199529, 3.497503154954962 ], [ -76.543092936080058, 3.497564006006081 ], [ -76.54307604880924, 3.497602300831893 ], [ -76.543050941904013, 3.497657373172203 ], [ -76.543032111948165, 3.497698678105139 ], [ -76.543010525196067, 3.497753166251757 ], [ -76.542992638613498, 3.497808989805087 ], [ -76.542965403900936, 3.497915596731882 ], [ -76.542945230768638, 3.498007192062297 ], [ -76.542942274514076, 3.498033283554766 ], [ -76.542941508910744, 3.498040043327342 ], [ -76.542940146838504, 3.498052068235782 ], [ -76.542939760463, 3.498113440414387 ], [ -76.542950588561311, 3.498203006002639 ], [ -76.54295135169977, 3.498206132687591 ], [ -76.542971395785116, 3.498288260158268 ], [ -76.542996026845913, 3.498390868419073 ], [ -76.543007527262759, 3.498448040335629 ], [ -76.543017670207078, 3.498521386506872 ], [ -76.54301773232298, 3.49852251765213 ], [ -76.54301965971402, 3.498557518053106 ], [ -76.543017843351222, 3.498612748075534 ], [ -76.543009801941508, 3.4986700361907 ], [ -76.543002870344992, 3.498702565638763 ], [ -76.543001725875641, 3.498707932057345 ], [ -76.54298196793475, 3.498777562697455 ], [ -76.542974239700399, 3.498798420827629 ], [ -76.542967105322347, 3.498817674903529 ], [ -76.542958072308721, 3.498838118039289 ], [ -76.542942490512516, 3.498869410753406 ], [ -76.542940823187351, 3.498872758118975 ], [ -76.542902569004326, 3.498941966030234 ], [ -76.542823777681747, 3.499078528303885 ], [ -76.542821237535676, 3.499082953488978 ], [ -76.542776481292023, 3.499160928612782 ], [ -76.542727191866916, 3.499248455745963 ], [ -76.542716476126515, 3.499268263270292 ], [ -76.542714164535482, 3.499272536545171 ], [ -76.54270590075474, 3.499287810383347 ], [ -76.542702581385441, 3.499293946321385 ], [ -76.542702414925046, 3.499294380338399 ], [ -76.542685860658949, 3.499337361587144 ], [ -76.542678686273163, 3.499339349172693 ], [ -76.542651060415054, 3.499346218977564 ], [ -76.542623884485522, 3.499353451352985 ], [ -76.542597609309141, 3.499361226223149 ], [ -76.542570896847337, 3.499370619610023 ], [ -76.542570613399732, 3.499370719077933 ], [ -76.542545327204635, 3.499380935247603 ], [ -76.542519681091505, 3.499391965199544 ], [ -76.542493765012864, 3.499402452640609 ], [ -76.542466139214554, 3.499412035926372 ], [ -76.542438604278686, 3.499420715015212 ], [ -76.54241151834627, 3.499428670737704 ], [ -76.542386052087608, 3.49943490754937 ], [ -76.542360316742702, 3.499439698560279 ], [ -76.542335300376863, 3.499444760812218 ], [ -76.542310914778525, 3.499448919759224 ], [ -76.542286889126842, 3.49945352989019 ], [ -76.542261422829256, 3.499458140053461 ], [ -76.542234247762181, 3.499464015222481 ], [ -76.542234039900052, 3.49946406586209 ], [ -76.542208061630589, 3.499470343369395 ], [ -76.542182865332194, 3.499477033170666 ], [ -76.542157759919448, 3.499483813388605 ], [ -76.542133283522233, 3.499491769948023 ], [ -76.542109617010553, 3.499500991455879 ], [ -76.542084870732324, 3.499512111795068 ], [ -76.542060844326457, 3.499523232117319 ], [ -76.542034118400537, 3.499534533338795 ], [ -76.5420082032268, 3.49954565370241 ], [ -76.541983546932386, 3.499556864456329 ], [ -76.541959070630242, 3.499569160238385 ], [ -76.541935403305231, 3.499582360195632 ], [ -76.541927034894272, 3.49958733254685 ], [ -76.541912096832263, 3.4995962834994 ], [ -76.541888340435946, 3.499610116393295 ], [ -76.541863684185387, 3.49962340679036 ], [ -76.541839027907628, 3.499635521734553 ], [ -76.541813921702456, 3.499647365429965 ], [ -76.541789895271663, 3.499657672874933 ], [ -76.541765688817179, 3.499665538095248 ], [ -76.541742653043684, 3.499672860772427 ], [ -76.541719796340303, 3.499680273864461 ], [ -76.541696399723619, 3.499687325290346 ], [ -76.541672644055737, 3.499693743787819 ], [ -76.541646277893165, 3.499697721018777 ], [ -76.541620452458332, 3.499698262299719 ], [ -76.541594626993216, 3.499697447288921 ], [ -76.541569881321664, 3.499695908898317 ], [ -76.541547295402211, 3.499700338139926 ], [ -76.541525249383355, 3.49970458743447 ], [ -76.54150329238837, 3.499706123240269 ], [ -76.541502558116193, 3.499706050920935 ], [ -76.541480347283255, 3.499703861452413 ], [ -76.541457401292419, 3.499702232599842 ], [ -76.541435355155045, 3.499701146243356 ], [ -76.541412319206231, 3.499700693748098 ], [ -76.541390902999822, 3.499701506184208 ], [ -76.541362017260099, 3.499704579268498 ], [ -76.541334122305244, 3.499710364008127 ], [ -76.541306676372912, 3.499716240060726 ], [ -76.541285440211837, 3.499720579751418 ], [ -76.541264203168566, 3.499725732312085 ], [ -76.541241976400656, 3.499735496283356 ], [ -76.541216780841623, 3.499735495023192 ], [ -76.541191315353927, 3.499736578801053 ], [ -76.541166749711508, 3.499737843397517 ], [ -76.541143263892522, 3.499739740905767 ], [ -76.54111338833907, 3.499743446939762 ], [ -76.541084863518165, 3.499750408042125 ], [ -76.541073291614651, 3.49975302864637 ], [ -76.541057327606808, 3.499756644862879 ], [ -76.541028352783925, 3.499759898777749 ], [ -76.540998567997775, 3.499758270061423 ], [ -76.540970312883431, 3.499753928729222 ], [ -76.540943588403465, 3.499749767297949 ], [ -76.54091398350802, 3.499744521799007 ], [ -76.540891668095526, 3.499733127623779 ], [ -76.540870792408356, 3.49972073970801 ], [ -76.540847126438123, 3.499714137788948 ], [ -76.540820131974399, 3.499708439230123 ], [ -76.540793676479154, 3.499701023594595 ], [ -76.540768930721626, 3.499695416310011 ], [ -76.540739685869852, 3.499695053445718 ], [ -76.540716200856224, 3.499692520392664 ], [ -76.540692714178149, 3.499696316697245 ], [ -76.540672107976903, 3.499704092298171 ], [ -76.540650421071589, 3.499712138275521 ], [ -76.540630353918871, 3.499721992606206 ], [ -76.540611096657599, 3.499733475372812 ], [ -76.540592199372739, 3.499746856034696 ], [ -76.540574741875815, 3.499762226796921 ], [ -76.540559263167992, 3.499779405905219 ], [ -76.540544865094461, 3.499793058633829 ], [ -76.540531366835168, 3.499805445471669 ], [ -76.540516248912553, 3.499820273667213 ], [ -76.540499781166019, 3.499832207565776 ], [ -76.540482413581429, 3.499844323225923 ], [ -76.540459016898041, 3.499848842878058 ], [ -76.540431841724697, 3.499850740445993 ], [ -76.540403047530944, 3.499842872751493 ], [ -76.540383881535163, 3.499829941368698 ], [ -76.540361926008572, 3.499815925010839 ], [ -76.540337990859882, 3.49980326498473 ], [ -76.540313245145938, 3.499799737334532 ], [ -76.540289669284689, 3.499799012660872 ], [ -76.540267083326555, 3.499801996065791 ], [ -76.540250254859671, 3.499819626389873 ], [ -76.540232437460745, 3.499836986380122 ], [ -76.540221278058198, 3.499857691750152 ], [ -76.540211468426861, 3.499878849189143 ], [ -76.540191672139045, 3.499889699022578 ], [ -76.540168005399153, 3.499889336025386 ], [ -76.540144790360969, 3.499888068824267 ], [ -76.540135840437799, 3.499883286726543 ], [ -76.5401221141029, 3.499875951283178 ], [ -76.540100069485476, 3.499861483728282 ], [ -76.540080092754991, 3.499849456550059 ], [ -76.540054538098246, 3.499846652264964 ], [ -76.540031771245793, 3.499848459311572 ], [ -76.540009994526557, 3.499865185538786 ], [ -76.539991817131707, 3.499879923369218 ], [ -76.539973908835435, 3.499896921678867 ], [ -76.539957081317027, 3.499917264579811 ], [ -76.539942412581055, 3.499940682600292 ], [ -76.53993152310855, 3.49996066460619 ], [ -76.539919733884886, 3.499985077181026 ], [ -76.539910284215566, 3.50000786306301 ], [ -76.539899215737989, 3.500031009751273 ], [ -76.539881397456568, 3.500049726025993 ], [ -76.539861060330594, 3.500059309087708 ], [ -76.539836044807032, 3.500063014982764 ], [ -76.539810308511903, 3.500066811311171 ], [ -76.539783763196226, 3.500067533395566 ], [ -76.539761897797078, 3.500060388896608 ], [ -76.539735532245814, 3.500051074422335 ], [ -76.539709795707239, 3.500042883847826 ], [ -76.539708537720443, 3.500042483315231 ], [ -76.539682083146388, 3.500036152681555 ], [ -76.53965535779723, 3.500033619667493 ], [ -76.539627911819423, 3.500038228895753 ], [ -76.53961050983861, 3.500041073839302 ], [ -76.539605235883911, 3.500041935641959 ], [ -76.53958192928863, 3.500052061273642 ], [ -76.539565634201281, 3.500059301481363 ], [ -76.539559342564417, 3.500062096470953 ], [ -76.539537745667417, 3.500072222067355 ], [ -76.539515789678603, 3.500079635992548 ], [ -76.539488523665312, 3.500084154793787 ], [ -76.539461079278354, 3.500078457109495 ], [ -76.539437323348338, 3.500073030609328 ], [ -76.539412668433357, 3.500065434060748 ], [ -76.539388643297869, 3.500052321915488 ], [ -76.539365697111066, 3.500041108555716 ], [ -76.539344911493316, 3.500032337380731 ], [ -76.539325168876843, 3.500027807758862 ], [ -76.539316926289516, 3.500025916347747 ], [ -76.539289751816469, 3.500018138102723 ], [ -76.539264916061057, 3.50001180742551 ], [ -76.539239361316376, 3.50000466298716 ], [ -76.539211916861717, 3.499995348519568 ], [ -76.539186181163998, 3.499983863952019 ], [ -76.539162515979299, 3.499971203890995 ], [ -76.539140200555863, 3.499958453383579 ], [ -76.539118605004532, 3.499945613346367 ], [ -76.539093680016833, 3.499931597017202 ], [ -76.539071486093917, 3.499919867340855 ], [ -76.539071094658766, 3.499919660288051 ], [ -76.53904607971667, 3.499907090669829 ], [ -76.539023494407573, 3.499897595263417 ], [ -76.539000999068961, 3.499887376499499 ], [ -76.538980212533417, 3.499877338540721 ], [ -76.538954477720424, 3.499864768934045 ], [ -76.538932342327001, 3.499854912743336 ], [ -76.538909667018572, 3.499844513141932 ], [ -76.538885012026, 3.499832395609528 ], [ -76.538857117566138, 3.499818288007836 ], [ -76.538837051790921, 3.499807437161613 ], [ -76.538817345935215, 3.499795681209828 ], [ -76.538715669291761, 3.499751078363061 ], [ -76.538710356583252, 3.49974874835658 ], [ -76.538650069263497, 3.499715108967834 ], [ -76.538603188042075, 3.499694942715897 ], [ -76.538569714586288, 3.499681468147531 ], [ -76.53854729389316, 3.499668552160675 ], [ -76.538541460157759, 3.499665191381927 ], [ -76.538539629944566, 3.499668552305761 ], [ -76.53853624036087, 3.499674775937388 ], [ -76.538520222579635, 3.499690236149814 ], [ -76.538502135190285, 3.499707144015695 ], [ -76.538481888146592, 3.499722242629733 ], [ -76.538462450878868, 3.499733092420354 ], [ -76.538441663831435, 3.499743037137765 ], [ -76.538420246951105, 3.499755966611043 ], [ -76.538398020228257, 3.499769708969473 ], [ -76.538375162709102, 3.499783089661603 ], [ -76.538355456377758, 3.499793486453873 ], [ -76.538334309415163, 3.499804697951508 ], [ -76.538312352621944, 3.499817355270052 ], [ -76.538290664896039, 3.49983082635769 ], [ -76.538270597811234, 3.499845745029254 ], [ -76.538252330407104, 3.499860572343282 ], [ -76.538233253097602, 3.499872868832949 ], [ -76.538210036570689, 3.499888057915835 ], [ -76.538188348845097, 3.499901709839941 ], [ -76.538166032973763, 3.499912378839105 ], [ -76.538140926615682, 3.49991888769268 ], [ -76.538112318128043, 3.499928309019262 ], [ -76.538103042617891, 3.499931363558019 ], [ -76.538072986483797, 3.499951524926787 ], [ -76.538032762233627, 3.499976840387628 ], [ -76.53801035562698, 3.499995736646242 ], [ -76.537987318278894, 3.500017255982766 ], [ -76.537969230837021, 3.500032173707449 ], [ -76.537949432773857, 3.500045916915065 ], [ -76.537928015844926, 3.500056946665596 ], [ -76.537903720230432, 3.500063003401065 ], [ -76.537877624005787, 3.500067613458298 ], [ -76.537850449642889, 3.50006526124044 ], [ -76.537820214863856, 3.500059924332938 ], [ -76.53778692061681, 3.500054226706544 ], [ -76.537756685876431, 3.500050969443278 ], [ -76.537726721171055, 3.500052234048493 ], [ -76.537696666563576, 3.500058019624511 ], [ -76.537667151033034, 3.500067782739389 ], [ -76.537643109237521, 3.500077459856498 ], [ -76.537637725523751, 3.500079626402184 ], [ -76.537609109066224, 3.500096714374896 ], [ -76.537583553707748, 3.500104850771042 ], [ -76.537567715858955, 3.500119588513153 ], [ -76.537550257443471, 3.500137037961866 ], [ -76.537535769410013, 3.500154759519586 ], [ -76.537522450316061, 3.500175012799483 ], [ -76.53751066094938, 3.500195085213096 ], [ -76.537498602529496, 3.500215157631357 ], [ -76.537484113605373, 3.500233512124122 ], [ -76.537469536304911, 3.500241197128737 ], [ -76.537450908833705, 3.50024987681858 ], [ -76.537438760369412, 3.500266694139192 ], [ -76.537422832457068, 3.500277271683775 ], [ -76.537401235537075, 3.500287669393998 ], [ -76.537374239486013, 3.500293635744391 ], [ -76.537351923470652, 3.500297251106835 ], [ -76.537327987729981, 3.50030032398093 ], [ -76.537296312406966, 3.500301045182149 ], [ -76.537261578485939, 3.500299778113428 ], [ -76.537234105387441, 3.500298391562409 ], [ -76.537231073817281, 3.500298238806824 ], [ -76.537198770305693, 3.50029335491705 ], [ -76.537170875866948, 3.500279789782251 ], [ -76.537142621514519, 3.500267491428745 ], [ -76.537112477509154, 3.50025600688195 ], [ -76.537080532944671, 3.500245877752358 ], [ -76.537048409329714, 3.500236743238227 ], [ -76.537017544628895, 3.50022959883225 ], [ -76.536986950810842, 3.500224172389235 ], [ -76.536957165983978, 3.500220643834532 ], [ -76.536926211373924, 3.500217749139058 ], [ -76.536891927350766, 3.500214944015031 ], [ -76.536858903978114, 3.500210511318893 ], [ -76.536826149655383, 3.500205898682387 ], [ -76.536793755282133, 3.500202008489628 ], [ -76.53676729988392, 3.500199204131483 ], [ -76.536735715402912, 3.500197303149783 ], [ -76.536705062247393, 3.500194763790222 ], [ -76.536702961113733, 3.500194589316483 ], [ -76.536669936881452, 3.500192417098852 ], [ -76.536635743723977, 3.500188436511804 ], [ -76.536606318854751, 3.500185993877031 ], [ -76.536574824354105, 3.500183822534446 ], [ -76.536543959739802, 3.500181469437222 ], [ -76.536513275107779, 3.500179931014788 ], [ -76.536481240688701, 3.50017694499935 ], [ -76.536448666349528, 3.500173055702031 ], [ -76.536413213422748, 3.500169527225054 ], [ -76.53638189888386, 3.500166902871864 ], [ -76.536350674344476, 3.500165183614364 ], [ -76.53631989974572, 3.500164638896412 ], [ -76.536286155669089, 3.500164095130819 ], [ -76.536252141638428, 3.500163460044892 ], [ -76.536218757498574, 3.500162915366765 ], [ -76.536190070532783, 3.500162359759865 ], [ -76.536186003246542, 3.500162281161895 ], [ -76.536153069027662, 3.500161736474059 ], [ -76.536117975191502, 3.500161372659258 ], [ -76.536082161478944, 3.500160828016117 ], [ -76.536046886773178, 3.500160374686436 ], [ -76.536012512814963, 3.500160282114209 ], [ -76.535980208534326, 3.500162721250416 ], [ -76.535951593593083, 3.500164437874731 ], [ -76.535922078811424, 3.500166244932137 ], [ -76.535888784674952, 3.500166875693191 ], [ -76.535857109337698, 3.500166511813583 ], [ -76.535856293180942, 3.500166497359621 ], [ -76.535826424723396, 3.500165967982388 ], [ -76.535796549962356, 3.500165152879004 ], [ -76.535767215110809, 3.500164608120054 ], [ -76.535737880257869, 3.500163973844986 ], [ -76.535708455413527, 3.500162887473436 ], [ -76.535680921115102, 3.500160443875652 ], [ -76.535649336599974, 3.500156192857555 ], [ -76.53561748211672, 3.500150946325063 ], [ -76.53558787812517, 3.500144886885478 ], [ -76.535559263028475, 3.500136838202499 ], [ -76.53552956899469, 3.500127070662818 ], [ -76.535502484489754, 3.500116490210738 ], [ -76.535475219101514, 3.500104915147297 ], [ -76.535449574317482, 3.500092616702454 ], [ -76.535433647891722, 3.500084568720923 ], [ -76.535423299630665, 3.500079414072749 ], [ -76.535418839076911, 3.50007698005221 ], [ -76.535398104746093, 3.500065668909036 ], [ -76.535373089813561, 3.500050838709018 ], [ -76.535349155584584, 3.500035556394506 ], [ -76.535326120285461, 3.500019460290794 ], [ -76.535302005178565, 3.500003454622684 ], [ -76.535277710125328, 3.499988805247788 ], [ -76.535254764852183, 3.499975240884223 ], [ -76.535233349338554, 3.499963484884528 ], [ -76.535209954172544, 3.499951638495477 ], [ -76.535200463474638, 3.499947220749781 ], [ -76.535189168581397, 3.499941963035524 ], [ -76.535170902453245, 3.499926228532205 ], [ -76.535147597221354, 3.499911036622342 ], [ -76.535119162950636, 3.499899551986031 ], [ -76.535097566643358, 3.499892407375575 ], [ -76.53509204069087, 3.499890747359892 ], [ -76.5350740815704, 3.499885353212889 ], [ -76.535049965703337, 3.499877937381635 ], [ -76.535024860912202, 3.499870611984228 ], [ -76.534997505648278, 3.499865275847219 ], [ -76.534966371979152, 3.499861838574182 ], [ -76.534934876626323, 3.499861836338701 ], [ -76.534903742109961, 3.499861835000921 ], [ -76.534874317315783, 3.499863369862009 ], [ -76.534844892602308, 3.499870240371129 ], [ -76.534815736943742, 3.499877291714105 ], [ -76.534786852077048, 3.499880364598418 ], [ -76.534756976491437, 3.499883888689478 ], [ -76.534726831874721, 3.499888860398245 ], [ -76.534697226276307, 3.499894735387866 ], [ -76.534669871192065, 3.499901334602554 ], [ -76.534644944805464, 3.499909651749098 ], [ -76.534621278230318, 3.499920229361405 ], [ -76.53460067111736, 3.499930898251506 ], [ -76.534598671684762, 3.499931932679019 ], [ -76.534576914582559, 3.499943193832685 ], [ -76.53455252813788, 3.499954133131509 ], [ -76.534526072075693, 3.499966338331772 ], [ -76.534500335888779, 3.499978724359541 ], [ -76.534475589520326, 3.499990658275099 ], [ -76.534451293066738, 3.500002230505825 ], [ -76.534427086592729, 3.500013531476408 ], [ -76.534402790128667, 3.500024470770074 ], [ -76.534375434214269, 3.500036223882241 ], [ -76.534349338076225, 3.500047886555931 ], [ -76.534327381171096, 3.500056927006254 ], [ -76.534319404120211, 3.500060065579287 ], [ -76.534301644946183, 3.500067052543574 ], [ -76.534276269565126, 3.500077720591404 ], [ -76.534254762583402, 3.500087033195952 ], [ -76.534231371340567, 3.50009689105613 ], [ -76.534227946563831, 3.500098334199075 ], [ -76.534200860579304, 3.500108820526499 ], [ -76.534178543696797, 3.50011523972007 ], [ -76.534154877949845, 3.500121567608824 ], [ -76.534131751207809, 3.500127895489287 ], [ -76.534109165280753, 3.500134946716695 ], [ -76.534080729538971, 3.500145976480553 ], [ -76.534055443228581, 3.500156011585397 ], [ -76.534033396282268, 3.5001614352541 ], [ -76.534007390840088, 3.500160439200753 ], [ -76.533983545020845, 3.500159623954985 ], [ -76.533960869830295, 3.500154197302576 ], [ -76.533942422973482, 3.500147143945019 ], [ -76.533922537219965, 3.500136563346453 ], [ -76.533908770348688, 3.500122999725419 ], [ -76.533899682596086, 3.500105276745979 ], [ -76.533893565156191, 3.500082943239429 ], [ -76.533888257611153, 3.500063230979958 ], [ -76.533877730088562, 3.500043790956052 ], [ -76.533867383449888, 3.50002543505813 ], [ -76.533855146277432, 3.500009430091022 ], [ -76.533841379388605, 3.499994418854378 ], [ -76.533826082801255, 3.499981669028154 ], [ -76.533809076568602, 3.499972716840437 ], [ -76.533788200108603, 3.499963130866301 ], [ -76.533764085201412, 3.49995942219789 ], [ -76.533738618837148, 3.499963218358025 ], [ -76.533729433295619, 3.499966200517301 ], [ -76.533709374117166, 3.499972710992144 ], [ -76.533682822572061, 3.499978572344957 ], [ -76.533681118277258, 3.499978948513214 ], [ -76.533651512663226, 3.499984371373226 ], [ -76.533620288189951, 3.499986630479679 ], [ -76.533596262387121, 3.499984368516222 ], [ -76.533571607558912, 3.499979484398099 ], [ -76.533547671706927, 3.499974781108312 ], [ -76.53352517560424, 3.499970258637079 ], [ -76.533494221869404, 3.499964199150658 ], [ -76.533465066920769, 3.499958319573405 ], [ -76.533436181923761, 3.499952350476391 ], [ -76.533415036383346, 3.499940413593235 ], [ -76.533394700700882, 3.499928477602861 ], [ -76.533374275008981, 3.499914641901617 ], [ -76.533355469020222, 3.49989990288829 ], [ -76.533333244426302, 3.499877206108942 ], [ -76.533322537799833, 3.499854148400994 ], [ -76.533319749742262, 3.499828378908719 ], [ -76.533323763575964, 3.499801836239183 ], [ -76.533324070394443, 3.499799806319474 ], [ -76.533329514135659, 3.499777677001738 ], [ -76.533329830862399, 3.4997763876168 ], [ -76.53333523137637, 3.499751703951491 ], [ -76.533339372092541, 3.499725572688464 ], [ -76.533341624009608, 3.499697090546366 ], [ -76.53334234533196, 3.499671230587533 ], [ -76.533342796688402, 3.499644376018904 ], [ -76.533343248069357, 3.499619329838325 ], [ -76.533343699429437, 3.499592746527902 ], [ -76.533344150842183, 3.499570051251789 ], [ -76.53334460222797, 3.49954536674882 ], [ -76.533345142718815, 3.499522219374495 ], [ -76.533345414135098, 3.499497444454545 ], [ -76.533345865518356, 3.49947257911277 ], [ -76.533345866353898, 3.499467834806706 ], [ -76.533345866993301, 3.499448617971075 ], [ -76.533341099325128, 3.499425741022192 ], [ -76.533330752644957, 3.499403044987103 ], [ -76.533295570967638, 3.499359280660173 ], [ -76.533220165742833, 3.499333505808965 ], [ -76.533148794659283, 3.499318972742638 ], [ -76.533046048737916, 3.499298051048847 ], [ -76.533015364158246, 3.499297868804448 ], [ -76.532984948637008, 3.499298138652553 ], [ -76.532956873596177, 3.499297955467937 ], [ -76.532926099101175, 3.499303017547176 ], [ -76.532896493494576, 3.49930771793263 ], [ -76.532863919315758, 3.499312688709626 ], [ -76.532839083730337, 3.499314676449424 ], [ -76.532805788741953, 3.499316844232263 ], [ -76.532781403061563, 3.499317656512521 ], [ -76.532754047886002, 3.499316931700427 ], [ -76.532721563591153, 3.499314217726365 ], [ -76.532690159982266, 3.499309694445149 ], [ -76.532658845446349, 3.499304267871929 ], [ -76.532626541096121, 3.499299654180678 ], [ -76.532600536543256, 3.499295855087322 ], [ -76.532574711043992, 3.499290880538757 ], [ -76.532550055332493, 3.499285453877714 ], [ -76.532525760439157, 3.499278580501045 ], [ -76.532501284655254, 3.499269898737978 ], [ -76.53247213054054, 3.499256605643423 ], [ -76.532449995205198, 3.499244849589998 ], [ -76.532434339522439, 3.499224956613054 ], [ -76.532420212662032, 3.499204429776756 ], [ -76.532405726773675, 3.499184536784738 ], [ -76.532388721246562, 3.499157862368683 ], [ -76.532376574924214, 3.499136251378436 ], [ -76.532364878516049, 3.499114097866031 ], [ -76.532353631121083, 3.499091311412089 ], [ -76.532340405810046, 3.499063190237793 ], [ -76.532330508178489, 3.49904049418624 ], [ -76.53231782275077, 3.499010564616889 ], [ -76.532305046459072, 3.498982172178335 ], [ -76.53228714108657, 3.498954592673366 ], [ -76.532283357184667, 3.498948799548946 ], [ -76.532281233520351, 3.498945548093435 ], [ -76.532269955603326, 3.498928279935016 ], [ -76.5322537600006, 3.498906396830702 ], [ -76.532237833474483, 3.498886413434451 ], [ -76.532222087827037, 3.498867243810336 ], [ -76.532206431263333, 3.498847983765465 ], [ -76.532187896051369, 3.498823930623046 ], [ -76.53216387187112, 3.498804579356257 ], [ -76.53213948688466, 3.498787578997724 ], [ -76.532115101922358, 3.498772477446018 ], [ -76.532106913320916, 3.498768136510063 ], [ -76.532091256896038, 3.498759907630403 ], [ -76.532063632537145, 3.498747066601754 ], [ -76.53203555743373, 3.498740374097119 ], [ -76.532008022319431, 3.498740642974947 ], [ -76.531985256391238, 3.498743535765697 ], [ -76.531959160213461, 3.498751400758811 ], [ -76.531930905241722, 3.498752935514678 ], [ -76.531902470300707, 3.498754380756644 ], [ -76.531874395321822, 3.498757996059134 ], [ -76.531843979882524, 3.49876369013066 ], [ -76.531815185046938, 3.498768661730986 ], [ -76.531794937016457, 3.498783761106684 ], [ -76.531782315024287, 3.498789672876404 ], [ -76.53177100049291, 3.498794971586981 ], [ -76.531748594528892, 3.498800395206887 ], [ -76.531725107857241, 3.498805909258368 ], [ -76.531698652577305, 3.498808529923198 ], [ -76.531676247383501, 3.498803012793681 ], [ -76.531653661258233, 3.498792070501596 ], [ -76.531631525945087, 3.498780405752694 ], [ -76.531610020527182, 3.498769282608171 ], [ -76.531590134803565, 3.498756531895111 ], [ -76.531568753523274, 3.49874186159505 ], [ -76.53156404012131, 3.498738627347628 ], [ -76.531545594139459, 3.498725515843543 ], [ -76.53152687908586, 3.498710685469363 ], [ -76.531508523052395, 3.49869440928443 ], [ -76.531487377505982, 3.498677408871818 ], [ -76.531467401762214, 3.498661222219928 ], [ -76.5314460771543, 3.498644674809658 ], [ -76.53142052235502, 3.498624418443385 ], [ -76.531401536457622, 3.498609950651637 ], [ -76.531382370596887, 3.498595843634974 ], [ -76.531362574855777, 3.498582370465099 ], [ -76.531354613011558, 3.498577360416502 ], [ -76.531341879280106, 3.498569348497842 ], [ -76.531320103897713, 3.498556416961769 ], [ -76.531296168899317, 3.498543485449602 ], [ -76.531274123566092, 3.498530554819719 ], [ -76.531248929643326, 3.498513282285044 ], [ -76.531235308641712, 3.498502664487757 ], [ -76.531224454673392, 3.498494203161968 ], [ -76.531201869375991, 3.498475756048719 ], [ -76.53117973489735, 3.49845712809109 ], [ -76.531160119081321, 3.498439313879467 ], [ -76.531138884428302, 3.498419240104599 ], [ -76.531118458734454, 3.498399346254876 ], [ -76.531097853992478, 3.49838117037535 ], [ -76.531085239907782, 3.498369856335342 ], [ -76.531076078544245, 3.498361638217296 ], [ -76.531055923718924, 3.49834301113906 ], [ -76.531038377568834, 3.498327819064731 ], [ -76.531019121708212, 3.498311271622057 ], [ -76.530998966015275, 3.498295356220503 ], [ -76.53097566176784, 3.498278084562009 ], [ -76.530955506069361, 3.49826153712791 ], [ -76.530937689976398, 3.498246887571089 ], [ -76.530918434990241, 3.498227717059497 ], [ -76.530895579743344, 3.498208366652078 ], [ -76.530872185469534, 3.498186845280104 ], [ -76.530850949933424, 3.498167222691627 ], [ -76.530830435148275, 3.498145610868027 ], [ -76.530812079096592, 3.498125537054729 ], [ -76.530795073686662, 3.498103744353685 ], [ -76.530786596156517, 3.498090912123369 ], [ -76.530780497842073, 3.498081681272188 ], [ -76.530768981450535, 3.498059346899388 ], [ -76.530757734971417, 3.498033305328049 ], [ -76.530748738073754, 3.498005545763804 ], [ -76.530742080803762, 3.497981855951711 ], [ -76.530733983760399, 3.497955362249318 ], [ -76.530727596411879, 3.497928779013351 ], [ -76.530723008779987, 3.497905630791193 ], [ -76.530719590913577, 3.497880042136831 ], [ -76.530717702763965, 3.497853458852673 ], [ -76.530717614303342, 3.497827779743298 ], [ -76.530717885721131, 3.497796764981131 ], [ -76.530719867762045, 3.497768374171734 ], [ -76.530726708030414, 3.497739439889746 ], [ -76.530734222284607, 3.497711108697906 ], [ -76.530734718076005, 3.49770924062774 ], [ -76.530741292056732, 3.497686400616231 ], [ -76.530743358910485, 3.497679221293517 ], [ -76.530750559099573, 3.497649022040058 ], [ -76.530755960503456, 3.497618279385242 ], [ -76.530759111432204, 3.497589706820218 ], [ -76.530756773351683, 3.497562128927541 ], [ -76.530750054071675, 3.497545471033105 ], [ -76.530747326585768, 3.497538709499433 ], [ -76.530730591146536, 3.497517550634351 ], [ -76.530715384578741, 3.497500460625747 ], [ -76.53069648866088, 3.497482465558051 ], [ -76.530675614018591, 3.497466459737903 ], [ -76.53065311878207, 3.497451901549152 ], [ -76.530631793357443, 3.497439241250726 ], [ -76.530612446764508, 3.497434537838308 ], [ -76.530593010200363, 3.497431010782874 ], [ -76.530573123724409, 3.497428206182811 ], [ -76.53055134846602, 3.497423502794743 ], [ -76.530546923044923, 3.497422370790353 ], [ -76.530531192013783, 3.497418348196368 ], [ -76.530520920316562, 3.497415225217954 ], [ -76.5305097757726, 3.497411836415528 ], [ -76.530478282929394, 3.497385974083118 ], [ -76.5304424709188, 3.497365718701753 ], [ -76.530412147890573, 3.497341845581837 ], [ -76.530389833324435, 3.49730766547043 ], [ -76.530382012627427, 3.497288867357529 ], [ -76.530374898322066, 3.497271768217838 ], [ -76.530374022752625, 3.497269262705238 ], [ -76.530361942954443, 3.497234695492355 ], [ -76.53034880689178, 3.497214169519222 ], [ -76.530345463836923, 3.497199405873614 ], [ -76.530343793659341, 3.497192030380149 ], [ -76.530343319422499, 3.497189936271671 ], [ -76.530334501703891, 3.497170947383704 ], [ -76.53032235550107, 3.497153857337317 ], [ -76.530308498725446, 3.497138756535184 ], [ -76.530290862612915, 3.497122299480527 ], [ -76.530274414305794, 3.497107540489778 ], [ -76.530273226507504, 3.497106474457167 ], [ -76.53025361080266, 3.497095080908597 ], [ -76.530228506073797, 3.497082963156086 ], [ -76.53017948265645, 3.497063716075501 ], [ -76.530178514425998, 3.497063336323813 ], [ -76.530171211304747, 3.497060469198468 ], [ -76.53016038900067, 3.497066140412817 ], [ -76.530131413393548, 3.497076356289273 ], [ -76.530102528640271, 3.497083678743051 ], [ -76.530080751712859, 3.497090910705347 ], [ -76.53006324094234, 3.497100237642035 ], [ -76.530059874663124, 3.497102030692454 ], [ -76.530039897457257, 3.497113694090734 ], [ -76.530012991531166, 3.497129335107076 ], [ -76.529987794400085, 3.497145156944505 ], [ -76.529963947948929, 3.497163239252961 ], [ -76.529941630340318, 3.497183039514371 ], [ -76.529926692284221, 3.49720021844405 ], [ -76.529911483408284, 3.497220652474653 ], [ -76.529898525023697, 3.497240543966478 ], [ -76.529886375600995, 3.497261158805405 ], [ -76.529870986819603, 3.497288103034107 ], [ -76.529856947779933, 3.497313419700107 ], [ -76.52984362860991, 3.497338645939463 ], [ -76.529831929141608, 3.497363058388204 ], [ -76.529830107033661, 3.497369809118578 ], [ -76.529825643094014, 3.497386345062459 ], [ -76.529824728890674, 3.497389731278 ], [ -76.529822529754327, 3.497396922354527 ], [ -76.52981647852998, 3.497416708891361 ], [ -76.529815908050239, 3.497418575153386 ], [ -76.529815007341, 3.497421614158281 ], [ -76.529808617794117, 3.497443168397679 ], [ -76.529801777462566, 3.497468305058149 ], [ -76.529794487205692, 3.497492898302332 ], [ -76.529794262251784, 3.497493501401934 ], [ -76.52978602713884, 3.497515593654562 ], [ -76.529776578141139, 3.497537564756895 ], [ -76.529765118833794, 3.497552546458798 ], [ -76.529762575020484, 3.497555872109067 ], [ -76.529762539027359, 3.497555919127505 ], [ -76.529749309793104, 3.497576805233345 ], [ -76.529737251244839, 3.497597239230682 ], [ -76.529721142539231, 3.497619752913185 ], [ -76.529707733307248, 3.497637745599301 ], [ -76.529700011937791, 3.497653481362238 ], [ -76.529674375117693, 3.497705725035118 ], [ -76.529669665450598, 3.497715323099868 ], [ -76.529634389409082, 3.497753296873936 ], [ -76.529597854303958, 3.497771920906528 ], [ -76.529550252882046, 3.497781230939841 ], [ -76.529513088615673, 3.497781862418216 ], [ -76.529472866665486, 3.497779417855752 ], [ -76.529375503901974, 3.4977658495244 ], [ -76.529352108897811, 3.497757619767166 ], [ -76.529329793705642, 3.497749842096403 ], [ -76.529307927531235, 3.497741793162774 ], [ -76.529286872095852, 3.497731935833145 ], [ -76.529260597581143, 3.497720903098624 ], [ -76.529237381636349, 3.497711497884692 ], [ -76.529222170697139, 3.497705729265614 ], [ -76.52921353670753, 3.497702454353533 ], [ -76.529187532168649, 3.497693862938401 ], [ -76.529166619847757, 3.497688138675696 ], [ -76.529141281205909, 3.497681201928331 ], [ -76.529123013573766, 3.497682104478787 ], [ -76.529104116951373, 3.497682736680535 ], [ -76.529084590436455, 3.497682825466949 ], [ -76.529064074101413, 3.497683276843626 ], [ -76.529043107847443, 3.497683817739087 ], [ -76.529027540627638, 3.497684088231967 ], [ -76.52901179343425, 3.497683724886182 ], [ -76.52899127709108, 3.497683272067262 ], [ -76.528971570601797, 3.497682637497729 ], [ -76.528952763952788, 3.497682094243437 ], [ -76.528936026932087, 3.497681278808126 ], [ -76.528912451943555, 3.49767051729838 ], [ -76.528886087451795, 3.497659574973693 ], [ -76.528858732234283, 3.497648270979318 ], [ -76.528832367742183, 3.497637147814335 ], [ -76.528807622959221, 3.497625753376354 ], [ -76.528775860217849, 3.497601518539086 ], [ -76.528745627239488, 3.497581263045483 ], [ -76.528709904349768, 3.497561820468455 ], [ -76.528683763905235, 3.497548769555763 ], [ -76.528681830142261, 3.497547803893077 ], [ -76.528651776289905, 3.497533876848939 ], [ -76.528613949657, 3.497523496118739 ], [ -76.528574661682541, 3.497512713937213 ], [ -76.528495296615631, 3.49749571033054 ], [ -76.528397664022506, 3.497491635034279 ], [ -76.528380869420573, 3.497491378381568 ], [ -76.528380744342897, 3.49749137657421 ], [ -76.528364602124526, 3.49749113076617 ], [ -76.528364603024002, 3.497491086460655 ], [ -76.528364576928666, 3.497491087365064 ], [ -76.528266675304607, 3.497489456998191 ], [ -76.528252263501031, 3.497492139858653 ], [ -76.528227939119787, 3.497501180187139 ], [ -76.528214441567528, 3.497505700361907 ], [ -76.52817668974059, 3.497509371693039 ], [ -76.528170362977505, 3.497510218973537 ], [ -76.528165863781155, 3.49751021810537 ], [ -76.528153279594875, 3.497518412012283 ], [ -76.528116370182417, 3.497542780335523 ], [ -76.528076789167045, 3.497569903757665 ], [ -76.528070462447317, 3.497576261195888 ], [ -76.528065962394066, 3.497581699958511 ], [ -76.528030878987423, 3.497635949163959 ], [ -76.52802637982623, 3.497640470169452 ], [ -76.528021880657747, 3.497644072513795 ], [ -76.528016467245109, 3.49764675620416 ], [ -76.528010209783673, 3.497649511332443 ], [ -76.528003883019508, 3.497650358611833 ], [ -76.527992213009497, 3.497651275555933 ], [ -76.527988299623615, 3.497653267525973 ], [ -76.527986799597329, 3.497654030677457 ], [ -76.527964302818674, 3.497667591955031 ], [ -76.52792380929975, 3.497687439328586 ], [ -76.52791122507324, 3.497691040830836 ], [ -76.52789772748875, 3.497691958692107 ], [ -76.527809500917229, 3.497690187149076 ], [ -76.52776809474976, 3.497682908702195 ], [ -76.527760923915821, 3.497681141961442 ], [ -76.527751925493504, 3.497677468289272 ], [ -76.527746512931913, 3.497673865117035 ], [ -76.52773210191441, 3.497662137829415 ], [ -76.527691611546203, 3.4976232125814 ], [ -76.527672772345582, 3.497601524724725 ], [ -76.527654777236009, 3.497585276492629 ], [ -76.527649363781833, 3.497582520549647 ], [ -76.527643951228072, 3.497579836037955 ], [ -76.527638537794616, 3.497579836078299 ], [ -76.527628625191468, 3.497583437556899 ], [ -76.527527883038459, 3.497618681071552 ], [ -76.527522469611554, 3.497619598868171 ], [ -76.527509886264511, 3.497620516717231 ], [ -76.527498146060168, 3.497620515898837 ], [ -76.527491889470241, 3.497619596379179 ], [ -76.527480149239508, 3.497615993251566 ], [ -76.527389323697577, 3.497580737575285 ], [ -76.527366828574756, 3.497575297201253 ], [ -76.527358673324272, 3.497574378598511 ], [ -76.527334419954769, 3.497574376963353 ], [ -76.527326335804801, 3.497575294777892 ], [ -76.527271430391608, 3.497587017138643 ], [ -76.527263346241469, 3.497587934952646 ], [ -76.527199443257047, 3.497588849541485 ], [ -76.527193115586755, 3.497588848681486 ], [ -76.52717153299696, 3.497596971206837 ], [ -76.527165206239317, 3.497598807668904 ], [ -76.527158949662692, 3.497599725469312 ], [ -76.527144537847889, 3.497601490556031 ], [ -76.527139124433504, 3.49760424476853 ], [ -76.527134625261809, 3.497607847108669 ], [ -76.527130125196621, 3.497612368109923 ], [ -76.527127453604976, 3.497616889098519 ], [ -76.527123867782905, 3.49762232785036 ], [ -76.527098628363362, 3.497647615618685 ], [ -76.527083372617454, 3.497666616456794 ], [ -76.527060874963141, 3.497685617344232 ], [ -76.527056375790735, 3.497689219684 ], [ -76.527050962368804, 3.497690985611928 ], [ -76.527044635604, 3.497691903412063 ], [ -76.527038379001922, 3.49768921890268 ], [ -76.527008641983301, 3.497685614083383 ], [ -76.52699338697451, 3.497681092312471 ], [ -76.526954654028501, 3.497643084778076 ], [ -76.526932160560008, 3.497615958204233 ], [ -76.526926747971402, 3.497607834057199 ], [ -76.526916907187825, 3.49758699425919 ], [ -76.526866507536766, 3.497504765381983 ], [ -76.526861094930979, 3.497493887059573 ], [ -76.526858423271946, 3.497488447446029 ], [ -76.526826932209673, 3.497445071658464 ], [ -76.526815192817494, 3.497431507921245 ], [ -76.526790940232161, 3.497413422391697 ], [ -76.526774702521195, 3.497396256374466 ], [ -76.526745950717753, 3.497374497132862 ], [ -76.526741452392287, 3.497369976192009 ], [ -76.526721628788579, 3.497347369661742 ], [ -76.526718043800059, 3.497342848714856 ], [ -76.526703632806374, 3.497332039168568 ], [ -76.526700047817997, 3.497327518221614 ], [ -76.526695549492985, 3.497322997280544 ], [ -76.526682966913768, 3.497303075254747 ], [ -76.526678467689123, 3.497298554313603 ], [ -76.526674812513548, 3.497294033367005 ], [ -76.526650559934438, 3.497275947833872 ], [ -76.526634322228389, 3.497258780910049 ], [ -76.526629823010083, 3.497255177725609 ], [ -76.526624480648081, 3.497252422680525 ], [ -76.526619067193394, 3.497248819501869 ], [ -76.526557837503603, 3.497226210518729 ], [ -76.526541669139178, 3.4972171677762 ], [ -76.526536255696627, 3.497215401015138 ], [ -76.526509261386735, 3.497209041987952 ], [ -76.526458857670448, 3.497187351591718 ], [ -76.526434605120642, 3.497172869266262 ], [ -76.526427364094232, 3.49716926609781 ], [ -76.526377874640488, 3.497151178904823 ], [ -76.526371618038254, 3.497147575729918 ], [ -76.526341038684492, 3.497126735148362 ], [ -76.526335625237209, 3.497124049725026 ], [ -76.526324800153233, 3.49712044657757 ], [ -76.526319386711208, 3.497118610192332 ], [ -76.526305889127755, 3.497118608465657 ], [ -76.526284306508089, 3.497121291339592 ], [ -76.526267223971971, 3.497122209199282 ], [ -76.52625555396682, 3.497123126122044 ], [ -76.526237557215964, 3.497127646295675 ], [ -76.526229401997597, 3.497131248653365 ], [ -76.5262006477478, 3.497148412235475 ], [ -76.526189821812636, 3.49715293236561 ], [ -76.526184408403523, 3.497156605233798 ], [ -76.526160153352336, 3.497174687449171 ], [ -76.526153825711617, 3.497179208456568 ], [ -76.52613674232245, 3.497188248688845 ], [ -76.526110659701558, 3.497207179047674 ], [ -76.526076422738996, 3.497226179076101 ], [ -76.526071079511098, 3.497228933282106 ], [ -76.526063838516947, 3.497230699215005 ], [ -76.526019759945413, 3.497237971901832 ], [ -76.525997263996175, 3.497242491192556 ], [ -76.525980180588547, 3.497248777247018 ], [ -76.52597385292583, 3.497249695040025 ], [ -76.525963097155255, 3.497250612858178 ], [ -76.525956770381839, 3.497249694233 ], [ -76.525948686217575, 3.497247856956619 ], [ -76.525941445192458, 3.497244253784463 ], [ -76.5259361028277, 3.497240650601511 ], [ -76.525910866724885, 3.497219880502995 ], [ -76.525907280845701, 3.497216207687049 ], [ -76.525832628803485, 3.497126701033436 ], [ -76.525828972737926, 3.497123097840524 ], [ -76.525823630374276, 3.497119495561134 ], [ -76.525818217827975, 3.497116739607711 ], [ -76.525810133665516, 3.497114973761478 ], [ -76.525803805998407, 3.497114972892223 ], [ -76.525790308429876, 3.497117656614477 ], [ -76.525783981662613, 3.497117655745084 ], [ -76.525758814073569, 3.497118572735848 ], [ -76.525729147295039, 3.497120407507366 ], [ -76.525607666493727, 3.497148373073225 ], [ -76.525555432749172, 3.497168290031037 ], [ -76.525524850908226, 3.497184534941165 ], [ -76.525519437496342, 3.497188207805562 ], [ -76.525514024079229, 3.49719089238586 ], [ -76.525481684842106, 3.497205371412826 ], [ -76.525458274663819, 3.497211656586451 ], [ -76.525451947900677, 3.497212574375976 ], [ -76.525440277907478, 3.497216175840782 ], [ -76.525407868480912, 3.497230655769791 ], [ -76.525372788294447, 3.49723792928484 ], [ -76.525344878933495, 3.497246968653446 ], [ -76.525317882926799, 3.497259612134045 ], [ -76.525289972655656, 3.497266815082978 ], [ -76.5252837160794, 3.497267732871034 ], [ -76.525271975879463, 3.497267732025124 ], [ -76.525240481486136, 3.497262290741116 ], [ -76.525225226514991, 3.497262289911933 ], [ -76.525190990361452, 3.49726680833693 ], [ -76.52518939404699, 3.497266808344707 ], [ -76.525184733780605, 3.497266808367398 ], [ -76.525179320344463, 3.497265889732597 ], [ -76.525161323550634, 3.497263204363648 ], [ -76.525105847570345, 3.497262380005683 ], [ -76.525099249050257, 3.497262281480074 ], [ -76.525056928690717, 3.497255992107632 ], [ -76.525050601913776, 3.49725415481529 ], [ -76.525045259560741, 3.497252317518259 ], [ -76.525012851781668, 3.49723606839983 ], [ -76.524984944073026, 3.497214379628097 ], [ -76.524964276512179, 3.497201733666465 ], [ -76.524922872091807, 3.497173686662974 ], [ -76.524905790370042, 3.497156519713474 ], [ -76.524896791947299, 3.497149243705257 ], [ -76.524877882678481, 3.497137515490655 ], [ -76.524870641654104, 3.4971329945534 ], [ -76.524864385945023, 3.497126636289368 ], [ -76.524849061602183, 3.497107632912821 ], [ -76.52484547662354, 3.497103111958867 ], [ -76.524826566444332, 3.497088700095381 ], [ -76.524822981469697, 3.497085026371144 ], [ -76.524818483151009, 3.497079657287189 ], [ -76.524814656110877, 3.497074007900059 ], [ -76.52480856416139, 3.497065016621924 ], [ -76.524804984578964, 3.497059790396454 ], [ -76.524801399600719, 3.497055268538139 ], [ -76.52478340365117, 3.497039020251647 ], [ -76.524778905340497, 3.497035346531303 ], [ -76.524759082658647, 3.497005535342078 ], [ -76.524754583440554, 3.497000095730689 ], [ -76.524738415961167, 3.496982928774144 ], [ -76.52469609898607, 3.496924153635023 ], [ -76.52468084483732, 3.496905150255456 ], [ -76.5246619363934, 3.496874420399111 ], [ -76.524643027085986, 3.496851813821515 ], [ -76.52463944210534, 3.496846374205654 ], [ -76.524625032849087, 3.496813807911185 ], [ -76.524607038637242, 3.496781312158904 ], [ -76.524591714293436, 3.49675955369901 ], [ -76.524579132647062, 3.496735182106541 ], [ -76.524573720087375, 3.496727906080093 ], [ -76.52456837771939, 3.496721618337387 ], [ -76.524547639956793, 3.496701696317665 ], [ -76.524536885026066, 3.496687214791218 ], [ -76.524532386714469, 3.49668269293571 ], [ -76.524526973267186, 3.496678171988195 ], [ -76.524521560723628, 3.49667456879758 ], [ -76.524515233951917, 3.496672802028805 ], [ -76.524497237152161, 3.496665525150014 ], [ -76.524490981463984, 3.496662840623848 ], [ -76.524476570517308, 3.496654715595831 ], [ -76.52447207130983, 3.496651041874037 ], [ -76.524451403771977, 3.496639314562374 ], [ -76.524433407851163, 3.496626668578248 ], [ -76.524427081068666, 3.496622147633885 ], [ -76.524420754297211, 3.496620310337347 ], [ -76.524407256706198, 3.496616706274695 ], [ -76.524401000125948, 3.49661578763887 ], [ -76.52438391759344, 3.496615786803559 ], [ -76.524365919939768, 3.496619388280602 ], [ -76.524360507419047, 3.496621224720326 ], [ -76.524355094001891, 3.496623908389823 ], [ -76.524350593928062, 3.496628429377908 ], [ -76.524327182936432, 3.496654705349365 ], [ -76.524312770270498, 3.496666430994502 ], [ -76.524304685254094, 3.496674554305514 ], [ -76.524282187599454, 3.496701678406257 ], [ -76.524268689171763, 3.49671432180408 ], [ -76.524265103329711, 3.496717995558391 ], [ -76.524260604158172, 3.496723363775846 ], [ -76.524246190640142, 3.49674780419636 ], [ -76.524239018962163, 3.496756845260207 ], [ -76.524212936332873, 3.496780367064184 ], [ -76.524206609581753, 3.496783969397475 ], [ -76.524199438768122, 3.496783968520766 ], [ -76.524193111992759, 3.496781283992909 ], [ -76.524167031026451, 3.496769485264408 ], [ -76.524159790897897, 3.49676227976967 ], [ -76.524140950926622, 3.496748715122069 ], [ -76.524133710801635, 3.496742356856933 ], [ -76.524118456687646, 3.49672879309959 ], [ -76.524109459137733, 3.496711627009662 ], [ -76.524109459137534, 3.496711573662215 ], [ -76.524108550263421, 3.496701666411674 ], [ -76.524104961676997, 3.496693542241748 ], [ -76.524104266091555, 3.49669080163225 ], [ -76.524105809240126, 3.496670970843132 ], [ -76.524105694052494, 3.496668757376588 ], [ -76.524105804727284, 3.496667335078973 ], [ -76.524105806526777, 3.496667281731519 ], [ -76.524105084803807, 3.496653291140057 ], [ -76.524108555329818, 3.496613116882368 ], [ -76.524122970546713, 3.496561549738984 ], [ -76.524127188927366, 3.496545232637781 ], [ -76.524129791227296, 3.496536614754755 ], [ -76.524132814652077, 3.496528137924408 ], [ -76.524136330288897, 3.496519802146467 ], [ -76.524140267050782, 3.496511678852523 ], [ -76.524144696924793, 3.496503768042299 ], [ -76.524149477736742, 3.496496139339265 ], [ -76.524154610386219, 3.496488722216277 ], [ -76.524160234348372, 3.496481588104132 ], [ -76.524166139961181, 3.496474806626554 ], [ -76.524172397412016, 3.496468378687466 ], [ -76.524180552621687, 3.49646195074111 ], [ -76.524187442661074, 3.496456159352108 ], [ -76.524194121237315, 3.496450084046939 ], [ -76.524200589250498, 3.496443798065323 ], [ -76.524206776512969, 3.49643722907201 ], [ -76.524212822500203, 3.496430518120737 ], [ -76.524218517549613, 3.496423595589375 ], [ -76.52422407132326, 3.496416390949987 ], [ -76.524229274159353, 3.49640904435346 ], [ -76.524234266432686, 3.496401557607645 ], [ -76.524238977055731, 3.496393857473104 ], [ -76.524243406028532, 3.496385946662422 ], [ -76.524247624438857, 3.496377964421209 ], [ -76.524251491911386, 3.496369770599939 ], [ -76.52425507773421, 3.496361505348419 ], [ -76.524258381907075, 3.49635309994791 ], [ -76.524261335142455, 3.496344552590292 ], [ -76.524264007628005, 3.496335934706625 ], [ -76.524266398463865, 3.496327245392721 ], [ -76.524268507649808, 3.496318415929837 ], [ -76.524270265898849, 3.496309585564125 ], [ -76.52427167231059, 3.496300615049708 ], [ -76.524272797972813, 3.496291643632193 ], [ -76.524272499221425, 3.496290335264605 ], [ -76.524272791659641, 3.496287999730295 ], [ -76.524271459876232, 3.496282144174988 ], [ -76.52424805309704, 3.496233330447452 ], [ -76.52424264141095, 3.496217930235797 ], [ -76.524242637811398, 3.496217878696751 ], [ -76.524239977837524, 3.496204366431539 ], [ -76.524239968838941, 3.496204314892514 ], [ -76.524235479431269, 3.496174556076125 ], [ -76.524235465033655, 3.496174507249703 ], [ -76.524229148093752, 3.496154635802016 ], [ -76.524226477350226, 3.496148348047071 ], [ -76.524223735526405, 3.496143827087517 ], [ -76.524220150554427, 3.496139306131202 ], [ -76.52421473801158, 3.49613478427771 ], [ -76.52420756718189, 3.496129344674 ], [ -76.524186830346821, 3.496111259968655 ], [ -76.524163492932729, 3.496080529215082 ], [ -76.524150840249902, 3.496064210369199 ], [ -76.524095093398202, 3.496038917558702 ], [ -76.524067185772807, 3.49602443428219 ], [ -76.524055515755563, 3.496018993789729 ], [ -76.524042019057731, 3.496010869655952 ], [ -76.523990702097265, 3.495981055852962 ], [ -76.523927716027288, 3.495946649687161 ], [ -76.523917803391953, 3.495940361956979 ], [ -76.523886310808876, 3.495923123608615 ], [ -76.523880897375491, 3.495920439075483 ], [ -76.523875555035517, 3.495919520433002 ], [ -76.523822409621118, 3.495891472518229 ], [ -76.52353271707716, 3.495705243858484 ], [ -76.523502137807554, 3.495676279906405 ], [ -76.523472403459351, 3.495638273106308 ], [ -76.523444496705608, 3.495607542349057 ], [ -76.523440911739414, 3.495603021389802 ], [ -76.523439154340295, 3.49559758176387 ], [ -76.523436413421678, 3.495593060802041 ], [ -76.523413004965988, 3.495565085109438 ], [ -76.523330271716745, 3.495429449920974 ], [ -76.523312277570341, 3.495395047198966 ], [ -76.523280785841109, 3.495351671293833 ], [ -76.523252879096844, 3.495319104112886 ], [ -76.52324655231331, 3.495309143529404 ], [ -76.523205221677088, 3.495232284440566 ], [ -76.523191725865018, 3.495212432898196 ], [ -76.523165576484786, 3.495170823769565 ], [ -76.523161991521562, 3.495166302809257 ], [ -76.523157493223806, 3.495161781851431 ], [ -76.523116089775598, 3.495107526705354 ], [ -76.523108919845214, 3.495096647462091 ], [ -76.52310533577517, 3.495089441949506 ], [ -76.523103508186722, 3.495082165905075 ], [ -76.52309275329435, 3.495066836228281 ], [ -76.523087340755694, 3.495059560193363 ], [ -76.523079256596574, 3.495050517370372 ], [ -76.523076515683712, 3.495046915068634 ], [ -76.523067517292944, 3.495038790004897 ], [ -76.523032439765174, 3.495006222836361 ], [ -76.523013530553115, 3.494990892275645 ], [ -76.522973039612921, 3.494959242875803 ], [ -76.522952372130547, 3.494947444100194 ], [ -76.522928963748242, 3.494936634519234 ], [ -76.522902882837485, 3.494920314785893 ], [ -76.522880494712439, 3.49484476219643 ], [ -76.522850591993617, 3.494743851503131 ], [ -76.522359778269504, 3.494464292945753 ], [ -76.521816653889744, 3.494279388852606 ], [ -76.520127035317245, 3.493750523782815 ], [ -76.518605360155206, 3.493279805690213 ], [ -76.517887052870421, 3.493070727154006 ], [ -76.517570890757852, 3.492967231258477 ], [ -76.517525298868875, 3.4929523064872 ], [ -76.517040242543686, 3.492793470473013 ], [ -76.516470335609753, 3.492626786349381 ], [ -76.515901836329732, 3.492437425608737 ], [ -76.515328626614235, 3.492253646091593 ], [ -76.514657984196603, 3.492036233226845 ], [ -76.514552115339086, 3.492001893082109 ], [ -76.514186987787184, 3.491883471122472 ], [ -76.513517329250718, 3.491687815079753 ], [ -76.51344878913136, 3.491659200444757 ], [ -76.513045649405313, 3.491525026700976 ], [ -76.513012942341717, 3.491514140849694 ], [ -76.512933997412418, 3.491493294929854 ], [ -76.512733226093061, 3.491440227957144 ], [ -76.512325563325248, 3.491280154136765 ], [ -76.512295976006939, 3.491268536794877 ], [ -76.512048389639702, 3.491160578362101 ], [ -76.51184298301682, 3.491051492722996 ], [ -76.511406862120751, 3.490832472029714 ], [ -76.511171086334329, 3.49071850963369 ], [ -76.511014177937952, 3.490634524719789 ], [ -76.510976787391797, 3.490614510912609 ], [ -76.510902764913283, 3.490569577144767 ], [ -76.510794091564193, 3.490536570238802 ], [ -76.51005685308165, 3.490312650474532 ], [ -76.510056651519875, 3.490312588987109 ], [ -76.509420636048333, 3.490119413344304 ], [ -76.509401333844238, 3.490187434730016 ], [ -76.509231891867643, 3.490784563362359 ], [ -76.509009928635791, 3.491566780748308 ], [ -76.508892820244526, 3.491530031967295 ], [ -76.508483219444102, 3.491401498378307 ], [ -76.50848228812022, 3.491401206311792 ], [ -76.507810844239827, 3.491190505859554 ], [ -76.507705817013345, 3.491491157094905 ], [ -76.507479897655045, 3.49213787245731 ], [ -76.507001356077623, 3.492003894029146 ], [ -76.506845586811423, 3.492430901941827 ], [ -76.506649218816605, 3.492969202860942 ], [ -76.50738259157238, 3.49322162993321 ], [ -76.507931591989276, 3.493410594955956 ], [ -76.507932530514225, 3.493410844525988 ], [ -76.508134739911569, 3.493464499354214 ], [ -76.508141121522058, 3.493466192993103 ], [ -76.508522677443523, 3.493567435990437 ], [ -76.50812388797533, 3.493731904649053 ], [ -76.507998182011221, 3.493786101288576 ], [ -76.507984948051316, 3.493791806577721 ], [ -76.507807107982302, 3.493868480763627 ], [ -76.507805950786718, 3.493868979863187 ], [ -76.507805933688289, 3.493869095599793 ], [ -76.507805928288661, 3.493869140809422 ], [ -76.50780430677591, 3.493869780052819 ], [ -76.507804260884029, 3.493869798136083 ], [ -76.507803041600042, 3.493870279150925 ], [ -76.507803044299109, 3.493870310797752 ], [ -76.507803379890987, 3.493873782003125 ], [ -76.507803291706594, 3.493873817265507 ], [ -76.507803041550915, 3.493873915819295 ], [ -76.507803064943417, 3.493874155431026 ], [ -76.507800910722494, 3.493875191608438 ], [ -76.507800135059, 3.493875564125954 ], [ -76.507365162677658, 3.494058145698055 ], [ -76.506415494109817, 3.494456771281451 ], [ -76.5052942760001, 3.494927403185358 ], [ -76.503065285796694, 3.495895784570195 ], [ -76.502792172014068, 3.496014437785859 ], [ -76.502498280756285, 3.496140826812142 ], [ -76.501957378172563, 3.496373442888784 ], [ -76.501625883930714, 3.496515640740357 ], [ -76.501224735181339, 3.49668771705643 ], [ -76.501195729532313, 3.496700159079432 ], [ -76.501195590955973, 3.496700218753413 ], [ -76.501057607597858, 3.496759408087572 ], [ -76.500343299163063, 3.49707182564134 ], [ -76.500035010539975, 3.497206661483653 ], [ -76.500024478724313, 3.49721126812454 ], [ -76.500024438231151, 3.497211286207545 ], [ -76.500019409883052, 3.497213485098673 ], [ -76.499556106577913, 3.497397949534423 ], [ -76.498213435177689, 3.497996974558364 ], [ -76.498153475521377, 3.498023725534268 ], [ -76.498146977704351, 3.498026845754526 ], [ -76.49800387004457, 3.498095575579487 ], [ -76.497521859788733, 3.498327068422385 ], [ -76.49750936536303, 3.498333069254963 ], [ -76.497397773312031, 3.498413958450071 ], [ -76.497313018321037, 3.498484914813796 ], [ -76.497251969675858, 3.498516749084949 ], [ -76.497237150991666, 3.49870339154777 ], [ -76.497237147391161, 3.498703437661578 ], [ -76.497230596241835, 3.498861554814166 ], [ -76.49723059894022, 3.498861600928128 ], [ -76.497230708695795, 3.498862610011357 ], [ -76.497230599750139, 3.498865236692325 ], [ -76.497248018501722, 3.499025521786625 ], [ -76.497273799417385, 3.499224800453037 ], [ -76.497316867068562, 3.499502068085096 ], [ -76.497318903635275, 3.499529406441307 ], [ -76.497320306719089, 3.499556532296416 ], [ -76.497321080813961, 3.499583658136133 ], [ -76.497321139625825, 3.499607101176081 ], [ -76.497321138724814, 3.499607148194149 ], [ -76.497320506368965, 3.49963422698136 ], [ -76.497320503668277, 3.499634273999384 ], [ -76.497317407781608, 3.499688337492816 ], [ -76.497317404181118, 3.499688383606623 ], [ -76.497314874961177, 3.499715392724467 ], [ -76.497314870460841, 3.499715438838252 ], [ -76.497307841375374, 3.499769149599707 ], [ -76.49730783417553, 3.499769194809231 ], [ -76.497303339708324, 3.499795921770391 ], [ -76.497303331608634, 3.499795966979894 ], [ -76.497298207257344, 3.499822482344203 ], [ -76.497298196458132, 3.49982252755364 ], [ -76.497292369332101, 3.499848972373569 ], [ -76.497292361232425, 3.499849016678878 ], [ -76.497278933399855, 3.499901573531753 ], [ -76.497271198621476, 3.499927497489029 ], [ -76.497262900541841, 3.499953421432424 ], [ -76.497224153006357, 3.500076897217303 ], [ -76.497144411967639, 3.500284854455391 ], [ -76.497114131570413, 3.500349865258795 ], [ -76.497109417669563, 3.500371117318794 ], [ -76.497109407770196, 3.500371161624056 ], [ -76.497105529012742, 3.500388786982419 ], [ -76.497105526312041, 3.500388834000442 ], [ -76.497105439924994, 3.500388923513517 ], [ -76.497055767583646, 3.500467623333503 ], [ -76.496965582425901, 3.500550881091554 ], [ -76.496836403081389, 3.500614543079049 ], [ -76.496563434016863, 3.500619414347946 ], [ -76.49637332463999, 3.500678172190985 ], [ -76.496334323127911, 3.500734496155383 ], [ -76.496305065329167, 3.50085204424876 ], [ -76.496305263221089, 3.50085489789016 ], [ -76.496305067935097, 3.500855681821394 ], [ -76.496312369247761, 3.500960989869252 ], [ -76.496368411208067, 3.501110384947959 ], [ -76.496443953782887, 3.501220598174816 ], [ -76.49660236144905, 3.501352860452559 ], [ -76.496687655389877, 3.501438584714971 ], [ -76.496741269436669, 3.501490018425687 ], [ -76.496812200527131, 3.501594746666624 ], [ -76.496818354222199, 3.501607940819703 ], [ -76.496829409999279, 3.501631615608196 ], [ -76.496838050512793, 3.501694415715929 ], [ -76.49684444474434, 3.501732350431781 ], [ -76.496846387755966, 3.501758180591035 ], [ -76.496844503082428, 3.501809902250642 ], [ -76.496844503081192, 3.501809951077119 ], [ -76.496844551612512, 3.501812344479918 ], [ -76.496844506589085, 3.501813586841385 ], [ -76.496844997296051, 3.501837730642517 ], [ -76.496834656768698, 3.501890432237245 ], [ -76.496834654067968, 3.50189048015946 ], [ -76.496809903563303, 3.501938513040073 ], [ -76.496758721271419, 3.501977855049212 ], [ -76.496707329896338, 3.501994097605563 ], [ -76.496680522565342, 3.501997722749952 ], [ -76.496519970600943, 3.502000790246634 ], [ -76.496297883396608, 3.501947043827127 ], [ -76.496115556372089, 3.501871259554701 ], [ -76.496019060522244, 3.501845907082438 ], [ -76.495994916089302, 3.501839563537147 ], [ -76.49591235020641, 3.501833898430772 ], [ -76.4958742743014, 3.501831286129501 ], [ -76.495799849327796, 3.501824679958932 ], [ -76.495669863121634, 3.501833374907721 ], [ -76.49553553957297, 3.50187953500391 ], [ -76.495505209172933, 3.501889957752979 ], [ -76.495407906058901, 3.501936504897884 ], [ -76.495323220702971, 3.501977015968873 ], [ -76.495167229346521, 3.502072784042194 ], [ -76.49505023155001, 3.502177264143311 ], [ -76.495019483053099, 3.502208143351283 ], [ -76.494915898969666, 3.502320926106035 ], [ -76.494868229542476, 3.502460233087081 ], [ -76.494868800889748, 3.502462201532932 ], [ -76.494868226743549, 3.502463878797319 ], [ -76.494898545941012, 3.502568372799627 ], [ -76.494993864226643, 3.502616274144646 ], [ -76.495310173039854, 3.502511814741624 ], [ -76.4954661568528, 3.502498768643476 ], [ -76.495626467183087, 3.502551029855216 ], [ -76.495647792769944, 3.502748355389702 ], [ -76.495647798167795, 3.502748401503739 ], [ -76.495609104262229, 3.502839097478136 ], [ -76.495271115594932, 3.503104645802952 ], [ -76.495158445307808, 3.503265725866068 ], [ -76.495019772428677, 3.503483402337776 ], [ -76.49495719477963, 3.503605912614036 ], [ -76.494918799639379, 3.503692236790255 ], [ -76.494885891549401, 3.503752846739363 ], [ -76.494794421462174, 3.503914405650813 ], [ -76.494720753111991, 3.504005828515745 ], [ -76.494612424976182, 3.504079832034944 ], [ -76.49452143565604, 3.504066762132618 ], [ -76.494461543063167, 3.503993669964586 ], [ -76.494461552962449, 3.503993634701292 ], [ -76.494499795673832, 3.503857059052182 ], [ -76.494530143631579, 3.503669848319738 ], [ -76.494530043833819, 3.503666770440538 ], [ -76.494530134733623, 3.503666211651121 ], [ -76.494530138334341, 3.503666162824743 ], [ -76.494525821006746, 3.503531242490626 ], [ -76.494469509085548, 3.503387563610409 ], [ -76.494400188044978, 3.503344018431827 ], [ -76.494270155679288, 3.503354320844781 ], [ -76.494246395209231, 3.503388930925692 ], [ -76.494222701566841, 3.503414924038794 ], [ -76.4941817115172, 3.503458293471858 ], [ -76.494149371201559, 3.503486404869539 ], [ -76.494106275399758, 3.503501587800415 ], [ -76.494071713667552, 3.503518868697531 ], [ -76.494057869291552, 3.503592102602251 ], [ -76.494057867490511, 3.503592150524484 ], [ -76.493997195966656, 3.503700990281212 ], [ -76.493958185789353, 3.503831600016408 ], [ -76.493958265780108, 3.503834980800112 ], [ -76.493958190185893, 3.50383523578071 ], [ -76.493962504279835, 3.504018096484581 ], [ -76.494005808891274, 3.50425755992122 ], [ -76.494166085625764, 3.504649417666581 ], [ -76.494351893558658, 3.504889585787385 ], [ -76.494367019247989, 3.504948079420394 ], [ -76.494381360228346, 3.505008181592705 ], [ -76.494382020641694, 3.505010840845538 ], [ -76.494434482337041, 3.505149627031158 ], [ -76.494425990064087, 3.505294474159507 ], [ -76.494425990962512, 3.505294524794397 ], [ -76.494386981434772, 3.505433842839887 ], [ -76.494256984964295, 3.505533966982391 ], [ -76.494079335794311, 3.505551365068209 ], [ -76.493914688469204, 3.50553828672182 ], [ -76.493821455746073, 3.505523581002511 ], [ -76.493732710593235, 3.505507792176378 ], [ -76.493580120176091, 3.505468650719688 ], [ -76.493580018493176, 3.505468657950352 ], [ -76.4935796108619, 3.505468680543622 ], [ -76.493172685963145, 3.505521885235887 ], [ -76.4931659973645, 3.505523140064295 ], [ -76.492876962240146, 3.505577366145388 ], [ -76.492820180604355, 3.505590673320497 ], [ -76.492611209485233, 3.505639646480152 ], [ -76.492584486541887, 3.5056459090454 ], [ -76.492319707992181, 3.505717872341127 ], [ -76.49175580241652, 3.505871133473367 ], [ -76.491381845646558, 3.505582371312827 ], [ -76.491381851946798, 3.505582328815901 ], [ -76.491492083926715, 3.504859275359158 ], [ -76.491519213324807, 3.503548193042792 ], [ -76.491519169284857, 3.503546491348288 ], [ -76.49151920893766, 3.503544557278478 ], [ -76.491519208939167, 3.503544508452002 ], [ -76.491498643900513, 3.502756229662569 ], [ -76.491498643001478, 3.502756203440915 ], [ -76.49149231737762, 3.502513721918566 ], [ -76.491492375162252, 3.50195312071993 ], [ -76.491478081746052, 3.501554623891156 ], [ -76.491465457013248, 3.501202635237216 ], [ -76.491465459650158, 3.501175509416513 ], [ -76.491465464923934, 3.501121257775106 ], [ -76.49147446952415, 3.501067006409343 ], [ -76.491465473734394, 3.501039880313022 ], [ -76.49146547637126, 3.501012754492318 ], [ -76.491465481644994, 3.500958501946718 ], [ -76.491456488493583, 3.500904250029607 ], [ -76.491447496243083, 3.500849997208246 ], [ -76.491438503093732, 3.500795744386773 ], [ -76.491438505731296, 3.500768618566069 ], [ -76.491420513880513, 3.500723406504525 ], [ -76.491411520733863, 3.500669153682796 ], [ -76.491393529165919, 3.500614900584682 ], [ -76.491384534282574, 3.500587773583428 ], [ -76.491375537320167, 3.500569688522287 ], [ -76.491348547334795, 3.500515434242572 ], [ -76.491339551553835, 3.500488307240865 ], [ -76.491312561292361, 3.500443094900381 ], [ -76.491285565634342, 3.500397884367351 ], [ -76.491276584252432, 3.500370799862611 ], [ -76.491276562657347, 3.500370763694183 ], [ -76.491249588598208, 3.500325588424364 ], [ -76.491213599026707, 3.500280374899098 ], [ -76.491186608777141, 3.500235162555034 ], [ -76.491150618930064, 3.500198990967635 ], [ -76.491114629368099, 3.500153777438618 ], [ -76.49109663399723, 3.500135691191613 ], [ -76.491078639526876, 3.500117605848491 ], [ -76.491042649971419, 3.500072392316746 ], [ -76.491024655503324, 3.500054306068408 ], [ -76.490997661719291, 3.500036219539649 ], [ -76.490520773456282, 3.499755869164231 ], [ -76.489908923610898, 3.499339875153245 ], [ -76.487609590876616, 3.498245976565885 ], [ -76.486141015544561, 3.497643114597819 ], [ -76.486133001719239, 3.497639158458497 ], [ -76.486124917711678, 3.4976350603581 ], [ -76.486116903891656, 3.49763096226018 ], [ -76.486108819881665, 3.497626934686779 ], [ -76.486100806061785, 3.497622836588723 ], [ -76.486092793139235, 3.497618809017766 ], [ -76.486084849514697, 3.497614499340721 ], [ -76.48607683569503, 3.497610401242462 ], [ -76.486068821875435, 3.497606303144136 ], [ -76.486060878248523, 3.497602063994025 ], [ -76.486052864431642, 3.49759789536843 ], [ -76.486044920804886, 3.497593656218184 ], [ -76.486036978078033, 3.497589417067905 ], [ -76.486028964266552, 3.497585106483646 ], [ -76.486021090822277, 3.497581009294216 ], [ -76.486013147201007, 3.497576628185243 ], [ -76.486005203574607, 3.497572389034665 ], [ -76.485997331038149, 3.497568079359474 ], [ -76.48598945760456, 3.497563698252857 ], [ -76.485981584168414, 3.497559388577502 ], [ -76.485973640547471, 3.497555008372393 ], [ -76.485965768016513, 3.497550556738478 ], [ -76.485957964768062, 3.497546247065485 ], [ -76.48595009223726, 3.49754179543144 ], [ -76.48594221880407, 3.497537415228626 ], [ -76.485934415561033, 3.497532963596976 ], [ -76.485926472845549, 3.497528442337237 ], [ -76.485918739790122, 3.497523990708018 ], [ -76.485910937449702, 3.497519469453269 ], [ -76.485903134206978, 3.497515017821363 ], [ -76.485895402056784, 3.497510425137719 ], [ -76.485887669004214, 3.497505903885307 ], [ -76.485879796476667, 3.497501381723547 ], [ -76.485872063426882, 3.497496789039681 ], [ -76.485864331276971, 3.497492197259978 ], [ -76.485863949753238, 3.497491976622698 ], [ -76.485862032236653, 3.497490865298186 ], [ -76.485861963850326, 3.497490825511151 ], [ -76.485860812980462, 3.497490158173913 ], [ -76.48585652803726, 3.497487675100555 ], [ -76.485856287785609, 3.497487527708151 ], [ -76.485855845074639, 3.497487257337959 ], [ -76.48585456463222, 3.497486473354949 ], [ -76.485848795892721, 3.497482941362263 ], [ -76.485841133935722, 3.497478207626477 ], [ -76.485833400886293, 3.497473614942294 ], [ -76.48582566873938, 3.497468951730949 ], [ -76.485825468079739, 3.497468829657417 ], [ -76.485818006780022, 3.497464288522109 ], [ -76.48581034392349, 3.497459554786039 ], [ -76.485808405712859, 3.497458385592244 ], [ -76.485802611776776, 3.497454892478701 ], [ -76.485794949822861, 3.497450087311211 ], [ -76.485790978022948, 3.497447634087425 ], [ -76.485787286966541, 3.497445353574956 ], [ -76.485786651694667, 3.497444957514714 ], [ -76.48578493574071, 3.497443887790352 ], [ -76.485783992730916, 3.497443299125512 ], [ -76.485783843361034, 3.497443205988058 ], [ -76.485779695197621, 3.497440619841243 ], [ -76.485778064726659, 3.497439597138088 ], [ -76.485776746492704, 3.49743877065647 ], [ -76.485772465156714, 3.497436086851792 ], [ -76.48577203324389, 3.497435815577763 ], [ -76.48577069161496, 3.49743496649043 ], [ -76.485765944174091, 3.497431962583962 ], [ -76.485765128938823, 3.497431446259306 ], [ -76.485764441477713, 3.497431011316793 ], [ -76.485759887496869, 3.497428155705204 ], [ -76.485759229729624, 3.497427743368626 ], [ -76.485756779524152, 3.49742620705319 ], [ -76.485754224041386, 3.497424565847384 ], [ -76.485752591771742, 3.497423517826688 ], [ -76.485749187760717, 3.497421332264965 ], [ -76.485747119977859, 3.497420042808491 ], [ -76.485742323045486, 3.497417052463001 ], [ -76.48574159509235, 3.497416598530913 ], [ -76.485734073519154, 3.497411652313812 ], [ -76.485726411568521, 3.497406777522831 ], [ -76.485718960182908, 3.497401832212377 ], [ -76.485711298232417, 3.497396957421274 ], [ -76.485703776662163, 3.497391940676799 ], [ -76.485696255086737, 3.497387065890725 ], [ -76.485688663326584, 3.497382119670688 ], [ -76.485681211943984, 3.497377103832805 ], [ -76.485673690371399, 3.497372158519419 ], [ -76.48566616880413, 3.497367071247512 ], [ -76.48565871741917, 3.497362125936586 ], [ -76.48565126603431, 3.497357179721408 ], [ -76.485643814657351, 3.49735202192477 ], [ -76.485636293090394, 3.49734693555682 ], [ -76.485628982985716, 3.497341848292395 ], [ -76.485621461416301, 3.497336832451461 ], [ -76.485616806669043, 3.497333579894301 ], [ -76.485614080227123, 3.497331674657171 ], [ -76.485606628850562, 3.497326516860242 ], [ -76.485599248561357, 3.497321359970063 ], [ -76.485591867372406, 3.497316202175602 ], [ -76.485584486183555, 3.497311044381082 ], [ -76.485577104997375, 3.497305816059371 ], [ -76.485569865083377, 3.497300659174136 ], [ -76.485562483894768, 3.497295501379444 ], [ -76.485555102714073, 3.497290132003295 ], [ -76.485547792615506, 3.497284903683977 ], [ -76.485540481617207, 3.497279675364568 ], [ -76.485539702377764, 3.497279104789405 ], [ -76.485533241708865, 3.497274376520592 ], [ -76.485525860528512, 3.497269007144214 ], [ -76.48551862062034, 3.497263708300126 ], [ -76.485518246297474, 3.497263434315525 ], [ -76.485511379812408, 3.49725840945595 ], [ -76.485504069719582, 3.497253040082026 ], [ -76.485496828917064, 3.497247600183471 ], [ -76.485489589009219, 3.497242301339162 ], [ -76.485482348204243, 3.497236931967629 ], [ -76.48547517849191, 3.497231420640206 ], [ -76.485468008774362, 3.497226051271191 ], [ -76.48546076797227, 3.497220611372361 ], [ -76.485453598257507, 3.497215171476102 ], [ -76.485446357455601, 3.497209730672968 ], [ -76.485439257931091, 3.497204220252064 ], [ -76.485432158406653, 3.497198709831105 ], [ -76.485424988694902, 3.497193198503304 ], [ -76.485417888270788, 3.497187688082205 ], [ -76.48541078874662, 3.497182177661087 ], [ -76.485403619040355, 3.497176525278857 ], [ -76.485396659891208, 3.497171014862829 ], [ -76.485389490182513, 3.497165433007625 ], [ -76.485382531036137, 3.497159852064359 ], [ -76.485375360430396, 3.497154199681882 ], [ -76.485368401284219, 3.497148618738514 ], [ -76.485361301763277, 3.497143036885697 ], [ -76.485354272435075, 3.497137314885356 ], [ -76.485347313294426, 3.497131591983372 ], [ -76.485340283963808, 3.497125939605867 ], [ -76.485333254635876, 3.497120217605371 ], [ -76.485326365682923, 3.497114494705836 ], [ -76.485319406545244, 3.497108701276511 ], [ -76.485312377220239, 3.497102907844532 ], [ -76.485305488264856, 3.497097256376174 ], [ -76.485298670402145, 3.497091462951943 ], [ -76.485291711264821, 3.497085669522416 ], [ -76.485287165421752, 3.497081846421255 ], [ -76.485284822314995, 3.497079876095446 ], [ -76.485277933365239, 3.49707408357262 ], [ -76.485271044418212, 3.497068219618416 ], [ -76.48526415637113, 3.497062355664195 ], [ -76.485257337611714, 3.497056491712499 ], [ -76.485256591669369, 3.497055848802819 ], [ -76.4852504486676, 3.497050557231012 ], [ -76.485243700992982, 3.497044763808995 ], [ -76.485236812049052, 3.497038829327408 ], [ -76.485230063482689, 3.49703282432386 ], [ -76.48522324562353, 3.497026960371953 ], [ -76.485216497054694, 3.497021025895442 ], [ -76.485209749388446, 3.497015019987589 ], [ -76.485203000819794, 3.497009085510981 ], [ -76.485196252253843, 3.497003080507193 ], [ -76.485189504587836, 3.496997075503389 ], [ -76.48518275602207, 3.496991070499505 ], [ -76.485176078546331, 3.496984994066892 ], [ -76.485169471255418, 3.496978989068176 ], [ -76.48516272269255, 3.496972913537015 ], [ -76.485156045217025, 3.496966838008455 ], [ -76.485149437029207, 3.496960761578239 ], [ -76.485142689369084, 3.496954615519835 ], [ -76.485136152266023, 3.496948610523505 ], [ -76.485129615171005, 3.496942393041533 ], [ -76.485122936798732, 3.496936246985574 ], [ -76.485116329513829, 3.496930100028027 ], [ -76.485109792419038, 3.496923883450113 ], [ -76.485103185134307, 3.496917736492474 ], [ -76.485096647139855, 3.496911519914436 ], [ -76.485090110048006, 3.49690523190506 ], [ -76.485083572950913, 3.496899085854099 ], [ -76.485077106044017, 3.496892868374388 ], [ -76.485070568955081, 3.496886509837742 ], [ -76.485064102048312, 3.496880293262137 ], [ -76.485057635144315, 3.49687400525516 ], [ -76.485051238427786, 3.496867718154957 ], [ -76.485044701336534, 3.496861430145267 ], [ -76.485038374810287, 3.496855071616274 ], [ -76.485031837721877, 3.496848713079361 ], [ -76.485025511193101, 3.49684242598161 ], [ -76.485018974104861, 3.49683606744461 ], [ -76.485012717763695, 3.496829779445205 ], [ -76.485006321958267, 3.496823209332003 ], [ -76.484999995432517, 3.496816850802754 ], [ -76.484993598719456, 3.496810492270834 ], [ -76.484987342383917, 3.49680406412119 ], [ -76.48498101676357, 3.49679756453758 ], [ -76.484974760428244, 3.496791135483658 ], [ -76.484968433908236, 3.496784635899932 ], [ -76.484962108285515, 3.49677820684333 ], [ -76.484955851953103, 3.49677170726215 ], [ -76.484949665808159, 3.49676520768356 ], [ -76.484943410375749, 3.496758708102332 ], [ -76.48493715404625, 3.496752137993894 ], [ -76.484931038991519, 3.496745566986521 ], [ -76.484924782664862, 3.496738926350869 ], [ -76.48491859742019, 3.49673242677211 ], [ -76.484912411278444, 3.496725856666143 ], [ -76.484906296226683, 3.496719216035671 ], [ -76.484900180272518, 3.49671264593226 ], [ -76.484893995030887, 3.496706074922013 ], [ -76.484887879982054, 3.496699363764288 ], [ -76.484881764030803, 3.496692723133625 ], [ -76.484875789354277, 3.49668608250823 ], [ -76.484869674305727, 3.496679370446194 ], [ -76.484863629439303, 3.496672800345218 ], [ -76.484857583681148, 3.496666017758575 ], [ -76.484851538820237, 3.496659306603255 ], [ -76.484845564149467, 3.496652524923402 ], [ -76.484839519288741, 3.496645812863811 ], [ -76.484833544618155, 3.496639031183882 ], [ -76.484827569944997, 3.496632319126855 ], [ -76.484821594374736, 3.496625537446817 ], [ -76.484815690791663, 3.496618754865257 ], [ -76.484809786311473, 3.496611902660686 ], [ -76.484803810741496, 3.496605120076343 ], [ -76.484797906261477, 3.496598267871698 ], [ -76.484792072866128, 3.496591485292633 ], [ -76.484786168386321, 3.496584632183722 ], [ -76.484780334096612, 3.496577709454478 ], [ -76.484774569991771, 3.496570856350782 ], [ -76.484768665512163, 3.496564004145955 ], [ -76.484762831222753, 3.49655708051241 ], [ -76.484756996933427, 3.496550156878829 ], [ -76.484751233728744, 3.496543303775026 ], [ -76.484745469629615, 3.496536310521079 ], [ -76.484739705530629, 3.496529316362905 ], [ -76.484733942328859, 3.496522392731862 ], [ -76.484728178230029, 3.496515398573618 ], [ -76.484722555408567, 3.496508333893535 ], [ -76.484716861494618, 3.496501410265003 ], [ -76.484711237770782, 3.496494417016147 ], [ -76.484705474572124, 3.496487422857798 ], [ -76.484699850851158, 3.496480358177547 ], [ -76.484694228027436, 3.496473364024431 ], [ -76.484688534119257, 3.496466299341461 ], [ -76.484682981485776, 3.496459234663794 ], [ -76.484677358667668, 3.496452099456311 ], [ -76.484671734947128, 3.496445034775892 ], [ -76.484666252503942, 3.496437899573646 ], [ -76.484660628780901, 3.496430905420297 ], [ -76.484655076153189, 3.496423699688199 ], [ -76.484649593710259, 3.496416564485857 ], [ -76.484644111267428, 3.496409429283482 ], [ -76.484638628827383, 3.496402222649749 ], [ -76.484636812142867, 3.496399887952061 ], [ -76.484633075297481, 3.496395087444624 ], [ -76.484627592854892, 3.496387952242153 ], [ -76.484622250792512, 3.496380675990697 ], [ -76.484616768352765, 3.496373470261032 ], [ -76.484611215723035, 3.496366335055811 ], [ -76.484605943848308, 3.496359057902724 ], [ -76.484600531598872, 3.496351781648488 ], [ -76.484595119346849, 3.496344575921356 ], [ -76.484589777284981, 3.496337298765521 ], [ -76.484584435223184, 3.496330022513852 ], [ -76.484579093161457, 3.496322746262152 ], [ -76.484573821289899, 3.496315398581753 ], [ -76.484568479225644, 3.496308192857128 ], [ -76.484563207356956, 3.496300774649537 ], [ -76.484557865295542, 3.496293498397718 ], [ -76.484552664508811, 3.496286222151224 ], [ -76.484547462827734, 3.496278803946207 ], [ -76.484542261144, 3.496271457172488 ], [ -76.484536990175542, 3.496264038964786 ], [ -76.484531858679361, 3.496256692193672 ], [ -76.484526656998597, 3.496249273988541 ], [ -76.484521456217735, 3.496241856687609 ], [ -76.484516324724495, 3.496234438485083 ], [ -76.484511194131159, 3.496227021186759 ], [ -76.48450606263809, 3.496219602984178 ], [ -76.484501002235007, 3.496212114257135 ], [ -76.484495870742066, 3.496204696958693 ], [ -76.484490810339139, 3.496197208231596 ], [ -76.484485749036452, 3.496189719504437 ], [ -76.484480758821022, 3.496182231684147 ], [ -76.484475627328436, 3.496174813481401 ], [ -76.484470707305945, 3.496167183705262 ], [ -76.484465646903374, 3.496159695882225 ], [ -76.484460726875653, 3.496152207160302 ], [ -76.48445580685069, 3.496144647911219 ], [ -76.484450815738612, 3.496137088659408 ], [ -76.48444589571109, 3.496129600841602 ], [ -76.484440905504414, 3.496121900535506 ], [ -76.484436196039141, 3.496114411821464 ], [ -76.484431205832621, 3.496106711515316 ], [ -76.484426355995495, 3.496099152268751 ], [ -76.484421506161155, 3.496091522495028 ], [ -76.484416656326886, 3.496083892721279 ], [ -76.484411876682742, 3.496076192423042 ], [ -76.484407026845943, 3.496068633176379 ], [ -76.484402247201956, 3.496060932878095 ], [ -76.484397467552611, 3.496053374538248 ], [ -76.484392828288932, 3.4960455322868 ], [ -76.484387908267777, 3.496037902510231 ], [ -76.484383269898643, 3.496030202217233 ], [ -76.484378560442408, 3.496022501921502 ], [ -76.484373850986231, 3.496014801625748 ], [ -76.484369211717507, 3.496007101332646 ], [ -76.484364432076831, 3.495999330507038 ], [ -76.484359863892735, 3.495991700743733 ], [ -76.484355224629624, 3.495983859396295 ], [ -76.484350726638425, 3.495976088581353 ], [ -76.48434601718543, 3.495968317758328 ], [ -76.484341449007019, 3.495960546940667 ], [ -76.484336809744264, 3.495952704688944 ], [ -76.484332311753363, 3.495944933873916 ], [ -76.484327812868102, 3.495937022004564 ], [ -76.484323314877358, 3.495929251189493 ], [ -76.484318815986839, 3.495921480374366 ], [ -76.484314317998965, 3.495913638127925 ], [ -76.484309820011148, 3.495905796785656 ], [ -76.484303563870668, 3.495894564648651 ], [ -76.484298433280856, 3.495887146444981 ], [ -76.484293301791283, 3.495879728241252 ], [ -76.484288241391639, 3.49587224041727 ], [ -76.484283109907651, 3.495864681159217 ], [ -76.484278119692831, 3.4958572629608 ], [ -76.484272989100674, 3.495849916188322 ], [ -76.484267997991594, 3.495842356935551 ], [ -76.484263007779688, 3.495834869114116 ], [ -76.484257876293384, 3.49582738038306 ], [ -76.484252886081677, 3.495819891657378 ], [ -76.484247895872755, 3.495812332404536 ], [ -76.48424283457399, 3.495804844580276 ], [ -76.484237844365239, 3.49579728532738 ], [ -76.484232924338457, 3.495789867131412 ], [ -76.484228004319888, 3.495782237354015 ], [ -76.484222943024164, 3.495774679002516 ], [ -76.484218023003052, 3.495767119752201 ], [ -76.484213102982011, 3.495759560501861 ], [ -76.484208182958355, 3.49575207177863 ], [ -76.484203262940184, 3.495744442001105 ], [ -76.484198413106682, 3.495736883657571 ], [ -76.48419342200151, 3.495729253877273 ], [ -76.484188572170922, 3.49572162410236 ], [ -76.48418365215035, 3.495714064851867 ], [ -76.484178732132577, 3.495706435074216 ], [ -76.484174022674154, 3.495698875831739 ], [ -76.484169172843863, 3.495691246056727 ], [ -76.484164252826332, 3.495683616278999 ], [ -76.484159543370822, 3.495675987413512 ], [ -76.484154623350719, 3.495668428162869 ], [ -76.484149913903593, 3.495660585907542 ], [ -76.484144993883618, 3.495653027561044 ], [ -76.48414028532828, 3.4956453977913 ], [ -76.484135505691299, 3.49563762696454 ], [ -76.48413072604896, 3.495629997192023 ], [ -76.484126016594018, 3.495622367422174 ], [ -76.484121307141876, 3.495614667125169 ], [ -76.484116527502479, 3.495606966825446 ], [ -76.484111818953039, 3.495599196001295 ], [ -76.484107179685736, 3.495591566234046 ], [ -76.484102400046567, 3.495583865934253 ], [ -76.484097760784849, 3.49557609511269 ], [ -76.484093052232993, 3.49556839481558 ], [ -76.484088412968731, 3.495560693616911 ], [ -76.484083773707241, 3.49555292279528 ], [ -76.484079205532979, 3.495545151976358 ], [ -76.48407449608159, 3.495537451679119 ], [ -76.484069786633015, 3.495529680854724 ], [ -76.48406521845898, 3.495521910035734 ], [ -76.484060649385171, 3.495514139216688 ], [ -76.484056081211278, 3.495506368397654 ], [ -76.484051441950356, 3.495498596671671 ], [ -76.484046873782063, 3.495490684798325 ], [ -76.484042374890421, 3.495483055036157 ], [ -76.484037806719556, 3.495475213689901 ], [ -76.484033167461618, 3.495467372340889 ], [ -76.484028669478249, 3.495459530093095 ], [ -76.484024170592349, 3.495451759276573 ], [ -76.484019672606365, 3.495443988460064 ], [ -76.484015173726078, 3.495436076589231 ], [ -76.484010675743008, 3.495428234341351 ], [ -76.484006177759966, 3.495420392997644 ], [ -76.484001820151633, 3.495412551659319 ], [ -76.483997391456214, 3.495404710318237 ], [ -76.483992893478899, 3.495396727016006 ], [ -76.483988465680724, 3.495388956202051 ], [ -76.483984108075404, 3.495381044336511 ], [ -76.483979679383054, 3.495373131564019 ], [ -76.483975251587836, 3.495365290222869 ], [ -76.48397082379816, 3.49535730782743 ], [ -76.483966536377736, 3.495349465587454 ], [ -76.483966518382275, 3.495349432131582 ], [ -76.483962248962811, 3.495341483197384 ], [ -76.483957822967596, 3.495333640952027 ], [ -76.48395780497215, 3.495333607496155 ], [ -76.483953462665994, 3.495325658559108 ], [ -76.483949105058528, 3.495317817220542 ], [ -76.483944817643916, 3.495309833926199 ], [ -76.483940530223876, 3.495301992590299 ], [ -76.483936242809392, 3.495294010200112 ], [ -76.483931890604097, 3.495286094717764 ], [ -76.483931874408356, 3.495286060357767 ], [ -76.483927674276956, 3.495278110521891 ], [ -76.483927658981017, 3.495278077066122 ], [ -76.483923380563667, 3.495270131748179 ], [ -76.483919093149467, 3.495262149357915 ], [ -76.483914877719627, 3.495254235689154 ], [ -76.483914859724194, 3.495254202233281 ], [ -76.483910664089535, 3.495246322020444 ], [ -76.483910647893808, 3.495246287660445 ], [ -76.483906448665309, 3.495238267297377 ], [ -76.483906430669876, 3.495238233841504 ], [ -76.483902231441434, 3.495230214382611 ], [ -76.483902213445987, 3.495230180926738 ], [ -76.483898014214915, 3.495222231090766 ], [ -76.483897998019131, 3.495222197634961 ], [ -76.483893725001451, 3.495214248700318 ], [ -76.483893709705569, 3.495214214340354 ], [ -76.483889649952076, 3.49520619488679 ], [ -76.48388963285646, 3.49520616143095 ], [ -76.483885503812843, 3.495198212501828 ], [ -76.48388548581741, 3.495198179045955 ], [ -76.483881356773892, 3.495190229212619 ], [ -76.483881339678291, 3.49519019575678 ], [ -76.483877209737742, 3.495182175396259 ], [ -76.483877192642154, 3.495182141940419 ], [ -76.483873062701647, 3.495174122484074 ], [ -76.483873045606046, 3.495174089028235 ], [ -76.483868916562713, 3.495166140099039 ], [ -76.48386889946714, 3.495166105739005 ], [ -76.483864909898585, 3.495158157719376 ], [ -76.483864892803012, 3.495158123359342 ], [ -76.483860622488166, 3.495150102993324 ], [ -76.483860605392564, 3.495150069537485 ], [ -76.483856615832366, 3.495141909936419 ], [ -76.483856599636667, 3.495141874672226 ], [ -76.483852539883799, 3.495133855218504 ], [ -76.483852522788197, 3.495133821762663 ], [ -76.483848533219941, 3.49512587283877 ], [ -76.483848516124368, 3.495125838478737 ], [ -76.483844387089675, 3.495117677968033 ], [ -76.483844369994102, 3.495117643607999 ], [ -76.483840380428703, 3.495109625061132 ], [ -76.48384036333313, 3.495109590701098 ], [ -76.483836304477592, 3.495101642678669 ], [ -76.483836287382061, 3.495101607414441 ], [ -76.483832297816789, 3.49509358886754 ], [ -76.483832280721217, 3.495093554507506 ], [ -76.483828291161558, 3.495085393097933 ], [ -76.483828274965788, 3.495085359642127 ], [ -76.483824285400686, 3.495077340190998 ], [ -76.483824268305128, 3.495077305830964 ], [ -76.483820278742826, 3.495069215852685 ], [ -76.483820262547056, 3.495069182396879 ], [ -76.483816413359392, 3.495061092424014 ], [ -76.483816396263819, 3.495061058063979 ], [ -76.483812337414221, 3.495052968082986 ], [ -76.483812320318663, 3.495052933722951 ], [ -76.483808400941058, 3.495044915178665 ], [ -76.48380838474533, 3.495044880818666 ], [ -76.483804395188798, 3.495036649786052 ], [ -76.48380437809324, 3.495036615426017 ], [ -76.483800528900346, 3.495028666507355 ], [ -76.483800512704619, 3.495028632147355 ], [ -76.483796593332698, 3.495020472548753 ], [ -76.483796577137014, 3.495020437284559 ], [ -76.483792657762436, 3.495012348213074 ], [ -76.483792640666877, 3.49501231385304 ], [ -76.483788791479668, 3.495004223880061 ], [ -76.483788775283941, 3.495004189520062 ], [ -76.48378492610226, 3.494995959396994 ], [ -76.483784909906575, 3.4949959241328 ], [ -76.483781060713966, 3.494987976118254 ], [ -76.483781044518281, 3.49498794085406 ], [ -76.483777194436925, 3.494979709826732 ], [ -76.483777179141001, 3.494979676370961 ], [ -76.483773329056959, 3.494971515870752 ], [ -76.483773312861274, 3.494971480606558 ], [ -76.483769393489851, 3.494963321007843 ], [ -76.483769377294124, 3.494963286647842 ], [ -76.48376552810727, 3.494955197578964 ], [ -76.483765511911571, 3.494955162314771 ], [ -76.483761802202267, 3.494947002724147 ], [ -76.483761786906399, 3.494946967459988 ], [ -76.483758007906957, 3.494938878393798 ], [ -76.483757991711244, 3.494938844033798 ], [ -76.483754211817555, 3.494930613009096 ], [ -76.483754196521673, 3.494930578649131 ], [ -76.48375041662527, 3.494922419055743 ], [ -76.483750401329416, 3.494922383791584 ], [ -76.483746691620354, 3.494914224200901 ], [ -76.483746675424655, 3.494914188936706 ], [ -76.483742826240999, 3.494906028436409 ], [ -76.483742810945103, 3.494905994076443 ], [ -76.483739101238911, 3.494897763958597 ], [ -76.483739085943071, 3.494897728694437 ], [ -76.483735446421491, 3.494889568202237 ], [ -76.483735431125567, 3.494889534746465 ], [ -76.483731651232276, 3.494881303721675 ], [ -76.483731635936394, 3.494881269361708 ], [ -76.483727926227672, 3.494873108866758 ], [ -76.48372791093179, 3.494873074506793 ], [ -76.48372420122594, 3.494864842580501 ], [ -76.483724185930015, 3.494864809124728 ], [ -76.483720476221421, 3.494856648629749 ], [ -76.483720460925539, 3.494856614269783 ], [ -76.483716821404244, 3.494848454681706 ], [ -76.483716806108404, 3.494848419417546 ], [ -76.483713166592679, 3.494840118775187 ], [ -76.48371315129684, 3.494840083511027 ], [ -76.483709441591159, 3.494831853393066 ], [ -76.483709426295306, 3.494831818128905 ], [ -76.483705856964221, 3.494823588016375 ], [ -76.483705841668367, 3.494823552752215 ], [ -76.48370220304993, 3.494815322636982 ], [ -76.483702186854231, 3.494815287372788 ], [ -76.483698548233093, 3.494807127784676 ], [ -76.483698532937211, 3.494807093424709 ], [ -76.483694963609111, 3.494798791880811 ], [ -76.483694948313257, 3.49479875661665 ], [ -76.483691308795159, 3.494790526501342 ], [ -76.483691293499277, 3.494790492141374 ], [ -76.483687724168519, 3.494782261124583 ], [ -76.483687709772482, 3.494782226764652 ], [ -76.483684140444552, 3.494773925220712 ], [ -76.483684125148685, 3.494773890860745 ], [ -76.483680555820811, 3.494765589316794 ], [ -76.483680540524929, 3.494765554956826 ], [ -76.483676971191613, 3.494757394467129 ], [ -76.483676956795577, 3.494757360107196 ], [ -76.483673456758012, 3.494748988038774 ], [ -76.483673442361976, 3.494748953678842 ], [ -76.483669943218786, 3.494740722664709 ], [ -76.483669927922918, 3.494740688304743 ], [ -76.4836663585953, 3.494732386760737 ], [ -76.48366634419925, 3.494732352400804 ], [ -76.483662845056188, 3.494724121386646 ], [ -76.48366282976032, 3.494724087026679 ], [ -76.483659330625628, 3.494715643526911 ], [ -76.483659316229577, 3.494715609166978 ], [ -76.483655886374038, 3.494707379059681 ], [ -76.483655871978016, 3.494707343795555 ], [ -76.483652372837881, 3.494699043158417 ], [ -76.483652358441873, 3.49469900789429 ], [ -76.483648998776445, 3.494690707262561 ], [ -76.483648984380437, 3.494690671998435 ], [ -76.483645485240402, 3.494682371361272 ], [ -76.483645469944562, 3.494682336097111 ], [ -76.483641970807398, 3.494673964028607 ], [ -76.483641956411347, 3.494673929668675 ], [ -76.483638597648707, 3.494665558509809 ], [ -76.483638582352853, 3.494665523245648 ], [ -76.48363508321026, 3.494657293135582 ], [ -76.483635068814252, 3.494657257871455 ], [ -76.483631710048954, 3.494648957239699 ], [ -76.483631695652946, 3.494648921975572 ], [ -76.483628335990645, 3.494640550816635 ], [ -76.483628322494468, 3.494640515552543 ], [ -76.483624962832224, 3.494632144393595 ], [ -76.483624948436258, 3.494632108225274 ], [ -76.483621589671102, 3.494623808497676 ], [ -76.483621575275137, 3.494623772329356 ], [ -76.483618215613021, 3.494615401170384 ], [ -76.483618202116844, 3.494615365906292 ], [ -76.48361484245477, 3.494606994747308 ], [ -76.483614828058762, 3.494606959483181 ], [ -76.48361146929382, 3.494598658851353 ], [ -76.483611454897826, 3.494598623587226 ], [ -76.48360809523588, 3.494590252428218 ], [ -76.483608081739703, 3.494590217164125 ], [ -76.483604862452296, 3.494581846010568 ], [ -76.483604848956119, 3.494581810746475 ], [ -76.483601559481542, 3.494573439590176 ], [ -76.483601545085577, 3.494573403421854 ], [ -76.483598256510831, 3.494565033169772 ], [ -76.483598242114866, 3.49456499700145 ], [ -76.4835950228304, 3.494556555320725 ], [ -76.483595009334238, 3.494556520056633 ], [ -76.483591649672576, 3.494548148897566 ], [ -76.483591636176413, 3.494548113633474 ], [ -76.48358841688929, 3.494539742479861 ], [ -76.483588403393114, 3.494539707215768 ], [ -76.483585184106062, 3.494531336062143 ], [ -76.483585170609913, 3.494531299893857 ], [ -76.483581881135635, 3.494522929641682 ], [ -76.483581867639515, 3.494522893473396 ], [ -76.483578648355319, 3.494514451792615 ], [ -76.483578634859157, 3.494514416528522 ], [ -76.483575485762259, 3.494505974850464 ], [ -76.483575471366265, 3.494505939586336 ], [ -76.483572252979272, 3.494497568432703 ], [ -76.483572239483138, 3.494497532264416 ], [ -76.483569089486494, 3.494489091490496 ], [ -76.48356907599036, 3.494489055322208 ], [ -76.483565856709163, 3.49448054311425 ], [ -76.483565843213, 3.494480507850158 ], [ -76.483562694113573, 3.494472136699191 ], [ -76.48356268061741, 3.494472101435098 ], [ -76.483559532417857, 3.494463730284155 ], [ -76.483559518921737, 3.494463694115869 ], [ -76.483556369825138, 3.494455253341941 ], [ -76.483556356329018, 3.494455217173654 ], [ -76.483553277419716, 3.49444677640245 ], [ -76.483553263923596, 3.494446740234164 ], [ -76.48355011482991, 3.494438228028887 ], [ -76.483550101333776, 3.494438191860599 ], [ -76.483547022421817, 3.49442982161651 ], [ -76.483547008925697, 3.494429785448223 ], [ -76.483543930019337, 3.494421274149855 ], [ -76.483543916523189, 3.494421237981567 ], [ -76.483540837616914, 3.494412725778997 ], [ -76.483540824120752, 3.494412690514904 ], [ -76.483537745208992, 3.494404319366589 ], [ -76.483537732612717, 3.494404283198337 ], [ -76.483534722991166, 3.49439584152558 ], [ -76.483534710394849, 3.494395806261522 ], [ -76.483531631488717, 3.49438729405892 ], [ -76.483531617992554, 3.494387258794827 ], [ -76.483528609270962, 3.494378817122086 ], [ -76.483528595774828, 3.494378780953799 ], [ -76.483525516868795, 3.494370269655371 ], [ -76.483525504272507, 3.494370233487119 ], [ -76.483522564838367, 3.494361792721254 ], [ -76.483522552242079, 3.494361756553002 ], [ -76.483519543523414, 3.494353244353098 ], [ -76.483519530927111, 3.494353208184846 ], [ -76.483516521308616, 3.494344696889091 ], [ -76.483516508712341, 3.494344660720839 ], [ -76.483513569275601, 3.494336290482081 ], [ -76.483513556679299, 3.494336254313829 ], [ -76.483510618150788, 3.4943276715895 ], [ -76.4835106055545, 3.494327635421248 ], [ -76.483507525751705, 3.494319053595592 ], [ -76.483507513155416, 3.49431901742734 ], [ -76.483504643908816, 3.494310576664158 ], [ -76.483504632212401, 3.494310539591746 ], [ -76.4835017629714, 3.494301957774288 ], [ -76.483501750375112, 3.494301921606036 ], [ -76.483498810941398, 3.494293480840097 ], [ -76.483498799244941, 3.494293444671881 ], [ -76.483495930001311, 3.494284932477344 ], [ -76.483495917405023, 3.494284896309092 ], [ -76.483492977974166, 3.494276385016001 ], [ -76.483492966277723, 3.494276348847784 ], [ -76.483490097034149, 3.494267837557424 ], [ -76.483490084437904, 3.494267800484977 ], [ -76.483487215197158, 3.494259218667475 ], [ -76.483487203500701, 3.494259182499258 ], [ -76.483484334259998, 3.494250600681748 ], [ -76.483484321663752, 3.4942505636093 ], [ -76.483481522604791, 3.494242122848788 ], [ -76.483481510908334, 3.494242086680571 ], [ -76.4834787118522, 3.494233575392916 ], [ -76.483478700155743, 3.494233539224699 ], [ -76.483475830915197, 3.494224957407163 ], [ -76.483475818318951, 3.494224920334716 ], [ -76.483473019265674, 3.494216338519911 ], [ -76.483473007569216, 3.494216302351692 ], [ -76.483470208513211, 3.494207791064014 ], [ -76.483470196816796, 3.494207753991602 ], [ -76.483467467051014, 3.494199172179488 ], [ -76.483467455354557, 3.494199136011269 ], [ -76.483464586111452, 3.494190624720833 ], [ -76.483464574415024, 3.49419058764842 ], [ -76.483461845551943, 3.49418193530919 ], [ -76.4834618338555, 3.494181899140973 ], [ -76.483459034799694, 3.494173387853261 ], [ -76.483459023103279, 3.494173350780848 ], [ -76.483456363527665, 3.494164698444309 ], [ -76.483456351831236, 3.494164662276091 ], [ -76.483453552775515, 3.494156150988363 ], [ -76.483453541079115, 3.494156113915952 ], [ -76.48345088240066, 3.494147532106565 ], [ -76.483450870704218, 3.494147495938347 ], [ -76.483448212028577, 3.49413884360182 ], [ -76.483448200332163, 3.494138806529408 ], [ -76.483445471463838, 3.494130295244399 ], [ -76.483445459767381, 3.494130259076181 ], [ -76.483442730904628, 3.494121606736896 ], [ -76.483442719208227, 3.494121569664483 ], [ -76.483440060529972, 3.494112987855068 ], [ -76.483440048833515, 3.49411295168685 ], [ -76.483437389258242, 3.494104299350258 ], [ -76.483437377561827, 3.494104262277845 ], [ -76.483434789068099, 3.494095750998291 ], [ -76.483434778271487, 3.494095714830109 ], [ -76.483432048509101, 3.494087062490757 ], [ -76.483432036812687, 3.494087025418346 ], [ -76.483429588696254, 3.494078443617132 ], [ -76.483429577899628, 3.494078407448948 ], [ -76.483426848137341, 3.494069755109583 ], [ -76.483426837340772, 3.494069718037205 ], [ -76.483424247950168, 3.494061136230454 ], [ -76.483424237153557, 3.494061100062271 ], [ -76.48342164776578, 3.494052447728379 ], [ -76.483421636969211, 3.494052410656002 ], [ -76.483419117765891, 3.494043828851982 ], [ -76.483419106969322, 3.494043791779604 ], [ -76.48341651848142, 3.494035140349927 ], [ -76.483416506785019, 3.494035103277514 ], [ -76.483413917391829, 3.494026591997869 ], [ -76.483413906595217, 3.494026555829685 ], [ -76.48341138830024, 3.494017761540084 ], [ -76.483411376603797, 3.494017725371866 ], [ -76.483408857400676, 3.494009143567818 ], [ -76.483408846604107, 3.494009106495441 ], [ -76.483406327403799, 3.494000454164252 ], [ -76.483406316607187, 3.494000417996068 ], [ -76.48340386849398, 3.493991765667654 ], [ -76.483403857697425, 3.493991727691083 ], [ -76.483401338497188, 3.493983076264075 ], [ -76.483401327700619, 3.493983039191698 ], [ -76.483398878687609, 3.49397438776743 ], [ -76.48339886789104, 3.493974350695052 ], [ -76.483396348690903, 3.493965698363838 ], [ -76.483396337894334, 3.49396566129146 ], [ -76.483393819594099, 3.493957008960273 ], [ -76.483393808797487, 3.49395697279209 ], [ -76.483391429072014, 3.493948320466321 ], [ -76.483391419175291, 3.493948283393978 ], [ -76.483389110534119, 3.493939701598119 ], [ -76.483389100637353, 3.493939665429969 ], [ -76.483386581442986, 3.493930871140267 ], [ -76.483386570646388, 3.493930834972084 ], [ -76.483384262008073, 3.493922182649079 ], [ -76.483384251211504, 3.4939221455767 ], [ -76.483381732908697, 3.493913563772615 ], [ -76.483381723011931, 3.493913527604467 ], [ -76.483379342392382, 3.493904734224363 ], [ -76.483379332495659, 3.493904697152022 ], [ -76.483376953667502, 3.493896115353384 ], [ -76.483376943770764, 3.493896078281041 ], [ -76.483374634238345, 3.49388728490371 ], [ -76.483374624341607, 3.493887247831367 ], [ -76.483372245513507, 3.493878666936912 ], [ -76.48337223561677, 3.493878629864569 ], [ -76.483369926984281, 3.493869836487262 ], [ -76.483369916187712, 3.493869799414884 ], [ -76.483367608449527, 3.493861147091873 ], [ -76.483367598552746, 3.493861110923724 ], [ -76.483365217930697, 3.493852388070719 ], [ -76.483365208933805, 3.493852350998413 ], [ -76.483362969585997, 3.493843628150935 ], [ -76.483362959689273, 3.493843591078592 ], [ -76.483360650151539, 3.493834938755494 ], [ -76.483360641154647, 3.493834901683186 ], [ -76.483358401806896, 3.493826179739891 ], [ -76.483358391910159, 3.493826142667549 ], [ -76.483356084174972, 3.493817419817376 ], [ -76.483356074278234, 3.493817382745034 ], [ -76.483353834930597, 3.493808659897534 ], [ -76.483353825033859, 3.493808622825191 ], [ -76.483351585686236, 3.493799900881881 ], [ -76.483351575789499, 3.493799863809538 ], [ -76.483349337344563, 3.493791070434929 ], [ -76.4833493283477, 3.493791032458428 ], [ -76.483347158281944, 3.493782451572089 ], [ -76.483347149285052, 3.493782414499782 ], [ -76.483344909940328, 3.493773622029322 ], [ -76.483344900943464, 3.49377358405282 ], [ -76.483342731783182, 3.493764862112238 ], [ -76.483342721886444, 3.493764825039896 ], [ -76.483340484338726, 3.493756102192437 ], [ -76.483340474441988, 3.493756065120093 ], [ -76.483338374569129, 3.493747343182216 ], [ -76.483338366472111, 3.49374730520575 ], [ -76.483336196414882, 3.493738512737985 ], [ -76.483336187418004, 3.493738475665678 ], [ -76.483334018260692, 3.493729682293748 ], [ -76.483334009263785, 3.49372964522144 ], [ -76.483331910288143, 3.493720992906525 ], [ -76.483331902191082, 3.493720955834253 ], [ -76.48332973213401, 3.49371216246228 ], [ -76.483329724036963, 3.493712125390007 ], [ -76.483327624164289, 3.493703403452106 ], [ -76.483327615167397, 3.4937033663798 ], [ -76.48332551619464, 3.493694643537737 ], [ -76.483325507197748, 3.493694606465429 ], [ -76.483323547699513, 3.493685884533023 ], [ -76.48332353960248, 3.493685846556557 ], [ -76.483321370445381, 3.493677054088792 ], [ -76.483321361448517, 3.493677016112291 ], [ -76.483319402852985, 3.493668223652778 ], [ -76.483319393856078, 3.493668186580471 ], [ -76.483317224699093, 3.493659393208503 ], [ -76.483317215702186, 3.493659356136195 ], [ -76.483315115832568, 3.49365056276694 ], [ -76.483315107735507, 3.493650525694667 ], [ -76.483313149137302, 3.493641803762276 ], [ -76.483313141040284, 3.493641765785809 ], [ -76.483311181545048, 3.493632973326244 ], [ -76.483311172548184, 3.493632935349742 ], [ -76.483309143762867, 3.49362421341459 ], [ -76.483309134765989, 3.493624176342282 ], [ -76.483307176170698, 3.49361538297855 ], [ -76.483307168073637, 3.493615345906277 ], [ -76.483305138391387, 3.493606552539754 ], [ -76.483305130294312, 3.493606515467481 ], [ -76.483303170799232, 3.4935977230079 ], [ -76.483303162702214, 3.493597685031432 ], [ -76.483301203207148, 3.493588892571847 ], [ -76.48330119511013, 3.493588854595381 ], [ -76.483299305802291, 3.493580062138544 ], [ -76.483299297705244, 3.493580025066272 ], [ -76.483297339110123, 3.49357123170252 ], [ -76.483297331013077, 3.493571194630247 ], [ -76.483295441705337, 3.493562401269209 ], [ -76.483295433608276, 3.493562364196937 ], [ -76.483293545200368, 3.493553571740124 ], [ -76.483293536203519, 3.493553533763623 ], [ -76.483291647798424, 3.493544670779673 ], [ -76.483291639701406, 3.493544632803207 ], [ -76.483289820578122, 3.493535910876239 ], [ -76.483289813380892, 3.493535873804002 ], [ -76.483287923173464, 3.493527080442914 ], [ -76.483287915976234, 3.493527043370677 ], [ -76.48328602667145, 3.493518179482486 ], [ -76.48328601857439, 3.493518142410213 ], [ -76.483284129266863, 3.493509349049154 ], [ -76.483284121169802, 3.493509311976881 ], [ -76.483282302049446, 3.493500519522766 ], [ -76.483282294852259, 3.493500481546334 ], [ -76.483280405547532, 3.493491618562327 ], [ -76.483280397450514, 3.49349158058586 ], [ -76.48327864851737, 3.493482788134493 ], [ -76.483278641320155, 3.493482751062256 ], [ -76.483276892384296, 3.493474028233825 ], [ -76.483276884287235, 3.493473991161552 ], [ -76.48327506517262, 3.493465056748962 ], [ -76.483275057975391, 3.493465019676724 ], [ -76.48327330904516, 3.493456155794019 ], [ -76.483273300948127, 3.493456118721746 ], [ -76.483271552015111, 3.493447326270366 ], [ -76.483271544817924, 3.493447288293934 ], [ -76.483269795887736, 3.493438425315417 ], [ -76.483269788690535, 3.493438387338986 ], [ -76.48326803975759, 3.493429594887599 ], [ -76.483268031660529, 3.493429557815327 ], [ -76.483266282727669, 3.493420764459742 ], [ -76.48326627553044, 3.493420727387504 ], [ -76.483264596787535, 3.493411863507541 ], [ -76.48326458959032, 3.493411826435302 ], [ -76.483262909950398, 3.493402892028165 ], [ -76.483262902753168, 3.493402854955928 ], [ -76.483261153820379, 3.493394061600334 ], [ -76.483261146623164, 3.493394024528097 ], [ -76.483259537164855, 3.493385232082173 ], [ -76.483259530867514, 3.493385194105775 ], [ -76.483257851224849, 3.493376331129957 ], [ -76.483257844927508, 3.493376293153561 ], [ -76.483256165287671, 3.493367359650606 ], [ -76.483256158090484, 3.493367321674175 ], [ -76.483254549532106, 3.493358529228277 ], [ -76.483254542334919, 3.493358491251844 ], [ -76.483252933776569, 3.493349698805944 ], [ -76.48325292657934, 3.493349661733706 ], [ -76.483251317124001, 3.49334079785644 ], [ -76.483251310826617, 3.493340760784238 ], [ -76.483249701374078, 3.493331826379835 ], [ -76.483249695076694, 3.493331789307633 ], [ -76.483248085618627, 3.493322995957494 ], [ -76.483248079321257, 3.493322958885292 ], [ -76.483246539153313, 3.49331409501074 ], [ -76.483246532855929, 3.493314057938536 ], [ -76.483244924300507, 3.493305194965489 ], [ -76.483244917103335, 3.493305156989056 ], [ -76.483243377838022, 3.493296223491595 ], [ -76.483243371540681, 3.493296185515197 ], [ -76.48324183226984, 3.493287393072001 ], [ -76.483241825972499, 3.493287355095605 ], [ -76.483240356894399, 3.493278421600895 ], [ -76.483240350597057, 3.493278383624499 ], [ -76.483238811329059, 3.493269520654163 ], [ -76.483238805031718, 3.493269482677766 ], [ -76.483237265763748, 3.493260619707427 ], [ -76.483237259466364, 3.493260582635225 ], [ -76.483235860572748, 3.493251718766208 ], [ -76.483235854275364, 3.493251681694005 ], [ -76.483234315007479, 3.493242817819468 ], [ -76.483234308710095, 3.493242780747265 ], [ -76.48323283963218, 3.49323384634835 ], [ -76.483232833334796, 3.493233809276147 ], [ -76.483231365153955, 3.4932249454044 ], [ -76.483231358856585, 3.493224908332197 ], [ -76.483229889775913, 3.493216044460411 ], [ -76.483229883478543, 3.493216007388209 ], [ -76.483228483688009, 3.49320707299201 ], [ -76.483228478290471, 3.493207035919843 ], [ -76.483227079394183, 3.49319824348214 ], [ -76.483227073096842, 3.493198205505743 ], [ -76.48322567330915, 3.493189200582407 ], [ -76.483225667911597, 3.49318916351024 ], [ -76.48322419883101, 3.493180300542639 ], [ -76.483224192533669, 3.493180262566242 ], [ -76.483222863830179, 3.493171329077025 ], [ -76.483222858432669, 3.493171291100663 ], [ -76.48322145953928, 3.493162428135818 ], [ -76.483221453241939, 3.493162390159421 ], [ -76.483220123638674, 3.493153456670164 ], [ -76.48322011824115, 3.493153418693803 ], [ -76.483218859722086, 3.493144555734472 ], [ -76.483218854324591, 3.49314451775811 ], [ -76.483217455436844, 3.493135513738992 ], [ -76.483217449139502, 3.493135475762595 ], [ -76.483216119530724, 3.4931266833276 ], [ -76.483216114133171, 3.493126646255432 ], [ -76.483214785429865, 3.49311771186201 ], [ -76.483214780032327, 3.493117674789842 ], [ -76.48321352061356, 3.493108810926276 ], [ -76.483213515215994, 3.493108773854108 ], [ -76.483212185612913, 3.493099839460645 ], [ -76.483212180215375, 3.493099802388478 ], [ -76.483210921699268, 3.493090867997809 ], [ -76.483210916301715, 3.493090830925641 ], [ -76.483209656885819, 3.493081896534936 ], [ -76.483209651488266, 3.493081859462768 ], [ -76.483208392969431, 3.493072995599231 ], [ -76.483208387571892, 3.493072958527064 ], [ -76.483207198343138, 3.493064024139115 ], [ -76.483207192945599, 3.493063987066947 ], [ -76.483206003716887, 3.493055052678997 ], [ -76.48320599921918, 3.493055015606864 ], [ -76.48320473980057, 3.493046151743286 ], [ -76.483204734403031, 3.493046114671119 ], [ -76.483203545177147, 3.493037109756032 ], [ -76.48320354067944, 3.4930370726839 ], [ -76.483202351450799, 3.493028138295945 ], [ -76.483202346953092, 3.493028101223813 ], [ -76.483201087534539, 3.493019237360229 ], [ -76.483201082137001, 3.493019200288062 ], [ -76.483200033285442, 3.493010195378492 ], [ -76.483200028787735, 3.49301015830636 ], [ -76.483198839556366, 3.493001294445535 ], [ -76.483198835058658, 3.493001257373403 ], [ -76.483197715117385, 3.492992322988168 ], [ -76.483197710619677, 3.492992285916036 ], [ -76.483196591578263, 3.492983351530835 ], [ -76.483196587080556, 3.492983314458703 ], [ -76.483195468036371, 3.492974450600634 ], [ -76.483195463538678, 3.492974413528502 ], [ -76.483194344500092, 3.492965408616165 ], [ -76.48319434000237, 3.492965371544032 ], [ -76.483193290248323, 3.492956437161554 ], [ -76.483193285750602, 3.492956400089422 ], [ -76.483192096522146, 3.492947465701455 ], [ -76.483192092024439, 3.492947428629322 ], [ -76.483191113360164, 3.492938423722504 ], [ -76.483191108862457, 3.492938386650372 ], [ -76.483190060008283, 3.492929452267925 ], [ -76.48319005551059, 3.492929415195793 ], [ -76.483189005759385, 3.492920410286176 ], [ -76.48318900216151, 3.492920373214079 ], [ -76.483188022591875, 3.492911509361489 ], [ -76.483188018993999, 3.492911472289393 ], [ -76.483186969240066, 3.492902537906907 ], [ -76.483186965642176, 3.49290250083481 ], [ -76.48318598607537, 3.492893566455086 ], [ -76.483185982477494, 3.492893529382988 ], [ -76.483185002913501, 3.492884524476129 ], [ -76.483184999315625, 3.492884487404031 ], [ -76.483184019748848, 3.492875553024305 ], [ -76.483184015251155, 3.492875515952173 ], [ -76.483183036587022, 3.492866511045346 ], [ -76.4831830320893, 3.492866473973214 ], [ -76.483182053419611, 3.492857610120654 ], [ -76.483182049821735, 3.492857573048558 ], [ -76.483181140444927, 3.492848568144455 ], [ -76.483181136847051, 3.49284853107236 ], [ -76.483180227467457, 3.49283959669539 ], [ -76.483180223869596, 3.492839559623294 ], [ -76.483179244302903, 3.492830625243562 ], [ -76.483179240705027, 3.492830588171465 ], [ -76.483178401515389, 3.492821583270123 ], [ -76.483178397917513, 3.492821546198026 ], [ -76.48317748853519, 3.49281268234819 ], [ -76.483177484937315, 3.492812645276092 ], [ -76.483176575560577, 3.492803640371987 ], [ -76.483176571962716, 3.49280360329989 ], [ -76.483175732773105, 3.492794598398546 ], [ -76.48317572917523, 3.492794561326449 ], [ -76.48317489088268, 3.492785626952274 ], [ -76.483174887284818, 3.492785589880177 ], [ -76.48317404809525, 3.492776584978831 ], [ -76.48317404449736, 3.492776547906735 ], [ -76.483173275492135, 3.492767613535285 ], [ -76.483173271894259, 3.492767576463188 ], [ -76.483172436272469, 3.492759369965307 ], [ -76.483172362514821, 3.492758642086212 ], [ -76.483172359816791, 3.49275860501415 ], [ -76.483171660101632, 3.492749600118293 ], [ -76.483171657403602, 3.492749563046231 ], [ -76.483170045605462, 3.492731727755602 ], [ -76.483170042907417, 3.492731690683541 ], [ -76.483169553753626, 3.492722685795972 ], [ -76.483169551955427, 3.492722648723946 ], [ -76.483169132988763, 3.49271364383914 ], [ -76.483169131190564, 3.492713606767114 ], [ -76.483168782410999, 3.492704601885071 ], [ -76.4831687806128, 3.492704564813045 ], [ -76.483168291459037, 3.492695559925475 ], [ -76.483168289660853, 3.492695522853448 ], [ -76.483167870694189, 3.492686517968642 ], [ -76.48316786889599, 3.492686480896616 ], [ -76.483167379742241, 3.492677476009046 ], [ -76.483167377944042, 3.49267743893702 ], [ -76.48316702916172, 3.492668504582109 ], [ -76.483167027363521, 3.492668467510084 ], [ -76.4831666083969, 3.492659462625276 ], [ -76.483166606598701, 3.492659425553251 ], [ -76.483166187632079, 3.492650420668442 ], [ -76.483166185833866, 3.492650383596417 ], [ -76.483165766867259, 3.492641378711608 ], [ -76.48316576506906, 3.492641341639583 ], [ -76.483165346102481, 3.492632335850581 ], [ -76.483165344304254, 3.492632299682749 ], [ -76.483164925337704, 3.492623293893747 ], [ -76.483164923539448, 3.492623257725915 ], [ -76.483164434385799, 3.492614251934149 ], [ -76.4831644325876, 3.492614214862123 ], [ -76.483164013615394, 3.492605351935776 ], [ -76.483164010917363, 3.492605314863715 ], [ -76.483163879637047, 3.492602900660494 ], [ -76.48316352266356, 3.492596309071984 ], [ -76.483163519965487, 3.492596272904116 ], [ -76.483163349142714, 3.492592588306732 ], [ -76.483163178318677, 3.492588936260331 ], [ -76.483163100998922, 3.492587268019308 ], [ -76.483163099200709, 3.492587230947281 ], [ -76.483162680234202, 3.492578225158279 ], [ -76.483162678435988, 3.492578188086253 ], [ -76.483162189282339, 3.49256918319868 ], [ -76.48316218748414, 3.492569146126653 ], [ -76.483161698330505, 3.49256014123908 ], [ -76.483161696532292, 3.492560104167055 ], [ -76.483161277565756, 3.492551099282244 ], [ -76.483161275767557, 3.492551062210218 ], [ -76.483160786613936, 3.492542057322645 ], [ -76.483160784815738, 3.492542020250619 ], [ -76.4831604360363, 3.492533015368573 ], [ -76.483160434238101, 3.492532978296547 ], [ -76.483159874897396, 3.492523973406208 ], [ -76.483159873099197, 3.492523936334182 ], [ -76.483159845228414, 3.492523327810505 ], [ -76.483159454132689, 3.492514931449372 ], [ -76.48315945233449, 3.492514894377346 ], [ -76.483159522665503, 3.49251125771174 ], [ -76.48315952266698, 3.492511220639785 ], [ -76.483158435333564, 3.492496906301329 ], [ -76.483155112946704, 3.492433703008018 ], [ -76.483146940971437, 3.492289211576474 ], [ -76.483139216396253, 3.492162894462424 ], [ -76.483132120090843, 3.492054661253605 ], [ -76.48312861648229, 3.492000498989133 ], [ -76.483121069362326, 3.491892265762463 ], [ -76.483113881819278, 3.491793074490177 ], [ -76.483104267597497, 3.491666847720739 ], [ -76.483094922969826, 3.491549662902106 ], [ -76.483082072220128, 3.491396491022767 ], [ -76.483067693009005, 3.49123445707726 ], [ -76.483057956462787, 3.491129860432031 ], [ -76.483057626364669, 3.491126314170024 ], [ -76.483045492612931, 3.491000357654511 ], [ -76.483036505051601, 3.490910389089608 ], [ -76.483029133777364, 3.490838414049626 ], [ -76.483012953651155, 3.490685603715387 ], [ -76.483000099681504, 3.49056877953049 ], [ -76.482989941442398, 3.490478901338252 ], [ -76.482980591795183, 3.490398065118167 ], [ -76.482962342062038, 3.490245434635784 ], [ -76.482951283990204, 3.490155737246314 ], [ -76.482937618922563, 3.490048046292315 ], [ -76.48292485242672, 3.489949486829202 ], [ -76.482916131192951, 3.489883208157214 ], [ -76.482911907374344, 3.489838179127258 ], [ -76.482904535753477, 3.489775336445962 ], [ -76.482892666576376, 3.489694861802723 ], [ -76.482884933397699, 3.489650283826276 ], [ -76.482878187871165, 3.489614838248622 ], [ -76.482865057295271, 3.489552899532535 ], [ -76.482848148663308, 3.489482551661809 ], [ -76.482836635259844, 3.489438877728883 ], [ -76.482819095467661, 3.489378113385058 ], [ -76.482805603315668, 3.489334981889538 ], [ -76.48278239489629, 3.489266531670447 ], [ -76.482760445882818, 3.489207123441184 ], [ -76.48273705621682, 3.489148348089859 ], [ -76.482712137711488, 3.48909029512806 ], [ -76.482685778557695, 3.489032785528767 ], [ -76.482661938579255, 3.488984137130732 ], [ -76.482628561913387, 3.48892002572921 ], [ -76.482606790289481, 3.488880419352664 ], [ -76.482561087398281, 3.488802562802711 ], [ -76.482532298249154, 3.488756717204874 ], [ -76.48249748051596, 3.488703908166376 ], [ -76.482466531720632, 3.48865950828624 ], [ -76.482427574791231, 3.488606246982136 ], [ -76.482355782356905, 3.488480826960234 ], [ -76.482257449550474, 3.488308204222129 ], [ -76.48211062664636, 3.488048864592236 ], [ -76.482066273613782, 3.487970194298489 ], [ -76.482022010575193, 3.487891433586918 ], [ -76.4819557959988, 3.487773248217503 ], [ -76.481946979206654, 3.487757513978821 ], [ -76.481902807074263, 3.487678662845988 ], [ -76.481823727734366, 3.487536694832346 ], [ -76.481810592989348, 3.487513003508838 ], [ -76.481763000897502, 3.487427551613564 ], [ -76.481645721002579, 3.486916757663504 ], [ -76.481522111974257, 3.485878859009911 ], [ -76.481496939901476, 3.485667502621129 ], [ -76.481497017738391, 3.484980313355554 ], [ -76.48144310469516, 3.48430215928706 ], [ -76.481335189569933, 3.483732503557324 ], [ -76.481146299049129, 3.483081460666503 ], [ -76.480849402466703, 3.482674538381908 ], [ -76.48047151345007, 3.482339941781987 ], [ -76.480093490587379, 3.482132689904357 ], [ -76.479580741268592, 3.481851572983464 ], [ -76.479562744781205, 3.481851571302577 ], [ -76.479553746928659, 3.481842528069655 ], [ -76.479535750441443, 3.481842526388257 ], [ -76.479526753489068, 3.481833483155119 ], [ -76.479508757002009, 3.481833481473209 ], [ -76.479499760049976, 3.481824438239815 ], [ -76.479490761806559, 3.48182443694655 ], [ -76.479481764854782, 3.481815393712985 ], [ -76.479472765711591, 3.481815393323705 ], [ -76.47946376876007, 3.48180635008997 ], [ -76.479445772273579, 3.481806347502672 ], [ -76.479436775322355, 3.481797305172875 ], [ -76.479427777079195, 3.481797303879014 ], [ -76.47941878012827, 3.481788260644852 ], [ -76.479409781885167, 3.481788260255013 ], [ -76.479409782277713, 3.481779217410567 ], [ -76.479391785791691, 3.48177921572644 ], [ -76.479382788841292, 3.481770172491938 ], [ -76.479373790598345, 3.481770172101759 ], [ -76.479364793648188, 3.481761128867087 ], [ -76.479355795405368, 3.481761127572543 ], [ -76.47934679755565, 3.481752084337661 ], [ -76.479337799312887, 3.481752083947141 ], [ -76.47933780060589, 3.481743042006927 ], [ -76.479328802363241, 3.481743040712127 ], [ -76.47931980541378, 3.481733997477028 ], [ -76.479310807171217, 3.481733996182057 ], [ -76.479301809322152, 3.481724953850943 ], [ -76.479292811079674, 3.481724952555803 ], [ -76.479265819333463, 3.481697823753383 ], [ -76.479256821091241, 3.481697822457901 ], [ -76.479247824142888, 3.481688779222121 ], [ -76.479238825900723, 3.481688778830663 ], [ -76.479238827194706, 3.481679735986254 ], [ -76.479229828952612, 3.481679735594711 ], [ -76.479211834157113, 3.481661649122515 ], [ -76.479202835915203, 3.481661648730716 ], [ -76.479202837209485, 3.481652606790502 ], [ -76.479193838967703, 3.481652605494423 ], [ -76.479175844173383, 3.481634519021544 ], [ -76.479166845931729, 3.481634518629404 ], [ -76.479166847226352, 3.48162547668919 ], [ -76.479157848984826, 3.481625475392772 ], [ -76.47912186029906, 3.481589303349541 ], [ -76.479112862057875, 3.481589302052696 ], [ -76.479112862453192, 3.481580260112443 ], [ -76.479103865507298, 3.481571216875298 ], [ -76.479094867266255, 3.481571216482476 ], [ -76.479085870320631, 3.481562173245162 ], [ -76.479085871616022, 3.481553131304948 ], [ -76.479076873770822, 3.481544088067509 ], [ -76.479067875530063, 3.481544086770237 ], [ -76.479067876825638, 3.481535044830023 ], [ -76.479058879880569, 3.481526002496647 ], [ -76.47904988163998, 3.481526001199205 ], [ -76.479040883795378, 3.481516957961424 ], [ -76.479040885091209, 3.481507916021211 ], [ -76.479031888146693, 3.481498872783384 ], [ -76.479022889906332, 3.481498872389881 ], [ -76.479022890302488, 3.481489830449628 ], [ -76.479013893358314, 3.481480787211631 ], [ -76.479004895118152, 3.481480785913762 ], [ -76.47900489641431, 3.481471743973549 ], [ -76.478986901626953, 3.481453658401283 ], [ -76.478986902923282, 3.48144461646107 ], [ -76.478977904683461, 3.481444615162946 ], [ -76.478977905979875, 3.481435573222733 ], [ -76.478941917308092, 3.481399401172684 ], [ -76.478941917705015, 3.481390359232431 ], [ -76.478923923820247, 3.481372272754819 ], [ -76.478923924217341, 3.481363230814566 ], [ -76.478905930333383, 3.481345145240805 ], [ -76.478905930730647, 3.481336103300552 ], [ -76.478896932491864, 3.481336102001661 ], [ -76.478896933789031, 3.481327060061448 ], [ -76.478887936847585, 3.481318016822257 ], [ -76.478887938144851, 3.481308974882044 ], [ -76.478878940303815, 3.48129993164273 ], [ -76.478878941601153, 3.481290889702516 ], [ -76.478869943362767, 3.481290889307563 ], [ -76.47886994466019, 3.481281847367349 ], [ -76.478860946819594, 3.481272804127864 ], [ -76.478860948117102, 3.48126376218765 ], [ -76.478851951176594, 3.48125471894812 ], [ -76.478851952474187, 3.481245677007907 ], [ -76.478842954634118, 3.48123663376825 ], [ -76.478842955931782, 3.481227591828037 ], [ -76.478833957693993, 3.481227591432743 ], [ -76.478833958991743, 3.481218549492529 ], [ -76.4788249611521, 3.481209506252704 ], [ -76.478824962449934, 3.481200464312491 ], [ -76.478815965510364, 3.481191421072618 ], [ -76.478815967206387, 3.481173337192152 ], [ -76.478806970267144, 3.481164293952195 ], [ -76.478806971565163, 3.481155252011982 ], [ -76.478788976787513, 3.481137166435965 ], [ -76.47878897938385, 3.481119082555538 ], [ -76.478779981545571, 3.481110039315287 ], [ -76.478779984142079, 3.48109195543486 ], [ -76.478770986304141, 3.481082912194523 ], [ -76.47877098890082, 3.481064828314097 ], [ -76.478761991063209, 3.481055785073673 ], [ -76.478761993660058, 3.481037701193246 ], [ -76.478752996722577, 3.481028658856972 ], [ -76.47875299712129, 3.481019616012525 ], [ -76.478744000184065, 3.481010573676166 ], [ -76.47874400188141, 3.4809924897957 ], [ -76.478735004944568, 3.48098344655506 ], [ -76.478735007940756, 3.480956320734381 ], [ -76.478726011004326, 3.480947277493657 ], [ -76.47872601400077, 3.480920151672978 ], [ -76.478717017064767, 3.480911108432168 ], [ -76.478717021360282, 3.480874940671275 ], [ -76.478708023524959, 3.480865897430341 ], [ -76.478708027820787, 3.480829729669448 ], [ -76.478699030885764, 3.480820687332662 ], [ -76.478699038179116, 3.480757392846896 ], [ -76.47869004124486, 3.480748350510025 ], [ -76.47869005153612, 3.48065793020358 ], [ -76.478483198797306, 3.47973562597435 ], [ -76.478483338919105, 3.478524002367508 ], [ -76.478479290888117, 3.478518034507577 ], [ -76.478477857179584, 3.478463781898231 ], [ -76.478474715111886, 3.478400488177105 ], [ -76.478470043336813, 3.478337464742191 ], [ -76.478465729792632, 3.478292435688464 ], [ -76.478458448529864, 3.478229592976634 ], [ -76.478448199148147, 3.478157979451079 ], [ -76.478440825295067, 3.478113401454356 ], [ -76.478427336537024, 3.478042330301325 ], [ -76.478413936457613, 3.477980391511709 ], [ -76.478401344908974, 3.477927674632678 ], [ -76.478389921826846, 3.477884000649829 ], [ -76.47837274246146, 3.477823056305243 ], [ -76.478354033379318, 3.47776265350459 ], [ -76.478333884570702, 3.477702612317167 ], [ -76.478312295123999, 3.47764320400105 ], [ -76.478289176861068, 3.477584338132813 ], [ -76.47826479793261, 3.477525924304885 ], [ -76.478231243334207, 3.477451957025957 ], [ -76.478207583841069, 3.477403127685312 ], [ -76.478170339912282, 3.477330878208352 ], [ -76.478130755500658, 3.477259894497008 ], [ -76.478089012370219, 3.477190175654923 ], [ -76.4780550051603, 3.477136914392747 ], [ -76.478019738169905, 3.477084466847549 ], [ -76.477999045438764, 3.477054896967368 ], [ -76.477961798790076, 3.47700380562234 ], [ -76.477934448580399, 3.476967906083928 ], [ -76.477889374646892, 3.476911478735765 ], [ -76.477851227029845, 3.476866174187692 ], [ -76.477699658471849, 3.476692062991247 ], [ -76.477235472233275, 3.476158839615646 ], [ -76.476971943743195, 3.47591069682401 ], [ -76.476351142372607, 3.475277685291735 ], [ -76.476342145512064, 3.475268642028426 ], [ -76.476333147330763, 3.475268641609437 ], [ -76.476297158990789, 3.475232469459158 ], [ -76.476288160809887, 3.475232468135549 ], [ -76.476288162131183, 3.475223426195338 ], [ -76.476279164371931, 3.47521438293139 ], [ -76.476270166191199, 3.475214381607611 ], [ -76.476270167512666, 3.4752053396674 ], [ -76.47626117065353, 3.475196297307518 ], [ -76.476252172472954, 3.475196295983567 ], [ -76.476243174714313, 3.475187252719278 ], [ -76.476243176036036, 3.475178210779067 ], [ -76.47623417785563, 3.475178209454946 ], [ -76.476216184138778, 3.475160123830221 ], [ -76.476216184560926, 3.475151081889968 ], [ -76.476207186380805, 3.475151080565591 ], [ -76.476198189522805, 3.475142037300918 ], [ -76.476198190844954, 3.475132995360707 ], [ -76.476189192664947, 3.475132994940354 ], [ -76.476180194907485, 3.475123951675469 ], [ -76.476180196229805, 3.475114909735258 ], [ -76.476171199372402, 3.475105866470328 ], [ -76.476162201192693, 3.475105865145526 ], [ -76.476162201615367, 3.475096823205273 ], [ -76.476153204758262, 3.475087780844368 ], [ -76.476144206578738, 3.475087779519394 ], [ -76.476135209721946, 3.475078736254125 ], [ -76.476135211044678, 3.475069694313914 ], [ -76.47612621328831, 3.475060651048517 ], [ -76.476117215108999, 3.475060650627483 ], [ -76.476117216431902, 3.475051608687272 ], [ -76.476108219575707, 3.475042565421746 ], [ -76.476108219998878, 3.475033523481493 ], [ -76.476099221819851, 3.475033522156094 ], [ -76.476090224963983, 3.475024478890398 ], [ -76.476090226287155, 3.475015436950187 ], [ -76.476054237965897, 3.474979264790704 ], [ -76.476054238389565, 3.474970222850451 ], [ -76.476045240211107, 3.474970222428734 ], [ -76.476045241534678, 3.474961180488523 ], [ -76.476027246925696, 3.474943093955981 ], [ -76.476027248249451, 3.474934052015771 ], [ -76.476018250071377, 3.474934050689603 ], [ -76.476009253217171, 3.474925008327334 ], [ -76.476009254541083, 3.474915966387123 ], [ -76.476000256787358, 3.474906923120534 ], [ -76.476000258111355, 3.474897881180323 ], [ -76.475991259933636, 3.4748978798539 ], [ -76.47598226308007, 3.474888836587182 ], [ -76.47598226350442, 3.474879794646929 ], [ -76.475973266651053, 3.474870752284319 ], [ -76.475973267975348, 3.474861709439915 ], [ -76.475964269797927, 3.474861709017431 ], [ -76.475964270222434, 3.474852667077178 ], [ -76.475946276516837, 3.474834580543144 ], [ -76.475946277841345, 3.474825538602933 ], [ -76.475937279664294, 3.474825537275998 ], [ -76.47593728008907, 3.474816495335746 ], [ -76.47592828323674, 3.47480745297271 ], [ -76.475928284561405, 3.474798411032499 ], [ -76.475919286809557, 3.474789367765142 ], [ -76.475919288134321, 3.474780325824931 ], [ -76.475910291282531, 3.474771282557531 ], [ -76.475901293106006, 3.474771281230256 ], [ -76.475901294430926, 3.474762239290046 ], [ -76.475892296679632, 3.474753196926626 ], [ -76.475892298004638, 3.474744154986416 ], [ -76.475883301153445, 3.474735111718759 ], [ -76.475883301578719, 3.474726069778506 ], [ -76.475874303402605, 3.474726068450976 ], [ -76.475874304727796, 3.474717026510766 ], [ -76.475865307877029, 3.474707983242939 ], [ -76.475865308302474, 3.474698941302686 ], [ -76.475856311451921, 3.474689898938967 ], [ -76.475856312777267, 3.474680856998757 ], [ -76.475838318177125, 3.474662770462635 ], [ -76.475838319502628, 3.474653728522425 ], [ -76.4758293226528, 3.474644685254258 ], [ -76.475829323078585, 3.474635643314005 ], [ -76.47582032622897, 3.474626600949946 ], [ -76.475820327554686, 3.474617558105543 ], [ -76.475811330705341, 3.474608515741398 ], [ -76.475811331131283, 3.474599473801145 ], [ -76.475802332956377, 3.474599472472932 ], [ -76.475802335608066, 3.474581388592511 ], [ -76.475793337859429, 3.474572345323961 ], [ -76.475793339185358, 3.47456330338375 ], [ -76.475784342336809, 3.474554260115156 ], [ -76.475784343662824, 3.474545218174946 ], [ -76.475775345914656, 3.474536175810419 ], [ -76.475775347240756, 3.474527133870208 ], [ -76.475766349066546, 3.474527132541655 ], [ -76.475766350819072, 3.474509048661191 ], [ -76.475757353971289, 3.474500005392342 ], [ -76.47575735529756, 3.474490963452131 ], [ -76.475748358450019, 3.474481920183197 ], [ -76.475748360202886, 3.474463836302734 ], [ -76.4757393633557, 3.474454793033714 ], [ -76.47573936378231, 3.474445751093461 ], [ -76.475730366935323, 3.474436708728549 ], [ -76.475730368261836, 3.474427666788339 ], [ -76.475721371415148, 3.474418623519149 ], [ -76.475721371841928, 3.474409581578896 ], [ -76.475712374995496, 3.474400538309621 ], [ -76.47571237674903, 3.474382454429157 ], [ -76.475703379902939, 3.474373411159797 ], [ -76.47570338255646, 3.474355327279376 ], [ -76.475694384810836, 3.474346284914082 ], [ -76.475694387464571, 3.474328200129468 ], [ -76.475685389719303, 3.474319157764088 ], [ -76.475685391046227, 3.474310115823878 ], [ -76.475676394201074, 3.47430107255426 ], [ -76.475676395955276, 3.474282988673797 ], [ -76.475667399110449, 3.474273945404097 ], [ -76.475667400864808, 3.474255861523633 ], [ -76.475658404020322, 3.474246818253846 ], [ -76.475658405774851, 3.474228734373382 ], [ -76.475649408930664, 3.474219692007704 ], [ -76.475649412012658, 3.474192565282837 ], [ -76.475640415168897, 3.474183522917074 ], [ -76.475640416923753, 3.474165439036611 ], [ -76.475631420080376, 3.474156395766567 ], [ -76.47563142316281, 3.474129269945894 ], [ -76.475622426319845, 3.474120226675767 ], [ -76.475622428075027, 3.474102142795303 ], [ -76.475613431232404, 3.47409309952509 ], [ -76.475613435642913, 3.474056931764206 ], [ -76.475604438800815, 3.474047888493908 ], [ -76.475604441883959, 3.474020762673235 ], [ -76.475595445042245, 3.474011720307046 ], [ -76.475595449881354, 3.473966509701714 ], [ -76.475586453040222, 3.47395746733544 ], [ -76.475586457451683, 3.473921299574556 ], [ -76.475577460611106, 3.473912256304002 ], [ -76.475577466778844, 3.473858004662655 ], [ -76.475568469938949, 3.473848961392016 ], [ -76.475568477863291, 3.473776625870205 ], [ -76.475559481024234, 3.473767582599482 ], [ -76.475559494689577, 3.473650037376578 ], [ -76.475550497851785, 3.473640994105769 ], [ -76.475550519015187, 3.473460154397113 ], [ -76.47555951850731, 3.473451113787501 ], [ -76.475559533071973, 3.47333356856464 ], [ -76.475568531663015, 3.473324527050706 ], [ -76.47556862250805, 3.472565002263672 ], [ -76.475618475531135, 3.471316351552707 ], [ -76.475622772732791, 3.471208713786453 ], [ -76.475622785059059, 3.471100210503759 ], [ -76.475631784527906, 3.47109116898927 ], [ -76.475631820648303, 3.470783742117497 ], [ -76.475622823836559, 3.470774699751566 ], [ -76.475622841470468, 3.470630027803836 ], [ -76.47561384376047, 3.470620984533582 ], [ -76.47561385523224, 3.470530565131394 ], [ -76.475604857523251, 3.470521521861056 ], [ -76.475604866341342, 3.470449186339288 ], [ -76.475595869533009, 3.470440143068906 ], [ -76.475595875697138, 3.47038589142756 ], [ -76.475586878889487, 3.470376848157093 ], [ -76.475586885054071, 3.470322596515746 ], [ -76.475577888247102, 3.470313553245195 ], [ -76.475577893084704, 3.470268343544058 ], [ -76.475568896278276, 3.470259301177615 ], [ -76.475568902016136, 3.470214090572328 ], [ -76.475559904310501, 3.470205048205758 ], [ -76.475559908721095, 3.470168880444874 ], [ -76.475550911915818, 3.470159837174066 ], [ -76.475550916326739, 3.470123669413183 ], [ -76.475541919521959, 3.470114626142291 ], [ -76.475541922605444, 3.470087500321617 ], [ -76.475532924901287, 3.470078457050598 ], [ -76.475532928884817, 3.470051331229967 ], [ -76.475523931181073, 3.470042287958861 ], [ -76.475523935592975, 3.470006120197977 ], [ -76.475514938789559, 3.46999707692683 ], [ -76.475514941873769, 3.469969951106157 ], [ -76.475505945070722, 3.469960908739118 ], [ -76.47550594669903, 3.46994552839879 ], [ -76.475505948155202, 3.46993378201425 ], [ -76.475496951352596, 3.469924739647126 ], [ -76.47549695443729, 3.469897613826452 ], [ -76.475487956735336, 3.469888570555007 ], [ -76.475487959391828, 3.469870486674586 ], [ -76.475478962590017, 3.469861443403097 ], [ -76.475478965675194, 3.469834317582424 ], [ -76.475469967973993, 3.469825274310808 ], [ -76.475469969302409, 3.469816232370598 ], [ -76.475460972501281, 3.469807189098938 ], [ -76.475460975586955, 3.469780063278264 ], [ -76.475451978786211, 3.469771020910714 ], [ -76.475451980543539, 3.469752937030251 ], [ -76.475442983743164, 3.469743893758423 ], [ -76.475442986829336, 3.469716767937749 ], [ -76.475433990029387, 3.469707724665834 ], [ -76.475433991787057, 3.46968964078537 ], [ -76.475424994987449, 3.469680597513371 ], [ -76.475424996745275, 3.469662513632907 ], [ -76.475415999946009, 3.469653470360823 ], [ -76.475416001704005, 3.46963538648036 ], [ -76.475407003576038, 3.469635386052594 ], [ -76.475407006234008, 3.469617302172173 ], [ -76.475398009435324, 3.469608258899917 ], [ -76.475398011193661, 3.469590175019454 ], [ -76.475389014395319, 3.469581131747114 ], [ -76.475389016153827, 3.469563047866651 ], [ -76.475380019355811, 3.469554004594224 ], [ -76.475380021114475, 3.469535920713761 ], [ -76.475371024316814, 3.46952687744125 ], [ -76.475371025646126, 3.46951783550104 ], [ -76.475362027948862, 3.469508793132595 ], [ -76.475362029278259, 3.469499751192385 ], [ -76.475353032481109, 3.469490707919702 ], [ -76.475353034240257, 3.46947262403924 ], [ -76.475344037443449, 3.469463580766473 ], [ -76.475344039202767, 3.46944549688601 ], [ -76.475335042406286, 3.469436453613157 ], [ -76.475335043735939, 3.469427411672947 ], [ -76.475326046039896, 3.469418368399967 ], [ -76.475326048699358, 3.469400284519547 ], [ -76.475308054207915, 3.469382198877567 ], [ -76.475308056867703, 3.469364114997147 ], [ -76.475299059172514, 3.469355071723912 ], [ -76.475299060502493, 3.469346029783702 ], [ -76.475290063707362, 3.469336986510423 ], [ -76.475290065467675, 3.46931890262996 ], [ -76.475281068672857, 3.46930986026079 ], [ -76.475281070002993, 3.46930081832058 ], [ -76.475272072308655, 3.469291775047089 ], [ -76.475272073638891, 3.469282733106879 ], [ -76.475263076844612, 3.469273689833346 ], [ -76.475263078174933, 3.469264647893136 ], [ -76.475254080481093, 3.469255604619473 ], [ -76.475254081811485, 3.469246562679263 ], [ -76.475245085017733, 3.469237519405559 ], [ -76.47524508677887, 3.469219435525096 ], [ -76.475236089985401, 3.4692103931555 ], [ -76.475236091315963, 3.46920135121529 ], [ -76.475227093192146, 3.469201349881625 ], [ -76.474903227660278, 3.468631666812433 ], [ -76.474885505993342, 3.468591518841293 ], [ -76.474867563507175, 3.468559010394536 ], [ -76.474867064155049, 3.468558106176484 ], [ -76.47485057204041, 3.468528226291224 ], [ -76.474835265775397, 3.468500494827782 ], [ -76.474584817904017, 3.468046744610758 ], [ -76.474498400405977, 3.467890177419117 ], [ -76.474454756757467, 3.467799537987848 ], [ -76.474366273756772, 3.467615777952723 ], [ -76.474283272618464, 3.467465295229276 ], [ -76.474267121799755, 3.467430668331868 ], [ -76.474194003618379, 3.467273902838011 ], [ -76.47418936017597, 3.467264050513175 ], [ -76.474086880568251, 3.467046623912279 ], [ -76.474033052828446, 3.466921524224637 ], [ -76.473991660864257, 3.466825326801703 ], [ -76.47393215288146, 3.466621974261881 ], [ -76.473925219694294, 3.466496468173665 ], [ -76.47392025894257, 3.466406662475054 ], [ -76.473938511421437, 3.466299701738778 ], [ -76.47395598083699, 3.466197333365189 ], [ -76.473997650544874, 3.466059774946543 ], [ -76.474013419949983, 3.466036352573281 ], [ -76.474134553863649, 3.465856432028841 ], [ -76.474247647912875, 3.46567701109622 ], [ -76.474363718636383, 3.465475955644442 ], [ -76.474372718501741, 3.465457873105826 ], [ -76.474381717928424, 3.465448831603184 ], [ -76.474381720604811, 3.465430747722765 ], [ -76.474390719131293, 3.465421707124189 ], [ -76.474390721807509, 3.46540362324377 ], [ -76.474399721233453, 3.465394582645151 ], [ -76.474399721671659, 3.465385540704898 ], [ -76.474408721097376, 3.465376499202 ], [ -76.474408722873434, 3.465358415321538 ], [ -76.474417722298782, 3.46534937472275 ], [ -76.47441772363662, 3.46534033278254 ], [ -76.474426723061697, 3.465331292183665 ], [ -76.474426723499647, 3.465322250243412 ], [ -76.474435722924511, 3.465313208740258 ], [ -76.474435725599847, 3.46529512485984 ], [ -76.47444472412451, 3.465286084260752 ], [ -76.474444725462092, 3.465277042320543 ], [ -76.474453724886317, 3.465268001721412 ], [ -76.47445372666148, 3.46524991784095 ], [ -76.474471725509105, 3.46523183573824 ], [ -76.4744717259466, 3.465222793797987 ], [ -76.474480725370043, 3.4652137531986 ], [ -76.474480728044497, 3.465195669318182 ], [ -76.474489726567825, 3.465186627814473 ], [ -76.474489727904967, 3.465177585874263 ], [ -76.474498727327813, 3.465168545274707 ], [ -76.474498729102095, 3.465150461394245 ], [ -76.474507727187614, 3.465150462734812 ], [ -76.474507728524586, 3.465141420794603 ], [ -76.474516727946948, 3.465132379290681 ], [ -76.474516728384017, 3.465123337350428 ], [ -76.474525727806082, 3.465114296750615 ], [ -76.474525729142869, 3.465105254810406 ], [ -76.474534728564663, 3.465096214210509 ], [ -76.474534730338263, 3.465078130330047 ], [ -76.474552728281239, 3.465060048225758 ], [ -76.47455272961777, 3.465051006285548 ], [ -76.474561729038783, 3.465041965685395 ], [ -76.474561730375228, 3.465032923745186 ], [ -76.474570728896239, 3.465023882240709 ], [ -76.474570731568932, 3.465005798360291 ], [ -76.47458872950979, 3.464987717159514 ], [ -76.474588730845966, 3.464978675219305 ], [ -76.474597730265998, 3.464969633714616 ], [ -76.474597730702286, 3.464960591774363 ], [ -76.474606730122019, 3.464951551173782 ], [ -76.474606731458024, 3.464942509233573 ], [ -76.474615730877488, 3.464933468632909 ], [ -76.474615731313591, 3.464924426692656 ], [ -76.474624729397021, 3.464924427127921 ], [ -76.474624732068676, 3.464906343247502 ], [ -76.474633731487643, 3.464897302646666 ], [ -76.474633731923575, 3.464888260706413 ], [ -76.474642731342257, 3.464879220105492 ], [ -76.474642732677921, 3.464870178165283 ], [ -76.474660730614872, 3.464852096058947 ], [ -76.474660731950323, 3.464843054118738 ], [ -76.474669731368351, 3.464834013517562 ], [ -76.474669731803914, 3.464824971577309 ], [ -76.474671233656579, 3.464823462550046 ], [ -76.474678731221715, 3.464815930071853 ], [ -76.474678732557024, 3.464806888131643 ], [ -76.474696730492028, 3.464788806928819 ], [ -76.474696731827152, 3.464779764988609 ], [ -76.474705731244256, 3.464770723482898 ], [ -76.474705731679492, 3.464761681542645 ], [ -76.474714731096299, 3.464752640941042 ], [ -76.474714732431238, 3.464743599000832 ], [ -76.474732730364394, 3.464725516893132 ], [ -76.474732731699177, 3.464716474952923 ], [ -76.474741731115287, 3.464707434351065 ], [ -76.474741732449971, 3.464698392410855 ], [ -76.474750730966022, 3.464689351808867 ], [ -76.47475073230062, 3.464680309868658 ], [ -76.474759730381749, 3.464680310302644 ], [ -76.474759731716262, 3.464671268362435 ], [ -76.474768730231887, 3.464662227760277 ], [ -76.4747687315663, 3.464653185820067 ], [ -76.474777730981472, 3.464644145217866 ], [ -76.474777732315815, 3.464635103277657 ], [ -76.474782337755897, 3.46463047583463 ], [ -76.474804729660264, 3.464607980566308 ], [ -76.474804730994336, 3.464598938626099 ], [ -76.474813729508895, 3.46458989711932 ], [ -76.474813730842882, 3.46458085517911 ], [ -76.474822728923016, 3.464580856516694 ], [ -76.474822730256932, 3.464571814576484 ], [ -76.474831729670797, 3.464562773973773 ], [ -76.47483173010481, 3.46455373203352 ], [ -76.474840729518476, 3.464544690526528 ], [ -76.474840730852193, 3.464535648586319 ], [ -76.474849728931915, 3.464535649923647 ], [ -76.474849729365758, 3.464526607983395 ], [ -76.474867728191995, 3.46450852587318 ], [ -76.474867729525471, 3.46449948393297 ], [ -76.47487672803841, 3.464490443329788 ], [ -76.474876729371786, 3.464481401389579 ], [ -76.474885727450996, 3.464481402726566 ], [ -76.474885728784287, 3.464472360786356 ], [ -76.474894728196659, 3.464463319278853 ], [ -76.474894728630062, 3.4644542773386 ], [ -76.474903728042136, 3.464445236735207 ], [ -76.474912726121005, 3.464445238071938 ], [ -76.47491272745404, 3.464436196131728 ], [ -76.474921725965984, 3.464427154623926 ], [ -76.474921727298934, 3.464418112683717 ], [ -76.474930726710397, 3.464409072080067 ], [ -76.474930728043262, 3.464400030139857 ], [ -76.47493972612169, 3.464400031476333 ], [ -76.474939726554652, 3.46439098953608 ], [ -76.474957725376598, 3.46437290742416 ], [ -76.474957726709192, 3.46436386548395 ], [ -76.474975724630468, 3.464345783371647 ], [ -76.474975725962892, 3.464336741431437 ], [ -76.475002723293144, 3.464309618714461 ], [ -76.475002724625298, 3.464300576774251 ], [ -76.475029721953703, 3.464273454960701 ], [ -76.475029723285601, 3.464264413020491 ], [ -76.475056720612244, 3.46423729030198 ], [ -76.475056721943872, 3.46422824836177 ], [ -76.475083719268696, 3.464201125642492 ], [ -76.475083719700265, 3.464192083702239 ], [ -76.475110717923101, 3.464164960982236 ], [ -76.475110718354415, 3.464155919041983 ], [ -76.475146715082317, 3.46411975481128 ], [ -76.475146716413093, 3.46411071287107 ], [ -76.475173713731976, 3.464083590149234 ], [ -76.475173715062496, 3.464074548209024 ], [ -76.475182713137841, 3.464074549543196 ], [ -76.475191712543548, 3.464065508937074 ], [ -76.47519171297408, 3.464056466996821 ], [ -76.475200712379575, 3.464047425486419 ], [ -76.475200713709825, 3.464038383546209 ], [ -76.475209711784842, 3.464038384880126 ], [ -76.475218711189953, 3.464029344273748 ], [ -76.475218711620215, 3.464020302333495 ], [ -76.475227711025056, 3.464011261727032 ], [ -76.47523670909986, 3.4640112621565 ], [ -76.475236710429769, 3.46400222021629 ], [ -76.475272707146971, 3.463966056885005 ], [ -76.475272708476524, 3.463957014944795 ], [ -76.475281706550788, 3.463957016278031 ], [ -76.475281706980439, 3.463947974337778 ], [ -76.475317703693904, 3.463911810100595 ], [ -76.475317705023031, 3.463902768160385 ], [ -76.475326703096769, 3.463902769493194 ], [ -76.475335702499464, 3.463893728885707 ], [ -76.475335702928604, 3.463884686945454 ], [ -76.475344702331071, 3.463875645433689 ], [ -76.475353700404568, 3.463875646766241 ], [ -76.47535370173334, 3.463866604826031 ], [ -76.475369919733836, 3.463850312021512 ], [ -76.475389698440921, 3.463830441490313 ], [ -76.475389699769337, 3.463821399550103 ], [ -76.475398697842323, 3.46382140088223 ], [ -76.475407696343794, 3.463812359369825 ], [ -76.47540769767204, 3.463803317429615 ], [ -76.475416697073015, 3.463794276821361 ], [ -76.475425695145731, 3.463794278153232 ], [ -76.475434694546493, 3.463785236640614 ], [ -76.47543469497468, 3.463776194700361 ], [ -76.475443694375144, 3.463767154091851 ], [ -76.475452692447618, 3.463767155423466 ], [ -76.475452693775424, 3.463758113483256 ], [ -76.475461692275786, 3.463749071970339 ], [ -76.475470690348075, 3.463749073301783 ], [ -76.475470691675724, 3.463740031361573 ], [ -76.475506688374011, 3.463703868021422 ], [ -76.475515686445874, 3.46370386935244 ], [ -76.475515687773097, 3.46369482741223 ], [ -76.475569682364451, 3.463640581946815 ], [ -76.47557868043576, 3.463640582373043 ], [ -76.475578681762372, 3.463631540432833 ], [ -76.475957429447348, 3.463266891419968 ], [ -76.475989411819995, 3.463236098785503 ], [ -76.47622661780143, 3.463007722231579 ], [ -76.476370322313855, 3.462852245532567 ], [ -76.476577587766045, 3.462628001472472 ], [ -76.476856542287237, 3.462250526907106 ], [ -76.477018563238417, 3.462031283573179 ], [ -76.477018565863929, 3.462013199692755 ], [ -76.477027564332687, 3.462004159069199 ], [ -76.477027565645358, 3.461995117128987 ], [ -76.477045564381868, 3.461977034977504 ], [ -76.477045564794551, 3.461967993037251 ], [ -76.477054564162444, 3.461958952413479 ], [ -76.477054565887457, 3.461940868533015 ], [ -76.477063565254994, 3.461931827909157 ], [ -76.47706356656731, 3.461922785968945 ], [ -76.477072565934634, 3.461913744440809 ], [ -76.477072566347061, 3.461904702500556 ], [ -76.477081564401942, 3.46190470381674 ], [ -76.477081567026232, 3.461886619936316 ], [ -76.477090566393002, 3.461877579312203 ], [ -76.477090566805245, 3.46186853737195 ], [ -76.477099566171802, 3.461859495843557 ], [ -76.477099567895934, 3.461841411963093 ], [ -76.477108567262093, 3.461832371338808 ], [ -76.477108568573968, 3.461823329398596 ], [ -76.477117567939928, 3.461814287870034 ], [ -76.477117568062084, 3.461811606934749 ], [ -76.477117568351915, 3.461805245929781 ], [ -76.477126567717576, 3.461796205305327 ], [ -76.477126569441168, 3.461778121424862 ], [ -76.477135568806474, 3.461769080800322 ], [ -76.477135571429699, 3.461750996919899 ], [ -76.477144569894904, 3.461741955391039 ], [ -76.477144572517957, 3.461723871510615 ], [ -76.477153571882567, 3.461714830885905 ], [ -76.477153573605634, 3.461696747005441 ], [ -76.477162572969902, 3.461687706380645 ], [ -76.477162574692798, 3.46166962250018 ], [ -76.477171574056754, 3.461660580971105 ], [ -76.477171575368033, 3.461651539030894 ], [ -76.477180573831888, 3.461642498405887 ], [ -76.477180577765395, 3.461615372585252 ], [ -76.477189576228838, 3.461606331960159 ], [ -76.477189578850997, 3.461588248079735 ], [ -76.477198577314141, 3.461579206550363 ], [ -76.477198581247109, 3.461552080729728 ], [ -76.47720757970977, 3.461543040104466 ], [ -76.477207584053573, 3.461506872343577 ], [ -76.477216583415569, 3.461497830814076 ], [ -76.477216586448193, 3.461470704993399 ], [ -76.477225585809705, 3.461461664368007 ], [ -76.477225590152798, 3.461425496607118 ], [ -76.477234588613982, 3.4614164559816 ], [ -76.477234594267372, 3.461371245376305 ], [ -76.477238399716356, 3.461367422617558 ], [ -76.477243593627776, 3.461362204750743 ], [ -76.477243597970116, 3.461326036989854 ], [ -76.477252596430191, 3.461316996364165 ], [ -76.477252597864648, 3.461305223757996 ], [ -76.47725260380372, 3.461253702782599 ], [ -76.477261603162859, 3.461244661252671 ], [ -76.477261616187633, 3.461136157970005 ], [ -76.477270614645718, 3.461127117344146 ], [ -76.477270639382567, 3.460919151814831 ], [ -76.477261642647292, 3.460910108560227 ], [ -76.47726165477178, 3.46080160527752 ], [ -76.477252658037699, 3.460792562022829 ], [ -76.477252665256643, 3.460732662785635 ], [ -76.477252665410759, 3.460729268441264 ], [ -76.477243668677445, 3.460720225186489 ], [ -76.477243673430124, 3.460675015485348 ], [ -76.477234676697393, 3.460665972230486 ], [ -76.477234682350286, 3.460620762529386 ], [ -76.477225684718334, 3.4606117192744 ], [ -76.477225689061001, 3.460575551513511 ], [ -76.477216692329364, 3.46056650825848 ], [ -76.477216695361648, 3.460539382437804 ], [ -76.477207698630394, 3.460530340086881 ], [ -76.477207702973701, 3.460494172325993 ], [ -76.477198705343184, 3.460485129070751 ], [ -76.477198707964902, 3.460467045190327 ], [ -76.47718971123453, 3.46045800193504 ], [ -76.477189712956601, 3.460439918054576 ], [ -76.47718071622657, 3.460430874799204 ], [ -76.477180719259835, 3.460403748978528 ], [ -76.477171721630413, 3.460394705723029 ], [ -76.477171724252628, 3.460376621842606 ], [ -76.477162727523293, 3.460367579491257 ], [ -76.477162729245904, 3.4603494947066 ], [ -76.477153732516939, 3.460340452355166 ], [ -76.477153734239664, 3.460322368474701 ], [ -76.477144737511054, 3.460313325218989 ], [ -76.477144739233964, 3.460295241338525 ], [ -76.477135742505695, 3.460286198082726 ], [ -76.477135744228761, 3.460268114202262 ], [ -76.477126746189313, 3.460268112886591 ], [ -76.477126748812353, 3.460250029006168 ], [ -76.477117752084638, 3.460240986654393 ], [ -76.477117752496468, 3.460231943809946 ], [ -76.477108755769009, 3.460222901458086 ], [ -76.477108757492559, 3.460204817577621 ], [ -76.477099760765483, 3.460195774321483 ], [ -76.477099763389006, 3.46017769044106 ], [ -76.476900747166255, 3.459751781512619 ], [ -76.476886582948012, 3.459721468660783 ], [ -76.476820892944701, 3.459580887879613 ], [ -76.476811896226167, 3.459571844620747 ], [ -76.47681189885499, 3.459553760740323 ], [ -76.476802901236994, 3.459544717481331 ], [ -76.476802903865988, 3.459526633600909 ], [ -76.476793906248318, 3.45951759034183 ], [ -76.476793907562893, 3.459508548401618 ], [ -76.47678491084524, 3.45949950604669 ], [ -76.476784912574757, 3.459481422166226 ], [ -76.476775915857488, 3.45947237890702 ], [ -76.476775917587176, 3.459454295026556 ], [ -76.476766920870233, 3.459445251767263 ], [ -76.476766923499881, 3.45942716788684 ], [ -76.476757925883476, 3.459418124627422 ], [ -76.476757928513294, 3.459400040746999 ], [ -76.47674893089723, 3.459390997487495 ], [ -76.476748934842192, 3.459363871666861 ], [ -76.476739937226512, 3.459354829311466 ], [ -76.476739938541584, 3.459345787371255 ], [ -76.476730941826006, 3.459336744111621 ], [ -76.476730943556504, 3.459318660231157 ], [ -76.476721946841252, 3.459309616971439 ], [ -76.476721948571921, 3.459291533090974 ], [ -76.47671295185701, 3.459282489831171 ], [ -76.47671295358785, 3.459264405950706 ], [ -76.476703956873266, 3.459255362690818 ], [ -76.476703959504079, 3.459237278810395 ], [ -76.47669496188999, 3.459228236454574 ], [ -76.476694964936669, 3.459201109729704 ], [ -76.476685968222824, 3.459192067373838 ], [ -76.47668596953838, 3.459183025433627 ], [ -76.476676971925016, 3.459173982173442 ], [ -76.476676974556312, 3.45915589829302 ], [ -76.476667977843093, 3.459146855032789 ], [ -76.476667979574742, 3.459128771152325 ], [ -76.476658982861863, 3.45911972789201 ], [ -76.476658985909495, 3.459092602071335 ], [ -76.476649989196972, 3.459083559715129 ], [ -76.476649990928991, 3.45906547493047 ], [ -76.476640994216822, 3.459056432574179 ], [ -76.476640995948983, 3.459038348693715 ], [ -76.476631999237185, 3.459029305433145 ], [ -76.476632000969488, 3.45901122155268 ], [ -76.476623004258045, 3.459002178292024 ], [ -76.476623005990518, 3.45898409441156 ], [ -76.476614009279402, 3.458975051150819 ], [ -76.476614011911835, 3.458956967270397 ], [ -76.476605014301256, 3.45894792400953 ], [ -76.47660501693386, 3.458929840129107 ], [ -76.47659601932358, 3.458920797772348 ], [ -76.476596023272734, 3.458893671951714 ], [ -76.476587025662909, 3.458884628690675 ], [ -76.476587028295839, 3.458866544810253 ], [ -76.476578030686355, 3.45885750154913 ], [ -76.476578034635992, 3.458830375728496 ], [ -76.476569037026934, 3.458821332467287 ], [ -76.476569038343555, 3.458812290527076 ], [ -76.476560041634556, 3.458803247265824 ], [ -76.476560043368167, 3.45878516338536 ], [ -76.476551046659466, 3.458776121028217 ], [ -76.476551049710039, 3.458748995207541 ], [ -76.476542053001779, 3.458739951946118 ], [ -76.476542054735731, 3.458721868065654 ], [ -76.476533713053627, 3.458713483991959 ], [ -76.476533058027826, 3.458712824804147 ], [ -76.476533061078882, 3.458685698983471 ], [ -76.476524064371389, 3.458676655721877 ], [ -76.476524066105668, 3.458658571841413 ], [ -76.476515069398516, 3.458649528579736 ], [ -76.47651507245007, 3.45862240275906 ], [ -76.476506075743302, 3.458613360401491 ], [ -76.476506077477936, 3.458595275616832 ], [ -76.476497080771509, 3.458586233259177 ], [ -76.47649708250627, 3.458568149378713 ], [ -76.476488085800213, 3.45855910611678 ], [ -76.476488088852491, 3.458531980296104 ], [ -76.476479092146874, 3.458522937034085 ], [ -76.476479093881963, 3.458504853153621 ], [ -76.476470097176659, 3.458495809891517 ], [ -76.476470100229434, 3.458468684070841 ], [ -76.476461103524557, 3.458459640808652 ], [ -76.476461106577574, 3.458432514987977 ], [ -76.476452109873094, 3.458423472629896 ], [ -76.476452111608651, 3.458405388749432 ], [ -76.476443114904541, 3.458396345487071 ], [ -76.476443116640283, 3.458378261606607 ], [ -76.476434119936513, 3.458369218344163 ], [ -76.476434122990256, 3.458342092523488 ], [ -76.476425126286898, 3.458333049260956 ], [ -76.476425129340896, 3.458305923440281 ], [ -76.476416132637965, 3.458296880177666 ], [ -76.47641613437419, 3.458278796297202 ], [ -76.476407137671544, 3.458269753938695 ], [ -76.476407212834516, 3.457636919392854 ], [ -76.476407229003001, 3.457501342732773 ], [ -76.476407233512774, 3.457462200173544 ], [ -76.4764072470294, 3.457345044658257 ], [ -76.47640727076363, 3.457143143558242 ], [ -76.476407270768732, 3.457143033246571 ], [ -76.476407270931759, 3.457139507794067 ], [ -76.476389353554382, 3.456470399763946 ], [ -76.476388433434479, 3.456462273729427 ], [ -76.47637308731052, 3.456326774115375 ], [ -76.476308455008649, 3.455756075482737 ], [ -76.476254483216309, 3.455620439341255 ], [ -76.476217146787576, 3.455352213865634 ], [ -76.476203567047193, 3.455254659737863 ], [ -76.476191550638831, 3.455168333964366 ], [ -76.47594866799642, 3.454625786277302 ], [ -76.475815717217984, 3.454301951973652 ], [ -76.475714787579363, 3.454056114940808 ], [ -76.475606875593698, 3.453522626320841 ], [ -76.475606896545244, 3.453345001021945 ], [ -76.475606911477001, 3.453218835213245 ], [ -76.475751019198512, 3.452052438962046 ], [ -76.47582309024736, 3.451320047910372 ], [ -76.47582308861783, 3.451316412146112 ], [ -76.475823089293698, 3.451301964029781 ], [ -76.475832091270746, 3.451292923417725 ], [ -76.475832089641187, 3.451289287653465 ], [ -76.475832091639603, 3.451265797596924 ], [ -76.475841093616253, 3.451256756080587 ], [ -76.475841091986666, 3.451253120316327 ], [ -76.47584109266225, 3.451238672199997 ], [ -76.475850094638517, 3.451229631587768 ], [ -76.475850093008901, 3.451225995823509 ], [ -76.475850093684329, 3.451211547707178 ], [ -76.475859095660255, 3.451202507094866 ], [ -76.475859094030611, 3.451198871330605 ], [ -76.475859096028344, 3.451175380369869 ], [ -76.475868096681538, 3.451175381697682 ], [ -76.475868095051837, 3.451171745933421 ], [ -76.475868097049315, 3.451148255876881 ], [ -76.475877099024473, 3.451139215264397 ], [ -76.475877097394743, 3.451135579500137 ], [ -76.475877100714214, 3.451103047503385 ], [ -76.475886102688889, 3.451094005986622 ], [ -76.475886101059132, 3.451090370222363 ], [ -76.475886104378276, 3.451057838225611 ], [ -76.475895105452608, 3.451048797612915 ], [ -76.475895103822793, 3.451045161848654 ], [ -76.475895108463675, 3.451003587911693 ], [ -76.475904110437227, 3.450994546394759 ], [ -76.475904108807384, 3.450990910630498 ], [ -76.475904115191952, 3.450931252813073 ], [ -76.475913117164694, 3.450922212200247 ], [ -76.475913115534823, 3.450918576435988 ], [ -76.475913126728443, 3.450813708917424 ], [ -76.475922128700034, 3.450804667400319 ], [ -76.475922127969909, 3.450801031636102 ], [ -76.475922138262675, 3.450696162309108 ], [ -76.475922138432267, 3.45069252835332 ], [ -76.475913142704641, 3.450683485085978 ], [ -76.475913155219843, 3.450569573818816 ], [ -76.475913155389463, 3.450565939863028 ], [ -76.475904159663102, 3.450556896595602 ], [ -76.475904166047386, 3.450497236969788 ], [ -76.475904166217035, 3.450493603014001 ], [ -76.475898765902414, 3.450488174883303 ], [ -76.47589756323535, 3.450480496411063 ], [ -76.475896158171579, 3.450471595458978 ], [ -76.475896121290006, 3.450471381163259 ], [ -76.475895172477095, 3.4504613038762 ], [ -76.475895175301744, 3.45043935004535 ], [ -76.475886177777141, 3.450430306777669 ], [ -76.475886182165581, 3.450394139016784 ], [ -76.475877185541279, 3.45038509574906 ], [ -76.475877189930031, 3.450348927988175 ], [ -76.475868192406409, 3.450339885624517 ], [ -76.475868195050879, 3.450321800839901 ], [ -76.475859197527583, 3.450312758476157 ], [ -76.475859200172195, 3.450294674595736 ], [ -76.475850203549072, 3.450285631327756 ], [ -76.475850206616414, 3.450258505507082 ], [ -76.475841209093915, 3.450249462238974 ], [ -76.475841211738839, 3.450231378358553 ], [ -76.475832215116483, 3.450222335090402 ], [ -76.475832216861775, 3.450204251209939 ], [ -76.475823220239704, 3.450195208845896 ], [ -76.475823221985209, 3.450177124061239 ], [ -76.475814225363479, 3.450168081697111 ], [ -76.475814227109097, 3.450149997816648 ], [ -76.475805229164948, 3.450149996488452 ], [ -76.47580523181054, 3.450131912608031 ], [ -76.475796234289632, 3.450122869339496 ], [ -76.475796236935381, 3.450104785459076 ], [ -76.475701385021338, 3.449972368097431 ], [ -76.475680345610286, 3.449942997072981 ], [ -76.475669966263979, 3.449928506873126 ], [ -76.475634299859607, 3.449878716646612 ], [ -76.47558850773008, 3.449817136153385 ], [ -76.475519452409841, 3.44973476803842 ], [ -76.475327783694269, 3.449506151552726 ], [ -76.474996955359444, 3.449284493368532 ], [ -76.474893584195868, 3.449156167899583 ], [ -76.474883026644719, 3.449143061099418 ], [ -76.474729036146755, 3.448951897116781 ], [ -76.474704913316373, 3.448863677357829 ], [ -76.474694711449388, 3.448826368011214 ], [ -76.474680790490325, 3.448775457598263 ], [ -76.474616670790979, 3.448540967148709 ], [ -76.474555811398076, 3.448318396842629 ], [ -76.474534376996175, 3.448102987852514 ], [ -76.474501763590027, 3.447775236732868 ], [ -76.474496879180634, 3.447726146898022 ], [ -76.474484903340837, 3.447605790858463 ], [ -76.474554223887424, 3.447107076961428 ], [ -76.474579552772184, 3.446924851444822 ], [ -76.474627011558013, 3.446770846893767 ], [ -76.474645045280596, 3.446712326520006 ], [ -76.474660478199993, 3.446662247575643 ], [ -76.474661455525151, 3.446659076614424 ], [ -76.474784514751605, 3.446259748878676 ], [ -76.475052512649981, 3.445167149971733 ], [ -76.47506916585057, 3.445055719706066 ], [ -76.475148561471798, 3.44452447786813 ], [ -76.475194522862722, 3.444216947400648 ], [ -76.475084291300107, 3.44352016026483 ], [ -76.475012112476946, 3.443360551188561 ], [ -76.474825475636621, 3.442947838226135 ], [ -76.474769178270037, 3.44282334788793 ], [ -76.474693160853477, 3.442705615444496 ], [ -76.474681880154705, 3.442688144966785 ], [ -76.474639859600529, 3.442623064474897 ], [ -76.474288599874313, 3.442079046321848 ], [ -76.474052257827722, 3.44180974771152 ], [ -76.473737193870335, 3.441461322761656 ], [ -76.473358949032175, 3.441239658050719 ], [ -76.472933554809075, 3.441033720184979 ], [ -76.472508045179552, 3.441033668911306 ], [ -76.472192845900295, 3.441065277096175 ], [ -76.471846134350699, 3.441255296545744 ], [ -76.471671304319003, 3.441410237483618 ], [ -76.471578148835405, 3.441492795544214 ], [ -76.471199913446185, 3.44193616648959 ], [ -76.471010717824669, 3.442427031820083 ], [ -76.471002481635423, 3.442487719085068 ], [ -76.470916153705488, 3.443123793374009 ], [ -76.470790011213737, 3.443788814245327 ], [ -76.470711105733713, 3.444469845431684 ], [ -76.470600718757822, 3.445055660612152 ], [ -76.470571518317882, 3.445168079327404 ], [ -76.470513338268972, 3.445333519356975 ], [ -76.470407797897892, 3.445633635679287 ], [ -76.470306605940237, 3.445851931702416 ], [ -76.470151850189168, 3.446055274024866 ], [ -76.469994118021845, 3.446255625089782 ], [ -76.469866146948235, 3.446411120651922 ], [ -76.469702463919603, 3.446602499937588 ], [ -76.469461403465829, 3.44687461684887 ], [ -76.469244152925441, 3.447083935998041 ], [ -76.468878104355611, 3.447365017412411 ], [ -76.468637049797451, 3.447520507552315 ], [ -76.468295838454068, 3.447757469048153 ], [ -76.468078968646054, 3.447874175878466 ], [ -76.468040094828083, 3.447892254897388 ], [ -76.467990603265775, 3.447913858779544 ], [ -76.467981432378082, 3.447917579934461 ], [ -76.467940482815962, 3.447934196752636 ], [ -76.467890001616908, 3.447953268831437 ], [ -76.467838981514916, 3.447970984586596 ], [ -76.467796148836257, 3.447984812759624 ], [ -76.467735680905648, 3.448002618403665 ], [ -76.467683401303546, 3.448016446046087 ], [ -76.467630941816466, 3.448028916480369 ], [ -76.46757803250182, 3.448040121919211 ], [ -76.467516125256537, 3.44805141636778 ], [ -76.46744495018261, 3.448062077358188 ], [ -76.467391321296219, 3.44806848961384 ], [ -76.46732860454037, 3.448074268421292 ], [ -76.467274706780586, 3.44807769771919 ], [ -76.46721172117698, 3.44808004056653 ], [ -76.467166821507575, 3.448080487427637 ], [ -76.467112833994847, 3.448079846933983 ], [ -76.467058846557961, 3.448077851050415 ], [ -76.467005039160711, 3.448074408463486 ], [ -76.466942233960822, 3.44806879439568 ], [ -76.466897604548947, 3.448063543932747 ], [ -76.466852976088092, 3.448057389273741 ], [ -76.466808526737225, 3.448050331332942 ], [ -76.466764348280478, 3.448042277887782 ], [ -76.466702624141789, 3.448029430313142 ], [ -76.466650077861829, 3.448017036256743 ], [ -76.466589163728088, 3.448000843202805 ], [ -76.466528789573886, 3.447982841787627 ], [ -76.466477413279108, 3.4479660172375 ], [ -76.466435034807347, 3.447951002489703 ], [ -76.466376101482581, 3.447928480176794 ], [ -76.466326255960396, 3.447907767671505 ], [ -76.466276859508483, 3.44788578931763 ], [ -76.466228093879948, 3.447862635545038 ], [ -76.466187876120827, 3.447842286165061 ], [ -76.466129662858236, 3.447815966263163 ], [ -76.466081166310659, 3.44779217956263 ], [ -76.466033300602206, 3.447766946185395 ], [ -76.465970679802851, 3.447731222402783 ], [ -76.465924703839221, 3.447702914869004 ], [ -76.465864602703533, 3.447663031931821 ], [ -76.465820517385112, 3.447631651146383 ], [ -76.465777510987508, 3.447599094064707 ], [ -76.465728297336966, 3.447559393489887 ], [ -76.465680613424908, 3.447518155871069 ], [ -76.465634190218751, 3.447475290773524 ], [ -76.465589295851288, 3.44743088953655 ], [ -76.465539813911974, 3.447378439800632 ], [ -76.465492401613503, 3.447324000955286 ], [ -76.465458215540352, 3.447282041656862 ], [ -76.465430595790664, 3.447246321677206 ], [ -76.465393440936666, 3.447195229844418 ], [ -76.46535304824755, 3.44713527672048 ], [ -76.465337206165358, 3.447110168139626 ], [ -76.465329028707444, 3.447097206946874 ], [ -76.465305819023357, 3.447058413864557 ], [ -76.46527496296352, 3.447003163101059 ], [ -76.46525823138515, 3.44697124317349 ], [ -76.465037665185875, 3.446480235766647 ], [ -76.46500797852066, 3.446431314421039 ], [ -76.464976853444384, 3.446376335794518 ], [ -76.464953912225141, 3.446332445777572 ], [ -76.464943389440606, 3.446312314185525 ], [ -76.464923689079711, 3.446271712911322 ], [ -76.46489751211486, 3.44621411240939 ], [ -76.464869897823931, 3.446147288139167 ], [ -76.464853886705541, 3.446105060434794 ], [ -76.464838775400182, 3.446062471105337 ], [ -76.464824654786597, 3.446019519251978 ], [ -76.464808915072311, 3.445967616686672 ], [ -76.464799201161227, 3.445932803742073 ], [ -76.464787959927889, 3.445889039186797 ], [ -76.464779686603762, 3.445853864648988 ], [ -76.464768445914615, 3.44580078689502 ], [ -76.464760083155412, 3.445756299153294 ], [ -76.464751452786174, 3.445702770359676 ], [ -76.464741205275971, 3.445622114745886 ], [ -76.464736892506409, 3.445577084725576 ], [ -76.46473303015911, 3.445523013695635 ], [ -76.464730965976102, 3.445477802968675 ], [ -76.464729803904433, 3.445423641678057 ], [ -76.464729899217517, 3.445378431982241 ], [ -76.464731075178193, 3.445333222349955 ], [ -76.464733691324099, 3.445279061281448 ], [ -76.464739549560861, 3.445206906942342 ], [ -76.464749187419002, 3.445126073466852 ], [ -76.46475594204253, 3.445081406678787 ], [ -76.464768818576971, 3.445010248269508 ], [ -76.464780162614844, 3.444957173650609 ], [ -76.464792856314659, 3.44490445988425 ], [ -76.464807079633985, 3.444852108789327 ], [ -76.46481734194758, 3.444817479664657 ], [ -76.464868192146938, 3.444702222322678 ], [ -76.465103059864362, 3.444169871940659 ], [ -76.465360831969022, 3.443596866651891 ], [ -76.46556084120563, 3.443051421400404 ], [ -76.465735845833521, 3.442635162289614 ], [ -76.465817995589148, 3.442366028250907 ], [ -76.465864430258506, 3.442172250391661 ], [ -76.465918008151647, 3.441949764780787 ], [ -76.465953729716503, 3.441759575046802 ], [ -76.465978738735799, 3.44154785312344 ], [ -76.465953762202133, 3.441188998778439 ], [ -76.465868068757729, 3.440977270486043 ], [ -76.465810943009444, 3.4407906641518 ], [ -76.465692423148553, 3.440351857374811 ], [ -76.465678931154116, 3.440315416671665 ], [ -76.465655633680484, 3.440256640904782 ], [ -76.465641601641693, 3.440223274429579 ], [ -76.465619653321937, 3.44017372151892 ], [ -76.465592486686504, 3.440116573075888 ], [ -76.465559652718426, 3.440052280266848 ], [ -76.46553806375546, 3.440012583090025 ], [ -76.465501989570697, 3.439950008059904 ], [ -76.465473652600082, 3.43990380029336 ], [ -76.465444235848963, 3.439858314914332 ], [ -76.465424084189877, 3.439828383113839 ], [ -76.465387649476355, 3.439776748806184 ], [ -76.46534986503255, 3.439726109032094 ], [ -76.465299215312399, 3.439662628048556 ], [ -76.465252343304186, 3.439607646706203 ], [ -76.465203851600563, 3.439554202396972 ], [ -76.465172723636215, 3.439521646884387 ], [ -76.465115054354769, 3.439464494839791 ], [ -76.465062153471735, 3.439415389493027 ], [ -76.46503516312238, 3.439391515384593 ], [ -76.464980011740323, 3.439344941644948 ], [ -76.464951941580523, 3.439322333342588 ], [ -76.46489840912048, 3.439287786377768 ], [ -76.464837678637565, 3.439248988371479 ], [ -76.464831231020497, 3.439244917311619 ], [ -76.464761472413784, 3.439200875349442 ], [ -76.464700292007691, 3.439162800663153 ], [ -76.464608251909155, 3.439105914206859 ], [ -76.464562096428011, 3.439077787435291 ], [ -76.464469515512107, 3.439021986870687 ], [ -76.464353271952348, 3.438953161790253 ], [ -76.464291011731433, 3.438916895401738 ], [ -76.464228571547835, 3.438880809837273 ], [ -76.464173778349846, 3.438849517855321 ], [ -76.464095413386133, 3.438805201362377 ], [ -76.464016687589663, 3.438761337842691 ], [ -76.463953616598033, 3.438726608513628 ], [ -76.463876164799473, 3.438684584188883 ], [ -76.463842771299511, 3.438666464859327 ], [ -76.463755318690701, 3.438619796891049 ], [ -76.463675603045104, 3.438577921606542 ], [ -76.463509774759672, 3.438501814689496 ], [ -76.462950779871022, 3.438245262001815 ], [ -76.462854781373721, 3.438180780809776 ], [ -76.462788562844409, 3.438134024527293 ], [ -76.462701472210554, 3.438069724700422 ], [ -76.462637324266083, 3.438020166436246 ], [ -76.462567058219079, 3.437963735015329 ], [ -76.462511637980697, 3.437917522793508 ], [ -76.462456937628602, 3.437870407322662 ], [ -76.462383073963139, 3.437804210372499 ], [ -76.46231721719488, 3.437742625297236 ], [ -76.462291216787023, 3.437717666138683 ], [ -76.46220188008337, 3.43762841037298 ], [ -76.462133416395844, 3.437556517312839 ], [ -76.462096800366069, 3.437516727809521 ], [ -76.462019070804544, 3.437428920355752 ], [ -76.461955106305027, 3.437352958686963 ], [ -76.461887273270762, 3.437268498255186 ], [ -76.461837793678797, 3.437204112965264 ], [ -76.461784176498711, 3.437131498346833 ], [ -76.461763215172397, 3.437102108934944 ], [ -76.461732089017119, 3.437057890110898 ], [ -76.461681440367045, 3.436983105604883 ], [ -76.461651753942604, 3.436937711415228 ], [ -76.46160353571031, 3.436861390830161 ], [ -76.461566113073985, 3.436799629341401 ], [ -76.461525181810231, 3.436729457724399 ], [ -76.461520902016943, 3.436721830581705 ], [ -76.461498644753789, 3.436682164918269 ], [ -76.461468329122951, 3.43662664280643 ], [ -76.461438914199206, 3.436570759976279 ], [ -76.461402122099898, 3.436498148191964 ], [ -76.461359034371498, 3.436408717100648 ], [ -76.461353504156989, 3.436396671083029 ], [ -76.461351479020749, 3.436392259394103 ], [ -76.461350682011968, 3.436389053072384 ], [ -76.461115232697438, 3.435442098561794 ], [ -76.461099574483981, 3.434776968837157 ], [ -76.461115396386077, 3.434206875492529 ], [ -76.461121656712336, 3.433863149236918 ], [ -76.461131259354644, 3.433335955892636 ], [ -76.46113132007001, 3.432877735680076 ], [ -76.461131379030107, 3.432433296288601 ], [ -76.461059348088554, 3.431853658196021 ], [ -76.461036913417416, 3.431673125410303 ], [ -76.460910960432074, 3.430881303945926 ], [ -76.460729833624612, 3.430216152052776 ], [ -76.460398991049544, 3.42950351051949 ], [ -76.460162693607074, 3.428949296011919 ], [ -76.460005180358166, 3.427999054913059 ], [ -76.460052616782662, 3.427191432734289 ], [ -76.460226051296061, 3.426162119232734 ], [ -76.460541486165667, 3.425006147047565 ], [ -76.461030053683913, 3.423723429378471 ], [ -76.46131384987352, 3.422979223105404 ], [ -76.461326456797437, 3.422901735367783 ], [ -76.46133771369395, 3.422830305645796 ], [ -76.461348700658121, 3.422758875002649 ], [ -76.461363290154324, 3.422660410086689 ], [ -76.461381122261642, 3.422535090809929 ], [ -76.461396883453304, 3.422418632505299 ], [ -76.461410753684248, 3.422311035184108 ], [ -76.46142606644375, 3.422185444491372 ], [ -76.461437416779319, 3.422086616790757 ], [ -76.461449398403843, 3.42197874809321 ], [ -76.46146228180109, 3.421852795571058 ], [ -76.461466696110577, 3.421807947821937 ], [ -76.461469308898586, 3.421780822163661 ], [ -76.46148021225298, 3.421663820134744 ], [ -76.461487240800921, 3.421582805691211 ], [ -76.461492467816498, 3.421519693273146 ], [ -76.461499497821052, 3.421429545565728 ], [ -76.461506077945913, 3.421339308315074 ], [ -76.46150986477744, 3.421285237747639 ], [ -76.461516266399812, 3.421185957641333 ], [ -76.461521135510353, 3.421104761320283 ], [ -76.461525645612852, 3.421023564976889 ], [ -76.461531780765824, 3.420897068613649 ], [ -76.461534307025758, 3.420842907548356 ], [ -76.461537917917269, 3.42075257878932 ], [ -76.461541440289594, 3.420653117665081 ], [ -76.461544332824317, 3.420553656501686 ], [ -76.461546322680718, 3.420472369582164 ], [ -76.461547772129322, 3.42040003414994 ], [ -76.461549223583191, 3.420309614837263 ], [ -76.461550135176807, 3.420219195491038 ], [ -76.461550688559498, 3.420115754824344 ], [ -76.461537020265851, 3.420055985845407 ], [ -76.461534136339665, 3.420044141628571 ], [ -76.46151777550152, 3.419976956282567 ], [ -76.461501857896053, 3.419915559614018 ], [ -76.461480453659959, 3.419837162851938 ], [ -76.461457699761695, 3.419759037263584 ], [ -76.461444479448261, 3.41971581506192 ], [ -76.461108448619925, 3.418455183948698 ], [ -76.460772418640332, 3.417194553620714 ], [ -76.460757758998554, 3.417147624123343 ], [ -76.460743009706619, 3.417095449390536 ], [ -76.460729880018349, 3.417042823566724 ], [ -76.460718369927946, 3.416989836167183 ], [ -76.460708479435155, 3.416936487191969 ], [ -76.460701467642451, 3.416891909080194 ], [ -76.460695535588613, 3.416846970263018 ], [ -76.460690772322138, 3.416802121034702 ], [ -76.460686550390889, 3.416747959546191 ], [ -76.460683679564937, 3.416684755298371 ], [ -76.460683149588903, 3.416612419742648 ], [ -76.460683964316473, 3.416576252032867 ], [ -76.460685950190324, 3.416531132876042 ], [ -76.46069072734376, 3.416468020434021 ], [ -76.460696582746294, 3.416414040419641 ], [ -76.460702706605758, 3.416369284105436 ], [ -76.46071343837373, 3.416306385428414 ], [ -76.460714863215372, 3.416298035286353 ], [ -76.460723867185607, 3.416253730346333 ], [ -76.460731969032864, 3.416218468193876 ], [ -76.460743042427552, 3.416174615481065 ], [ -76.460757625415667, 3.416122354888877 ], [ -76.460776798583026, 3.416062138582193 ], [ -76.460791739979882, 3.416019462468752 ], [ -76.460811091603091, 3.41596882972512 ], [ -76.460828373223023, 3.415927057952372 ], [ -76.460846733622887, 3.415885829667758 ], [ -76.460866083737415, 3.415844962218422 ], [ -76.460886513525864, 3.415804728676554 ], [ -76.460912253267225, 3.415757081076757 ], [ -76.460944202694378, 3.415702471572101 ], [ -76.460953742021331, 3.415687101776628 ], [ -76.46124468185495, 3.415336312603203 ], [ -76.461568004433914, 3.415050358777356 ], [ -76.461600761852736, 3.415009402630646 ], [ -76.46164179659911, 3.414961485606579 ], [ -76.461672213269395, 3.414928125446207 ], [ -76.461697140047121, 3.414902088012016 ], [ -76.461729086219989, 3.414870173750881 ], [ -76.461761841221204, 3.414839163732782 ], [ -76.461788657377511, 3.41481502612483 ], [ -76.461829691331545, 3.414779858228403 ], [ -76.461864785541067, 3.41475156093351 ], [ -76.461907888792311, 3.414718835389675 ], [ -76.461929754856044, 3.414702923829259 ], [ -76.461974297594807, 3.414672278017553 ], [ -76.462012090844198, 3.414647869822247 ], [ -76.462066171161098, 3.414615325786761 ], [ -76.4621133220366, 3.414589020260524 ], [ -76.462157367606963, 3.414566470562964 ], [ -76.462169470668186, 3.414560273961375 ], [ -76.462234797852034, 3.414529991997045 ], [ -76.462276278795528, 3.414512455892337 ], [ -76.462335036359889, 3.414489768747709 ], [ -76.462377506879136, 3.414474854861938 ], [ -76.462773882432728, 3.414305557882967 ], [ -76.463041708250927, 3.414209880576482 ], [ -76.463398810555759, 3.414060380093723 ], [ -76.463710589678882, 3.413901258852563 ], [ -76.463773769156546, 3.413869014552759 ], [ -76.463839906177625, 3.413820834909852 ], [ -76.463886073057282, 3.413787203456815 ], [ -76.464011841526059, 3.413695583548475 ], [ -76.464226107752651, 3.413510188585557 ], [ -76.464247292058928, 3.413473219156614 ], [ -76.464308805904778, 3.413365867845474 ], [ -76.464339199282634, 3.413312826006901 ], [ -76.464373741053166, 3.413266615598701 ], [ -76.464594355871611, 3.41297146895297 ], [ -76.464608197704834, 3.412941559030191 ], [ -76.465279894517437, 3.411490122822029 ], [ -76.465739221439904, 3.410086597994399 ], [ -76.465743368384594, 3.410023666329429 ], [ -76.465745714423704, 3.409969414823158 ], [ -76.465746889361782, 3.40992429560897 ], [ -76.465747346810943, 3.40987004399368 ], [ -76.465745648691382, 3.409779624492835 ], [ -76.46574214912998, 3.40970737828377 ], [ -76.465736759175357, 3.40963522328915 ], [ -76.465728402321417, 3.409554296536923 ], [ -76.465720222591031, 3.40949154409482 ], [ -76.465712657512015, 3.409442612293868 ], [ -76.465709164138261, 3.409420020804293 ], [ -76.465697925213135, 3.4093577202823 ], [ -76.465685156683321, 3.409295781349393 ], [ -76.465670513169087, 3.40923197514727 ], [ -76.465668970468457, 3.409225251471301 ], [ -76.465650893837491, 3.409155264904234 ], [ -76.465628319790468, 3.409077138522027 ], [ -76.465614739516027, 3.409034097196407 ], [ -76.465606375052602, 3.409008236763179 ], [ -76.465588656370031, 3.408956966127832 ], [ -76.465577191637664, 3.408926024848625 ], [ -76.465563561525641, 3.408889238733673 ], [ -76.465536667137215, 3.408822143266206 ], [ -76.465507973199834, 3.408755771953067 ], [ -76.465477570584071, 3.408690213410379 ], [ -76.465449505027905, 3.408633607427428 ], [ -76.465424498159933, 3.408585501045112 ], [ -76.465385097414512, 3.408514425489202 ], [ -76.465348395440984, 3.408452121674843 ], [ -76.46530998386983, 3.408390993211833 ], [ -76.465280117271121, 3.408345779963839 ], [ -76.465269501040694, 3.408330320340462 ], [ -76.465249441764229, 3.408301108280013 ], [ -76.465217865563773, 3.408257159897925 ], [ -76.46519627579093, 3.408228223526333 ], [ -76.464814993057729, 3.40781752895108 ], [ -76.464653257781876, 3.407643318325475 ], [ -76.46456153082066, 3.407481964017279 ], [ -76.464404025054606, 3.407204899719506 ], [ -76.464394636176451, 3.407188383156108 ], [ -76.464385195401874, 3.407135848020425 ], [ -76.464375846085517, 3.407073276336345 ], [ -76.464373729099577, 3.407055423804191 ], [ -76.464369465450133, 3.407019475509919 ], [ -76.46436461351324, 3.406965404419904 ], [ -76.464360842711187, 3.406902200129966 ], [ -76.464359587847554, 3.406866122713966 ], [ -76.464359053316898, 3.406820912980911 ], [ -76.46435950941526, 3.406775703306485 ], [ -76.464361405644141, 3.406721451777005 ], [ -76.464364921424334, 3.406667290762768 ], [ -76.464369877699312, 3.406613310672563 ], [ -76.464375191551355, 3.406568372543774 ], [ -76.464387349184335, 3.4064879913181 ], [ -76.464395542219975, 3.406443506360718 ], [ -76.464404815848383, 3.406399201401779 ], [ -76.464417239100271, 3.4063464885287 ], [ -76.464428761179065, 3.406302727123072 ], [ -76.464449194991161, 3.406233467972334 ], [ -76.46446629688765, 3.406181930827298 ], [ -76.464494558950491, 3.406105711652349 ], [ -76.464508149864244, 3.406072166856231 ], [ -76.464529750415892, 3.406022439267837 ], [ -76.464548740274594, 3.405981481302845 ], [ -76.464576909416621, 3.405924883130382 ], [ -76.464602558735251, 3.405877144101687 ], [ -76.464634147722549, 3.405822444936505 ], [ -76.464667445279758, 3.405768739580076 ], [ -76.464692373303805, 3.405731128383814 ], [ -76.464718201052719, 3.405693969336821 ], [ -76.465093268249632, 3.405304219495076 ], [ -76.465500635510296, 3.404927403161607 ], [ -76.465589037805856, 3.404850792306481 ], [ -76.466067628897235, 3.40449232685129 ], [ -76.466303318918321, 3.404298559812447 ], [ -76.466558054581611, 3.404076085638025 ], [ -76.466703280789829, 3.403913414008831 ], [ -76.466777086450037, 3.403784231470163 ], [ -76.466875006437718, 3.403604099860089 ], [ -76.466915177526445, 3.403475626105062 ], [ -76.466941372339036, 3.403322516792968 ], [ -76.466948520510613, 3.40321486204719 ], [ -76.466969957902933, 3.403004336144917 ], [ -76.466977106358144, 3.402875148922357 ], [ -76.466984262053003, 3.402631129962774 ], [ -76.466972370385733, 3.402413425591424 ], [ -76.466938867035694, 3.401913545456862 ], [ -76.466937780134572, 3.401897335004951 ], [ -76.466937296468075, 3.401890121317681 ], [ -76.466915533681174, 3.401802411459374 ], [ -76.466899075248932, 3.401741285204758 ], [ -76.466878840131898, 3.401671841055499 ], [ -76.466865618905373, 3.401628708444461 ], [ -76.466831621289572, 3.401525716109058 ], [ -76.46680715728148, 3.401457717525235 ], [ -76.466471015293678, 3.400703936074245 ], [ -76.466397056518815, 3.400565417471224 ], [ -76.466128648452909, 3.40006271002843 ], [ -76.466104128406471, 3.40001678641628 ], [ -76.466097856025186, 3.400005037863544 ], [ -76.466039569307895, 3.399895872077941 ], [ -76.466033721511295, 3.399885862314276 ], [ -76.465962632106368, 3.399764184455942 ], [ -76.465890497485603, 3.399653638968985 ], [ -76.465238623611953, 3.398654648556962 ], [ -76.465210436120728, 3.398611451757246 ], [ -76.464512284578475, 3.397545679802083 ], [ -76.464046850036212, 3.396661908344084 ], [ -76.464009468235645, 3.396555660607674 ], [ -76.463972158378439, 3.396434718816922 ], [ -76.463941876899625, 3.396321196355798 ], [ -76.4639141269883, 3.396197713443312 ], [ -76.46389136892094, 3.396073241639665 ], [ -76.46387374124788, 3.395947923816143 ], [ -76.463861175574408, 3.395821970646157 ], [ -76.463853740266714, 3.395695593715392 ], [ -76.463851437105745, 3.395569076941001 ], [ -76.463852219076145, 3.395505782501516 ], [ -76.463854688592548, 3.395433447126715 ], [ -76.463863844172607, 3.395298172109013 ], [ -76.463872149024311, 3.395217220113469 ], [ -76.463882562855929, 3.395136549448079 ], [ -76.463892130772933, 3.395073963516855 ], [ -76.463916890469534, 3.394940668710456 ], [ -76.463932434943231, 3.394870030383301 ], [ -76.463958878210164, 3.394764850685327 ], [ -76.46398890689224, 3.394660588957167 ], [ -76.464144215924918, 3.393854885365484 ], [ -76.46448062574639, 3.392295473498784 ], [ -76.464558324072883, 3.391554748773373 ], [ -76.464574364727284, 3.391443633315113 ], [ -76.464586188631515, 3.391326725341079 ], [ -76.464593446519359, 3.391191309150225 ], [ -76.464594234251692, 3.391073763068773 ], [ -76.464588698748216, 3.390938274692517 ], [ -76.46457943405089, 3.390830193121578 ], [ -76.464567075512221, 3.39073150775246 ], [ -76.464549445889276, 3.390624413972007 ], [ -76.464525490661686, 3.390509409024412 ], [ -76.464496545423671, 3.390395532215756 ], [ -76.464462608365068, 3.390282997839459 ], [ -76.464420659533829, 3.390163680628906 ], [ -76.464387281378151, 3.39007975588621 ], [ -76.464339707611032, 3.389972376413066 ], [ -76.464299933066258, 3.389891275990712 ], [ -76.463996047703986, 3.389436383239024 ], [ -76.463530634894155, 3.388422632733008 ], [ -76.463297987222205, 3.387733858876857 ], [ -76.463285552801992, 3.387673741882752 ], [ -76.463265114540548, 3.38754884704118 ], [ -76.463254021208286, 3.38745001977283 ], [ -76.463245884758777, 3.387314672286018 ], [ -76.463245690663129, 3.387188084206119 ], [ -76.46325111704364, 3.387079723208677 ], [ -76.46326406714158, 3.386953843905912 ], [ -76.463284045914961, 3.386828883688093 ], [ -76.463310984056605, 3.386705266617593 ], [ -76.463327088416136, 3.386644022910071 ], [ -76.463367242196227, 3.386514615271686 ], [ -76.463401626547252, 3.386421304518337 ], [ -76.46360854941328, 3.386005471788479 ], [ -76.46376380680158, 3.385602630097035 ], [ -76.464300623509999, 3.384524093303372 ], [ -76.46474037373028, 3.383939319109581 ], [ -76.465296459360431, 3.383328635480817 ], [ -76.465658594262081, 3.382834835440473 ], [ -76.465716665507614, 3.382757279745143 ], [ -76.465771713931275, 3.382674637780443 ], [ -76.465822124396027, 3.382589027980401 ], [ -76.465859809186085, 3.382517050882242 ], [ -76.465901362940443, 3.382426777639143 ], [ -76.465937926895961, 3.382334384676402 ], [ -76.465971890314279, 3.382231395312938 ], [ -76.465999598901433, 3.382126497739482 ], [ -76.46601619799047, 3.382046888929903 ], [ -76.466032730240258, 3.381939658797022 ], [ -76.466040893521964, 3.381858705870225 ], [ -76.466046038836566, 3.38175034393652 ], [ -76.466044646711026, 3.381641911100347 ], [ -76.466038542578588, 3.381551702928459 ], [ -76.466026605972118, 3.38145294617124 ], [ -76.466005462466953, 3.38133737539699 ], [ -76.465988742212375, 3.381267015482094 ], [ -76.465969210259743, 3.381197432107927 ], [ -76.465904609768046, 3.380664584138327 ], [ -76.465878796245391, 3.380235722520379 ], [ -76.465865910734934, 3.379858854611487 ], [ -76.46586767432116, 3.37980855892025 ], [ -76.465856562637924, 3.37953602244554 ], [ -76.465880375255736, 3.379416406180721 ], [ -76.465939895391216, 3.379296791969977 ], [ -76.466023218855213, 3.379207083532046 ], [ -76.466088688661571, 3.379123354402078 ], [ -76.466171906626428, 3.379069598507999 ], [ -76.466172010098887, 3.379069531603567 ], [ -76.466279137103342, 3.379021691402403 ], [ -76.466392213904527, 3.378991793450689 ], [ -76.46655290095255, 3.378973859777449 ], [ -76.466707636862935, 3.378961906983017 ], [ -76.466898078966466, 3.378973879347534 ], [ -76.46705281135219, 3.379009772827846 ], [ -76.46721349447165, 3.379063610347772 ], [ -76.467427732751901, 3.379255010397209 ], [ -76.467541640418901, 3.379366477666232 ], [ -76.467701480103912, 3.379512202870383 ], [ -76.467856210921937, 3.379595944359257 ], [ -76.468028794120386, 3.379697628732829 ], [ -76.468189476444124, 3.379769408009639 ], [ -76.468433480108033, 3.379805307088603 ], [ -76.468658917026843, 3.37980651568632 ], [ -76.468921728963053, 3.379785476761362 ], [ -76.469309575576148, 3.379725147343907 ], [ -76.469380852625818, 3.379715054957841 ], [ -76.469460705159605, 3.379701714258815 ], [ -76.469531420060065, 3.379688089145129 ], [ -76.469654292974212, 3.379660343313151 ], [ -76.469775971302383, 3.379627580932919 ], [ -76.469844859221709, 3.379606680553032 ], [ -76.469947278027945, 3.379572291381131 ], [ -76.470065161889522, 3.379527731742101 ], [ -76.47017292474753, 3.37948211183602 ], [ -76.470262762106216, 3.379440303954572 ], [ -76.470306528354612, 3.379408240839077 ], [ -76.470306627328569, 3.379408166700405 ], [ -76.470378021810617, 3.379353294036485 ], [ -76.470378119884984, 3.379353217185176 ], [ -76.470447900347494, 3.379296367862559 ], [ -76.470447996622482, 3.379296289202759 ], [ -76.470495846281722, 3.379255333545771 ], [ -76.470495939857599, 3.379255253077436 ], [ -76.47056952124305, 3.379188942459973 ], [ -76.470569613019563, 3.379188860183147 ], [ -76.470628315064843, 3.379132781541466 ], [ -76.470710566193873, 3.37904922386786 ], [ -76.47080153562041, 3.378949067450076 ], [ -76.470854050506119, 3.378887122059344 ], [ -76.470904949541776, 3.378823834757273 ], [ -76.470975603640127, 3.378730173894315 ], [ -76.471027557674276, 3.378656361822282 ], [ -76.471087105347706, 3.378565878613603 ], [ -76.471129781139936, 3.378496656645593 ], [ -76.471175057588894, 3.378418533924921 ], [ -76.471218085675531, 3.378339138884261 ], [ -76.471266739731661, 3.378242297709968 ], [ -76.471308433152146, 3.378152094764716 ], [ -76.471343869505162, 3.378068955057081 ], [ -76.47137691712237, 3.37798489746746 ], [ -76.471398644025854, 3.377925491236602 ], [ -76.471438490879137, 3.377805478721332 ], [ -76.47143851427559, 3.377805408195408 ], [ -76.471473041911665, 3.377685818566303 ], [ -76.471385078401596, 3.377344119996001 ], [ -76.471013532748245, 3.376650385843683 ], [ -76.470624250331937, 3.376152322721888 ], [ -76.470226110956261, 3.375663159857012 ], [ -76.469761560306452, 3.375058349570988 ], [ -76.46952268353526, 3.374711546704862 ], [ -76.469159982881692, 3.374133450580848 ], [ -76.469080394621898, 3.373715461783362 ], [ -76.469045030692683, 3.373208542471749 ], [ -76.46902736544456, 3.37281726330214 ], [ -76.469023223487667, 3.372776150279084 ], [ -76.469007283422556, 3.372650549629754 ], [ -76.468988459245296, 3.37253455588506 ], [ -76.468963732423589, 3.372410437635926 ], [ -76.468947574432462, 3.372339935845226 ], [ -76.468932258102683, 3.372278547471622 ], [ -76.468910899244406, 3.372200064076817 ], [ -76.468887713024543, 3.372122144799161 ], [ -76.468846076935648, 3.371996491209353 ], [ -76.468846046349938, 3.371996399884091 ], [ -76.468862763117201, 3.371997591617927 ], [ -76.468862916069327, 3.371997602476583 ], [ -76.468479847609004, 3.371291503660106 ], [ -76.467999481013806, 3.370723423622264 ], [ -76.467462579021671, 3.370325721079031 ], [ -76.466530061983519, 3.369530403605057 ], [ -76.466489791309428, 3.369483846170579 ], [ -76.466438065397895, 3.369421252200431 ], [ -76.466360828219337, 3.369321286432421 ], [ -76.466287668756024, 3.369218212272139 ], [ -76.466223435150766, 3.369120014031248 ], [ -76.466181128810192, 3.369050640035076 ], [ -76.466131865886553, 3.368964381623189 ], [ -76.466077193044029, 3.368860463084779 ], [ -76.466033975526258, 3.368771026772668 ], [ -76.466004251587435, 3.368705114745813 ], [ -76.465955976496247, 3.368588198778835 ], [ -76.465930469647304, 3.368520522005429 ], [ -76.465892386261061, 3.368409400696866 ], [ -76.4658684265967, 3.368331692882321 ], [ -76.465848824718009, 3.368262109501622 ], [ -76.465727283875836, 3.367854593092459 ], [ -76.46569456033933, 3.367708059326347 ], [ -76.465655889869822, 3.367477793231462 ], [ -76.465617225451254, 3.367139871985963 ], [ -76.465611290917693, 3.366834846308096 ], [ -76.465623213275393, 3.366493936915123 ], [ -76.465647034224418, 3.366203865615249 ], [ -76.465700610968867, 3.365922767447578 ], [ -76.465757164944094, 3.365623727526626 ], [ -76.465905967959955, 3.365237968954847 ], [ -76.465980368557211, 3.365052566440583 ], [ -76.466033939056615, 3.364897066229443 ], [ -76.466042874839076, 3.364738573283925 ], [ -76.466022053680916, 3.364592041116602 ], [ -76.465977430467916, 3.364382707688821 ], [ -76.46587627734209, 3.36405973461209 ], [ -76.465797728017279, 3.363765118353232 ], [ -76.465797715423861, 3.363765072238611 ], [ -76.465714725187695, 3.363453804079519 ], [ -76.465330441496235, 3.362424829797116 ], [ -76.465187633381746, 3.362046829495538 ], [ -76.465040063962164, 3.361671221391476 ], [ -76.464871347176611, 3.360973826549416 ], [ -76.464863790773805, 3.360953107404236 ], [ -76.464383579695095, 3.359220590912846 ], [ -76.463875063572019, 3.358425255132352 ], [ -76.463253382012937, 3.357629974645492 ], [ -76.462829566808523, 3.357374271834601 ], [ -76.462292641882357, 3.357232213664328 ], [ -76.461812210294809, 3.357232149700973 ], [ -76.461303519860209, 3.357260479040651 ], [ -76.460930811712743, 3.357163383244901 ], [ -76.460673732348255, 3.35696240994242 ], [ -76.460495211442591, 3.356711201810328 ], [ -76.460423806357639, 3.356560478996314 ], [ -76.460409543252553, 3.356237510836098 ], [ -76.460423839270533, 3.35602219963434 ], [ -76.460480989083067, 3.355720767567849 ], [ -76.461430759408898, 3.354699399883812 ], [ -76.461430859282771, 3.354699291386748 ], [ -76.46196402106122, 3.35411570064914 ], [ -76.461964120035375, 3.354115590343576 ], [ -76.462354548250175, 3.353656284695463 ], [ -76.462660513879783, 3.353085744311697 ], [ -76.463367276092669, 3.351438575292223 ], [ -76.463508671313122, 3.350558133001265 ], [ -76.463539051155209, 3.349912087288692 ], [ -76.463471237506212, 3.349391746676186 ], [ -76.46339585785357, 3.348910855588803 ], [ -76.463198095950105, 3.348115631235391 ], [ -76.462943863159865, 3.347547579452747 ], [ -76.462777475418051, 3.346949413344782 ], [ -76.462734641849025, 3.346700605474643 ], [ -76.462748935501082, 3.346514003302417 ], [ -76.462910819684623, 3.346289131952682 ], [ -76.463198384793571, 3.345871953340267 ], [ -76.463735428572178, 3.345048427628445 ], [ -76.463948795581629, 3.34460497931716 ], [ -76.46406307020662, 3.344375319936385 ], [ -76.464129741841617, 3.344035610067044 ], [ -76.464172609629031, 3.343705467865057 ], [ -76.464182154607911, 3.343293984196668 ], [ -76.464182175097619, 3.342935131288685 ], [ -76.464131433138419, 3.342321974411453 ], [ -76.463905450182693, 3.341810720608384 ], [ -76.463509882340404, 3.341129060308018 ], [ -76.462973020644981, 3.34056097071223 ], [ -76.462323172223989, 3.339708820431056 ], [ -76.461588548992353, 3.338913524684864 ], [ -76.460938640569651, 3.338004579216768 ], [ -76.46040183761346, 3.337010525980316 ], [ -76.460388630383221, 3.336933027577395 ], [ -76.460232432664171, 3.336016452454114 ], [ -76.460204270721576, 3.33530644315353 ], [ -76.460232642069172, 3.334425985116904 ], [ -76.460571920278895, 3.333375185768642 ], [ -76.460854601579555, 3.332438038122896 ], [ -76.460854723740894, 3.331500782247199 ], [ -76.460854846785821, 3.330563526371557 ], [ -76.460798491422238, 3.329370685650091 ], [ -76.460769547583055, 3.32925370101277 ], [ -76.460739760547554, 3.329140036521912 ], [ -76.460710956325826, 3.329035414936555 ], [ -76.460683415613587, 3.328939904993234 ], [ -76.460652151624785, 3.328836059953633 ], [ -76.460619621768117, 3.328732567468757 ], [ -76.460582946674023, 3.328620950537569 ], [ -76.460544794280111, 3.328509828105716 ], [ -76.46051444146272, 3.328424702648149 ], [ -76.460470527074989, 3.328306091313941 ], [ -76.460428227977687, 3.328196522924487 ], [ -76.460387895953374, 3.328095854639638 ], [ -76.460339272549859, 3.327979079418977 ], [ -76.460299923324087, 3.327887806672878 ], [ -76.460248347109044, 3.327772303461139 ], [ -76.460206678456657, 3.327682090279237 ], [ -76.460179624920059, 3.32762493807135 ], [ -76.460120318155219, 3.327503146595716 ], [ -76.460063260064487, 3.327390255241485 ], [ -76.460025736070733, 3.327318126196294 ], [ -76.4599918651775, 3.327254334051617 ], [ -76.45993129194575, 3.327143349410409 ], [ -76.459891518691023, 3.327072491513082 ], [ -76.459855609973005, 3.327009758044533 ], [ -76.45980079815223, 3.326916293426849 ], [ -76.459740152342135, 3.32681583539568 ], [ -76.459692578348637, 3.326739042764868 ], [ -76.459668474651963, 3.326700893273226 ], [ -76.459018637955879, 3.325848741633835 ], [ -76.459014985447624, 3.325831151206438 ], [ -76.458875849060803, 3.32557111496242 ], [ -76.458842537119111, 3.325346231604843 ], [ -76.458837787328847, 3.325178766424167 ], [ -76.458894927943277, 3.325001736179801 ], [ -76.45896635360765, 3.324781644618206 ], [ -76.459071105446867, 3.324585480184156 ], [ -76.459275719953681, 3.324312922315281 ], [ -76.459275835122241, 3.324312764088759 ], [ -76.45955197577824, 3.324083115685407 ], [ -76.45984715978598, 3.323853469323898 ], [ -76.460333373051654, 3.323520839170034 ], [ -76.460403615262848, 3.323463263643254 ], [ -76.461336284740483, 3.32272498456143 ], [ -76.461380736784804, 3.322666030265781 ], [ -76.46138085735123, 3.322665866614176 ], [ -76.461427980042586, 3.322599990877487 ], [ -76.461428098809876, 3.322599823608988 ], [ -76.461468548219301, 3.322540236124111 ], [ -76.461468661588611, 3.322540067046883 ], [ -76.461517339500745, 3.322464236226298 ], [ -76.461517448371936, 3.322464062627815 ], [ -76.461563883462489, 3.322386893458205 ], [ -76.461563987835376, 3.322386718051049 ], [ -76.461621045094518, 3.322284334279752 ], [ -76.461621143169921, 3.322284154351228 ], [ -76.461674438102648, 3.322179545121655 ], [ -76.461727379158091, 3.322064691348817 ], [ -76.461769072476727, 3.321964599652516 ], [ -76.461846844341224, 3.321381497873854 ], [ -76.461865904727574, 3.321094417448289 ], [ -76.461889733471793, 3.32066857970139 ], [ -76.46183263011666, 3.320228383775226 ], [ -76.461619320175444, 3.319572485388162 ], [ -76.461280265811098, 3.318947626420651 ], [ -76.461110829471011, 3.318209200347652 ], [ -76.461073418809193, 3.317976336395228 ], [ -76.461068670944329, 3.317770593980063 ], [ -76.46109724583458, 3.317598345903495 ], [ -76.461163906815003, 3.317421316118905 ], [ -76.46124004343821, 3.31725395727686 ], [ -76.461240089327447, 3.317253856914192 ], [ -76.461335312886675, 3.317124675232958 ], [ -76.461478144864373, 3.316971574244599 ], [ -76.461649543349068, 3.316784980948307 ], [ -76.461835220997415, 3.31666537481482 ], [ -76.461987569264494, 3.316593613824833 ], [ -76.462201810553395, 3.316488363461612 ], [ -76.462410945041299, 3.316448522133315 ], [ -76.462991701553619, 3.316481235097501 ], [ -76.463291626400803, 3.316549434891088 ], [ -76.463555844107759, 3.316635575272999 ], [ -76.463837909416924, 3.316818607367332 ], [ -76.46427097627749, 3.317246182192229 ], [ -76.464360659173025, 3.317357566125511 ], [ -76.464982299021798, 3.318294902907401 ], [ -76.465716863530403, 3.319459433603455 ], [ -76.46642317030161, 3.320652356525214 ], [ -76.467044804113499, 3.321106865907862 ], [ -76.467139059742479, 3.321102356575212 ], [ -76.467228396268055, 3.321091843108554 ], [ -76.467299177105829, 3.321079136826409 ], [ -76.4673692555033, 3.321062545177895 ], [ -76.467446855531051, 3.321039455502539 ], [ -76.46752298034032, 3.321011632282697 ], [ -76.467605361038679, 3.320975334395075 ], [ -76.467669397177431, 3.320942352966429 ], [ -76.467754380502015, 3.320891432585041 ], [ -76.467821018295737, 3.320845171393179 ], [ -76.467884704458967, 3.320794954184014 ], [ -76.467977383613231, 3.320709386398656 ], [ -76.467977424100567, 3.320709349328943 ], [ -76.468344864288923, 3.319743742829517 ], [ -76.468344961820833, 3.318948543971877 ], [ -76.468316807513588, 3.318124944634025 ], [ -76.467959565532084, 3.316456403914721 ], [ -76.46778107896921, 3.315674094378194 ], [ -76.467688276553275, 3.315056862862133 ], [ -76.467659738341638, 3.314561644149456 ], [ -76.467674043078475, 3.314138199128576 ], [ -76.467716918752103, 3.313592745564392 ], [ -76.467774067858926, 3.313212364262104 ], [ -76.467859784410834, 3.312774569125967 ], [ -76.468038347868415, 3.312107112935691 ], [ -76.468131203491581, 3.311712380410566 ], [ -76.468252587310218, 3.311303417434556 ], [ -76.468252624203004, 3.311303294466201 ], [ -76.468572075360981, 3.310797524861491 ], [ -76.468967742570626, 3.310598722316238 ], [ -76.469448086969052, 3.310541987517438 ], [ -76.470013250898276, 3.310627249816993 ], [ -76.470832743898796, 3.311024986561258 ], [ -76.471482618219071, 3.311564687678815 ], [ -76.471817958577148, 3.31225587900675 ], [ -76.471990516517494, 3.312644645168093 ], [ -76.472204725533587, 3.313164992639439 ], [ -76.472418913347184, 3.314109982127661 ], [ -76.472496255970412, 3.314522667433994 ], [ -76.472502180407133, 3.315060946192995 ], [ -76.47246644718642, 3.315641089738703 ], [ -76.472436662029423, 3.316269080819937 ], [ -76.472383074188357, 3.316879127866412 ], [ -76.472383050734962, 3.317363578749672 ], [ -76.472454435592937, 3.317913823315424 ], [ -76.472719734178597, 3.318670975344148 ], [ -76.47274158618562, 3.318730315986444 ], [ -76.472788945644382, 3.318847654725333 ], [ -76.472833284895543, 3.318946556793819 ], [ -76.472864765845515, 3.319011620561274 ], [ -76.472923512756893, 3.319123592569698 ], [ -76.47298212072532, 3.319225251330445 ], [ -76.473049512866709, 3.319332209104192 ], [ -76.473110722403504, 3.319421576373574 ], [ -76.47318605805512, 3.319523025280379 ], [ -76.473259638038883, 3.319614371533871 ], [ -76.473330618434247, 3.319696111494997 ], [ -76.473379532091911, 3.319749238942871 ], [ -76.473474479134339, 3.319845603613947 ], [ -76.473553472429998, 3.319919573312297 ], [ -76.473614335561209, 3.319973196837957 ], [ -76.473711814193749, 3.320053385579321 ], [ -76.473783430197187, 3.320108140771398 ], [ -76.47389370142767, 3.320186211597669 ], [ -76.473938752126827, 3.320216097423567 ], [ -76.474007347582983, 3.320259408066618 ], [ -76.4740691957861, 3.320296290458999 ], [ -76.474124086177497, 3.320327448958875 ], [ -76.474243637414531, 3.320390262828322 ], [ -76.474308578975865, 3.320421563766278 ], [ -76.474423774554751, 3.320472650908502 ], [ -76.474448724756513, 3.320482967166077 ], [ -76.474522873186729, 3.320523240853823 ], [ -76.474594912928779, 3.320560406718818 ], [ -76.474716643434718, 3.320618911245471 ], [ -76.47476591220547, 3.320641169454968 ], [ -76.474848636582763, 3.320676640452211 ], [ -76.474923769745189, 3.320706954458847 ], [ -76.474999536357899, 3.320735642749074 ], [ -76.475101449004214, 3.320771469993154 ], [ -76.475212919818631, 3.320807015574332 ], [ -76.475299370252969, 3.320832102946055 ], [ -76.475368952978528, 3.320850689256308 ], [ -76.47550024564606, 3.320881998693832 ], [ -76.475614811016158, 3.320905465246679 ], [ -76.475739005710636, 3.320926812809544 ], [ -76.475828058582422, 3.320939609546569 ], [ -76.475917392250352, 3.320950286857644 ], [ -76.475997940718528, 3.320958137237481 ], [ -76.476078699787863, 3.32096429225655 ], [ -76.476159530008218, 3.32096875281247 ], [ -76.476231503911592, 3.320971304194455 ], [ -76.476294481126104, 3.320972441896299 ], [ -76.476429362280442, 3.320971398406157 ], [ -76.476510333177899, 3.320968511458086 ], [ -76.476591164700224, 3.320963929132855 ], [ -76.476653931649651, 3.320959204007049 ], [ -76.476743548673269, 3.320950666226225 ], [ -76.476850668175146, 3.320937610985334 ], [ -76.476925663832731, 3.320945954720747 ], [ -76.477015489904602, 3.320950486144332 ], [ -76.477078467186644, 3.32095007038884 ], [ -76.477159297811326, 3.320945346960933 ], [ -76.477266347160239, 3.320931655117344 ], [ -76.477363275433831, 3.320911675035982 ], [ -76.477458518012469, 3.320884772358729 ], [ -76.477534853023002, 3.320857655425474 ], [ -76.477609501330889, 3.320826087966776 ], [ -76.477690055472749, 3.320785902895631 ], [ -76.477767868523372, 3.320740489644245 ], [ -76.477835208438435, 3.320695358927964 ], [ -76.477913726566229, 3.320634899907744 ], [ -76.477968063566493, 3.32058743577729 ], [ -76.478032313852637, 3.320524220123688 ], [ -76.478092346630376, 3.320456906469766 ], [ -76.478168760295944, 3.320356323724373 ], [ -76.478324378665874, 3.320127027958936 ], [ -76.478414841644422, 3.319940428032464 ], [ -76.478463611669397, 3.319822808116156 ], [ -76.478509973909425, 3.319710991207971 ], [ -76.478510066585343, 3.319710766971956 ], [ -76.478571967672053, 3.319457180358964 ], [ -76.4786005434201, 3.319194022280116 ], [ -76.478595793047376, 3.318940433621741 ], [ -76.4785624823879, 3.318605502405724 ], [ -76.478398634997376, 3.317900968858531 ], [ -76.478382648389655, 3.317823821409884 ], [ -76.478143798130446, 3.317334679776448 ], [ -76.477904940937208, 3.316907772853281 ], [ -76.477630663629611, 3.316445258012479 ], [ -76.477296225559954, 3.316045629760001 ], [ -76.47704867882193, 3.315748966853979 ], [ -76.476734483856546, 3.315409238568641 ], [ -76.476429809622772, 3.31506472562711 ], [ -76.476248912115977, 3.314801558763333 ], [ -76.476001368135087, 3.314457048348986 ], [ -76.475839514789797, 3.314179528220619 ], [ -76.475772881386504, 3.313806318090665 ], [ -76.475679948474223, 3.313163502275875 ], [ -76.475663844098861, 3.313090637942962 ], [ -76.475620605938786, 3.312275205693525 ], [ -76.475592067621136, 3.311696255235971 ], [ -76.475501637541029, 3.311160364082737 ], [ -76.475348426494136, 3.310557823599878 ], [ -76.475189214198991, 3.310068690437176 ], [ -76.475127320468914, 3.309819676058976 ], [ -76.47495039881683, 3.309303839350557 ], [ -76.474601020274065, 3.308660792260619 ], [ -76.474239237038816, 3.307952638850187 ], [ -76.474082149798036, 3.307598563258906 ], [ -76.473877467293562, 3.306986110954994 ], [ -76.47373544167317, 3.306323022312777 ], [ -76.47368097715416, 3.306128898209245 ], [ -76.473566069488584, 3.305444096660748 ], [ -76.473552867100693, 3.305345551516878 ], [ -76.473546550798943, 3.305264455850188 ], [ -76.473544311774887, 3.305183078276843 ], [ -76.473547557457707, 3.305074645681417 ], [ -76.473555790890913, 3.304984650753349 ], [ -76.473568945439951, 3.304895221190067 ], [ -76.473589128510611, 3.304797810653684 ], [ -76.473610011529559, 3.304719190207571 ], [ -76.473650142010001, 3.304599513974024 ], [ -76.473650161805253, 3.304599456106585 ], [ -76.473650231088868, 3.304599248145381 ], [ -76.473756387523395, 3.304385856360689 ], [ -76.474004184580949, 3.304056844092429 ], [ -76.474313971697839, 3.303745639265764 ], [ -76.474641386633593, 3.303550004750404 ], [ -76.475305003892601, 3.303141005459228 ], [ -76.476296113210552, 3.302474136755448 ], [ -76.476871331812603, 3.301869522524928 ], [ -76.476937338493201, 3.301794510911075 ], [ -76.476993365071678, 3.301723806415048 ], [ -76.477040375081074, 3.301657485035078 ], [ -76.477055999497338, 3.301635442404989 ], [ -76.477099514426612, 3.301566855855891 ], [ -76.477140006583028, 3.301496361317159 ], [ -76.477412902650059, 3.301074386406491 ], [ -76.47744853609629, 3.300953320966034 ], [ -76.477448623375508, 3.300953031627908 ], [ -76.477476257265607, 3.300848133716513 ], [ -76.477501220995265, 3.300742600034813 ], [ -76.477464973490541, 3.300019354384334 ], [ -76.477343594580304, 3.299581548969223 ], [ -76.477086541949902, 3.299007372217531 ], [ -76.476929458401003, 3.298576741701789 ], [ -76.476779515857515, 3.298138934901389 ], [ -76.476658140297332, 3.297636535585843 ], [ -76.476629598953323, 3.297119786474874 ], [ -76.476615335220799, 3.296703516585302 ], [ -76.476622494933693, 3.296287247687253 ], [ -76.476615381200645, 3.295655666021659 ], [ -76.476615410166659, 3.294995377430494 ], [ -76.476708098703, 3.294602319530848 ], [ -76.476708150892492, 3.294602098005721 ], [ -76.47700106643903, 3.294026492530946 ], [ -76.47732956848229, 3.293653301461878 ], [ -76.477672349156109, 3.293351880421021 ], [ -76.478086538433132, 3.293071994026231 ], [ -76.478579275599103, 3.292842349755943 ], [ -76.478972016818773, 3.292669575563231 ], [ -76.479707558411462, 3.292677326604203 ], [ -76.480115305402293, 3.29275293558755 ], [ -76.481054813359478, 3.292933365472986 ], [ -76.481607040502041, 3.293177408559198 ], [ -76.482187826150167, 3.293545854205705 ], [ -76.483299769411317, 3.294501970657369 ], [ -76.483580866253433, 3.294919698492068 ], [ -76.483874235027969, 3.295595475555263 ], [ -76.484130849314042, 3.296234375373142 ], [ -76.484234665865614, 3.296848745737027 ], [ -76.484503522165085, 3.298040477383847 ], [ -76.484662336189118, 3.298998873010377 ], [ -76.484674473638279, 3.299871211836019 ], [ -76.48467437892576, 3.300755770381478 ], [ -76.48470483718549, 3.301849285704091 ], [ -76.484826973694084, 3.302709346104135 ], [ -76.485108036945846, 3.30347109128226 ], [ -76.485523650742948, 3.304011746924715 ], [ -76.485721476954964, 3.304295671129173 ], [ -76.485800682760186, 3.304355300203329 ], [ -76.486321182892951, 3.304725229414962 ], [ -76.486387878280794, 3.304779205871998 ], [ -76.486460337813625, 3.304832829895735 ], [ -76.486542636890235, 3.30488800857609 ], [ -76.486619666051354, 3.304934710241925 ], [ -76.486730782031358, 3.304994271660002 ], [ -76.486853636018779, 3.305050302604221 ], [ -76.486971431599741, 3.30509524250966 ], [ -76.48707432651959, 3.305127889357244 ], [ -76.48719641036385, 3.305159054894216 ], [ -76.487329037549429, 3.305184004450669 ], [ -76.487427155953469, 3.305196659362885 ], [ -76.487536870733095, 3.305217086216061 ], [ -76.487643492582791, 3.305234474857396 ], [ -76.487705765018433, 3.305243594002837 ], [ -76.487803953604299, 3.305256320309869 ], [ -76.487911279184814, 3.305267987205613 ], [ -76.487982970261697, 3.305274493535998 ], [ -76.488072655453223, 3.30528121386669 ], [ -76.488153483549368, 3.305285884078757 ], [ -76.488225386161545, 3.305288929143325 ], [ -76.488324348795359, 3.305291483240107 ], [ -76.488423311493349, 3.30529205804585 ], [ -76.488522274252617, 3.305290726800274 ], [ -76.488657084123659, 3.305285725721938 ], [ -76.488755766289003, 3.305281214392205 ], [ -76.488881017514473, 3.305268159305613 ], [ -76.489014000735892, 3.305245215289387 ], [ -76.489145087754707, 3.305213087293067 ], [ -76.489265140611579, 3.305174954162453 ], [ -76.48935764035798, 3.305139572478097 ], [ -76.489464480179777, 3.30509176039506 ], [ -76.489560355883953, 3.305042039188463 ], [ -76.489607310014634, 3.305015201529224 ], [ -76.489762984791966, 3.30492216683513 ], [ -76.490060692786926, 3.304379875228501 ], [ -76.490060727875615, 3.304379811936046 ], [ -76.490144051666249, 3.303997037631196 ], [ -76.490108363098912, 3.303434833959074 ], [ -76.489965567438858, 3.302609468402192 ], [ -76.489955071147463, 3.302461711005474 ], [ -76.489792747033832, 3.301163378077413 ], [ -76.48970351198156, 3.300254281327603 ], [ -76.489715435114874, 3.299554518724635 ], [ -76.489757106859813, 3.29898035506262 ], [ -76.489882012961445, 3.2984603553143 ], [ -76.489882037255185, 3.298460255853743 ], [ -76.489882093040904, 3.298460023477681 ], [ -76.490084440407713, 3.297849980231589 ], [ -76.490387949812131, 3.297335634633475 ], [ -76.491139990778933, 3.296339592672657 ], [ -76.491617832859475, 3.295921662660226 ], [ -76.492148810700755, 3.295503737615802 ], [ -76.492865574155104, 3.294863525227938 ], [ -76.493511560718588, 3.294205503992104 ], [ -76.493984983394881, 3.293689735252091 ], [ -76.494170856586962, 3.293280675826252 ], [ -76.494213881613916, 3.293172176450746 ], [ -76.494243831406948, 3.293086916305776 ], [ -76.494273292938658, 3.292991979461878 ], [ -76.494305401043547, 3.292869992821784 ], [ -76.494305491017982, 3.292869632050856 ], [ -76.494329955496198, 3.292755066823073 ], [ -76.494330033775242, 3.292754703339237 ], [ -76.494348036764535, 3.292647755767103 ], [ -76.494363370978718, 3.292522087687872 ], [ -76.494372097941834, 3.292404896245146 ], [ -76.494375554100685, 3.292278379703983 ], [ -76.494374927798447, 3.292215086104891 ], [ -76.494369176044813, 3.292088638932665 ], [ -76.494359276430345, 3.291980558539184 ], [ -76.49434206852203, 3.291855169861746 ], [ -76.494318745676807, 3.291730840730384 ], [ -76.494291697130848, 3.29161647119256 ], [ -76.494274975159698, 3.29155543672876 ], [ -76.493981965002149, 3.290739511007406 ], [ -76.493423488187744, 3.28992793947628 ], [ -76.49276906368793, 3.289390051685575 ], [ -76.492768765011988, 3.289389806640251 ], [ -76.492956818063959, 3.289328477029284 ], [ -76.493047271557273, 3.289284221165883 ], [ -76.493127013849758, 3.289239964984398 ], [ -76.493213896923564, 3.289184943667867 ], [ -76.493294828663522, 3.289135902511765 ], [ -76.493391234192813, 3.289058153631412 ], [ -76.493475301531149, 3.288996160874431 ], [ -76.493530486110345, 3.288919400895444 ], [ -76.493626856156752, 3.288754396362456 ], [ -76.493626893943613, 3.288754332165752 ], [ -76.493651891279654, 3.288595240839945 ], [ -76.493663599641749, 3.288413622047102 ], [ -76.493650512735655, 3.288270325911185 ], [ -76.493618144248416, 3.288107645116539 ], [ -76.493632115363056, 3.288021260624086 ], [ -76.493654258841474, 3.287834659114022 ], [ -76.493673167866575, 3.287757068047806 ], [ -76.493673179563487, 3.287757011083913 ], [ -76.493673257841252, 3.287756689193058 ], [ -76.493685299252704, 3.287668597526846 ], [ -76.493693971135968, 3.287593770291489 ], [ -76.493696553281282, 3.287520400444517 ], [ -76.493708825685871, 3.287440183410316 ], [ -76.493692465232229, 3.287320975815426 ], [ -76.493678481480444, 3.28727508847693 ], [ -76.493658627469074, 3.287232124231184 ], [ -76.493642525339524, 3.287175679462679 ], [ -76.493589521398107, 3.287059163516105 ], [ -76.493573046326588, 3.286987686510143 ], [ -76.493553998086853, 3.286923167203728 ], [ -76.493543410955837, 3.286860515298427 ], [ -76.493524524652571, 3.286796136146104 ], [ -76.493497312006568, 3.286736815721651 ], [ -76.493436930883121, 3.286625426336349 ], [ -76.493407526963139, 3.286590148365863 ], [ -76.49331338802655, 3.286529760878981 ], [ -76.493230910804954, 3.286483466486643 ], [ -76.493149863125396, 3.286437173032611 ], [ -76.493110077862767, 3.286415250603067 ], [ -76.493083774651751, 3.286393927138612 ], [ -76.493034978349954, 3.286379571644874 ], [ -76.492959999663427, 3.286334114730055 ], [ -76.492867169239815, 3.286259949128397 ], [ -76.492810042905518, 3.286221670214523 ], [ -76.492686271111339, 3.286080518284178 ], [ -76.492657363878763, 3.286011343879392 ], [ -76.49263152594817, 3.285984822204627 ], [ -76.492610104730232, 3.285945348079781 ], [ -76.492595824285274, 3.285895107926558 ], [ -76.492573776288268, 3.285813675562846 ], [ -76.492553851124498, 3.285744042089095 ], [ -76.492553732131228, 3.285655847000286 ], [ -76.49255395581514, 3.285538496185215 ], [ -76.492553561004968, 3.285501442302381 ], [ -76.492545694731106, 3.285461752473507 ], [ -76.492550540902343, 3.28540463467988 ], [ -76.492542984711079, 3.285375528451208 ], [ -76.49253874455998, 3.285315774663847 ], [ -76.492541166768149, 3.285238023091043 ], [ -76.492545409225698, 3.285118245537813 ], [ -76.492553773289558, 3.285082974984036 ], [ -76.492553865063925, 3.2850825879917 ], [ -76.492573375106929, 3.285036397815254 ], [ -76.492599903828335, 3.284937515938286 ], [ -76.492635087460428, 3.28485829511011 ], [ -76.492666059798594, 3.284781276773546 ], [ -76.492719628121648, 3.284651323059656 ], [ -76.492743570156847, 3.284591784393273 ], [ -76.492787013291931, 3.284515828846077 ], [ -76.492856226970503, 3.284429157541709 ], [ -76.492899545908131, 3.284387023363284 ], [ -76.492936253219966, 3.284317659187422 ], [ -76.492959803896966, 3.284225101146757 ], [ -76.492959884873557, 3.284224781064426 ], [ -76.492964478479891, 3.284158024553028 ], [ -76.492983305919935, 3.28406947557078 ], [ -76.492983387797977, 3.284069088578115 ], [ -76.493011461839089, 3.284010271571832 ], [ -76.493019376126867, 3.283972417718569 ], [ -76.493019457105291, 3.283972028917487 ], [ -76.493066060474405, 3.283901914542611 ], [ -76.493092380306379, 3.283872289387258 ], [ -76.493106190433096, 3.283849418198856 ], [ -76.493115557270556, 3.283825002518412 ], [ -76.493115592359075, 3.28382491119583 ], [ -76.493123002102578, 3.283781188203693 ], [ -76.493123047091956, 3.283780921467756 ], [ -76.493143302440018, 3.283718098652033 ], [ -76.493143335729584, 3.283717994670681 ], [ -76.493158314305035, 3.283635809291353 ], [ -76.493179034507705, 3.283549313784492 ], [ -76.493179128081138, 3.283548920462789 ], [ -76.493221557703905, 3.283455966018792 ], [ -76.493255174624139, 3.283389056628381 ], [ -76.493281064112836, 3.283304013403567 ], [ -76.493336107623975, 3.28317641060176 ], [ -76.493374646393178, 3.283078840128831 ], [ -76.493421591714537, 3.283002970551324 ], [ -76.493466742966646, 3.282900318693244 ], [ -76.493504242720476, 3.282799280601313 ], [ -76.493538431071713, 3.282724920658386 ], [ -76.493611369047812, 3.282572068731636 ], [ -76.493620334704389, 3.282544545319956 ], [ -76.49363588573847, 3.28251669658514 ], [ -76.493642341103268, 3.282500131933648 ], [ -76.493665049036537, 3.282462572357423 ], [ -76.493673164289902, 3.282444041130741 ], [ -76.493734657438353, 3.28234218993434 ], [ -76.493788363611984, 3.282261935188697 ], [ -76.493817140455818, 3.28219251198249 ], [ -76.493858108129615, 3.282096406352685 ], [ -76.493899696519406, 3.282001349603615 ], [ -76.493952637786663, 3.281927926013065 ], [ -76.494022159401609, 3.281854887165673 ], [ -76.494095864305464, 3.281782865648099 ], [ -76.494189356585082, 3.281718209335024 ], [ -76.49426621822559, 3.281683567272943 ], [ -76.494333314218707, 3.281650905119809 ], [ -76.494369830865494, 3.281640702298381 ], [ -76.494436804826165, 3.281630174804321 ], [ -76.49450907336805, 3.281611835214464 ], [ -76.494557065366351, 3.281584258612465 ], [ -76.49461564643633, 3.281544493762028 ], [ -76.494647908598211, 3.281502544561371 ], [ -76.494705569027261, 3.281404490812375 ], [ -76.494755935385299, 3.281297952809092 ], [ -76.494755978570367, 3.281297860582475 ], [ -76.494766318325262, 3.281219969973307 ], [ -76.494779625043947, 3.281143845335537 ], [ -76.494790504907854, 3.281017990864473 ], [ -76.49477068349735, 3.280899373632908 ], [ -76.494744620475757, 3.280812695076791 ], [ -76.494737003560658, 3.280799872494145 ], [ -76.49472519781817, 3.280791259724833 ], [ -76.494704730422356, 3.280779869035455 ], [ -76.494610330117993, 3.280651118272309 ], [ -76.494497650179298, 3.280483653930876 ], [ -76.494370944636302, 3.280326759217398 ], [ -76.494256554973106, 3.280177930239052 ], [ -76.494246731313012, 3.280162915825004 ], [ -76.494229450145127, 3.280128980944044 ], [ -76.494228504842923, 3.280086273121396 ], [ -76.494228502146768, 3.280086167330619 ], [ -76.494232202693752, 3.280073397501029 ], [ -76.494232307960971, 3.28007303401795 ], [ -76.494223195228741, 3.280049913523932 ], [ -76.494224320169778, 3.280034894892371 ], [ -76.494214883716779, 3.280006100571778 ], [ -76.494213260450294, 3.279983916126302 ], [ -76.494205704169389, 3.279957902254429 ], [ -76.494201417965144, 3.279936047765819 ], [ -76.49418536059656, 3.279891203817113 ], [ -76.494146710078127, 3.279798242554679 ], [ -76.494103507674993, 3.279694742782453 ], [ -76.494057642118733, 3.279600108556339 ], [ -76.494032345723554, 3.27954601896315 ], [ -76.493999933300302, 3.279487946195532 ], [ -76.493985378058127, 3.279453889320197 ], [ -76.493956042277233, 3.279400532009049 ], [ -76.493938734268923, 3.279361832019525 ], [ -76.493925087895036, 3.279319072301253 ], [ -76.493919218890952, 3.279276290196227 ], [ -76.493918295201965, 3.279165286790708 ], [ -76.493920956852008, 3.27914556277692 ], [ -76.493924874308703, 3.27912913820236 ], [ -76.493924971480467, 3.279128725892611 ], [ -76.493947949970874, 3.279062661600546 ], [ -76.493976771111505, 3.279015232910431 ], [ -76.494046427484534, 3.278941543045348 ], [ -76.494157526359515, 3.27884049341746 ], [ -76.494261948090809, 3.27873996892835 ], [ -76.494322591654068, 3.278674126293236 ], [ -76.494373692234888, 3.278628411654267 ], [ -76.494427932181821, 3.278596671417644 ], [ -76.49448659412036, 3.278554166869508 ], [ -76.494531981908423, 3.278511702642618 ], [ -76.494588043334119, 3.278490618373383 ], [ -76.494700291186973, 3.278485074207408 ], [ -76.494746370510171, 3.278488370344565 ], [ -76.494863313450068, 3.27852267502189 ], [ -76.494914731476499, 3.278551289632295 ], [ -76.494955214353936, 3.27858238143666 ], [ -76.495021925083407, 3.278655690764318 ], [ -76.495066649381158, 3.278701652148782 ], [ -76.49511998313055, 3.278750814608753 ], [ -76.495201174012763, 3.278805579292284 ], [ -76.495249794043616, 3.278840059316438 ], [ -76.495295058641162, 3.278866144711469 ], [ -76.495374058051752, 3.27891985684004 ], [ -76.495480979192976, 3.278986624453448 ], [ -76.495551712320776, 3.279021541771794 ], [ -76.49564949746231, 3.279060153427726 ], [ -76.495785283259096, 3.279100502118621 ], [ -76.495887705119927, 3.27914031644907 ], [ -76.49594220522539, 3.279174654632106 ], [ -76.496012632589213, 3.279206140491853 ], [ -76.496067896308986, 3.279248119126938 ], [ -76.496135847862575, 3.279280275825631 ], [ -76.496187358133682, 3.279292084115121 ], [ -76.496256256312549, 3.279315974687715 ], [ -76.496353637367449, 3.279325692740678 ], [ -76.496395547109017, 3.279320842807479 ], [ -76.496437906542866, 3.279321259814057 ], [ -76.496469393632495, 3.279330949052629 ], [ -76.496517695148313, 3.279332451239255 ], [ -76.496541774077315, 3.279327248212169 ], [ -76.496578146838687, 3.279310182469511 ], [ -76.496598321704639, 3.279289621606825 ], [ -76.496631114062922, 3.279265937071488 ], [ -76.496727708942117, 3.279233058485706 ], [ -76.49676284929464, 3.279211706825349 ], [ -76.496798204344941, 3.279165551318548 ], [ -76.496830662030447, 3.279103652815827 ], [ -76.496851745413494, 3.2790494568569 ], [ -76.496851777802391, 3.279049374576052 ], [ -76.496857918750578, 3.279010209565172 ], [ -76.496848365567558, 3.278969154396855 ], [ -76.49682789983963, 3.278925720925404 ], [ -76.496793404026462, 3.278892549704549 ], [ -76.496730187616521, 3.278845724432115 ], [ -76.496689176732602, 3.278808476937235 ], [ -76.496660426337087, 3.278799491237807 ], [ -76.496602872950135, 3.2787613011524 ], [ -76.496551644524473, 3.27870184005903 ], [ -76.496509597070855, 3.27863530839826 ], [ -76.496480198302208, 3.278577891332341 ], [ -76.496452962558322, 3.278545769148316 ], [ -76.496416186213864, 3.278511625847258 ], [ -76.496385797261823, 3.278478848040435 ], [ -76.4963649493303, 3.278430739866157 ], [ -76.496353916292691, 3.278388739772387 ], [ -76.496351126869328, 3.278336734077663 ], [ -76.496357984825238, 3.278298308719015 ], [ -76.496357992923024, 3.278298264413714 ], [ -76.496358061304619, 3.278297881941385 ], [ -76.496377917461615, 3.278249087616801 ], [ -76.496409981232034, 3.278219281676988 ], [ -76.496443610817849, 3.278170713749835 ], [ -76.496539941162354, 3.278097702524605 ], [ -76.496570295825379, 3.278059003787886 ], [ -76.496733776052807, 3.277942475379115 ], [ -76.496781759598434, 3.277881850372815 ], [ -76.496832777492514, 3.277788110237933 ], [ -76.49684565893763, 3.277730740353072 ], [ -76.496845683230404, 3.277730630042007 ], [ -76.496845754309135, 3.277730313575873 ], [ -76.49685269177931, 3.277676193215739 ], [ -76.496846707493091, 3.27755756281008 ], [ -76.496852544146009, 3.277450836414025 ], [ -76.496858906510866, 3.27740672365896 ], [ -76.496858669232125, 3.27739715456766 ], [ -76.496848768101998, 3.27734772203301 ], [ -76.496821753877612, 3.277269458843959 ], [ -76.496804712303913, 3.277183433398039 ], [ -76.496796824643084, 3.277092489365505 ], [ -76.496799030809626, 3.277005207571415 ], [ -76.496809032950779, 3.276929256427744 ], [ -76.496809068042879, 3.276928988787191 ], [ -76.496828654620089, 3.276864904525461 ], [ -76.496890564307932, 3.276811002544286 ], [ -76.497041259053788, 3.27675537123134 ], [ -76.497149620514989, 3.276739478178867 ], [ -76.49723405124756, 3.276741835682707 ], [ -76.497269991453138, 3.276751818867202 ], [ -76.497333747601701, 3.276795913450943 ], [ -76.497408079117008, 3.276833683451174 ], [ -76.497476019177284, 3.276851809674973 ], [ -76.497556918929348, 3.276850713043051 ], [ -76.497651075343327, 3.276826211661892 ], [ -76.497856117699527, 3.276740819983259 ], [ -76.498002062126318, 3.276693240251983 ], [ -76.498117194666108, 3.276617014903582 ], [ -76.49823036716009, 3.276487708784833 ], [ -76.498263848510803, 3.276423285747482 ], [ -76.498334526306635, 3.276311913305773 ], [ -76.498339780391518, 3.276302116486505 ], [ -76.498341413326159, 3.27629771762079 ], [ -76.498342380509413, 3.27629429074807 ], [ -76.498379191066945, 3.276203930978936 ], [ -76.498423466188854, 3.276099901777192 ], [ -76.498423501276434, 3.276099819496354 ], [ -76.498441518413912, 3.27597005360653 ], [ -76.498429496455785, 3.275894449142874 ], [ -76.498414267453313, 3.275811959166748 ], [ -76.498387774981367, 3.275731620909144 ], [ -76.498342300617324, 3.275633537398966 ], [ -76.498296088365706, 3.275544333054635 ], [ -76.498241379235708, 3.275447926602907 ], [ -76.498192939751718, 3.275388235094189 ], [ -76.498152196616218, 3.275329791552458 ], [ -76.498093024987384, 3.275248589009374 ], [ -76.498033875473297, 3.275184638485137 ], [ -76.497982691992561, 3.275131099940918 ], [ -76.497926984024701, 3.275047890159118 ], [ -76.497843764800365, 3.274985177794666 ], [ -76.497784211331648, 3.274923447945735 ], [ -76.497725182096474, 3.274833494593355 ], [ -76.497715664199532, 3.274783733854534 ], [ -76.497742233232245, 3.274657860739022 ], [ -76.497742324105261, 3.274657417686133 ], [ -76.497847059767849, 3.274523448481662 ], [ -76.497971732738435, 3.274404584301462 ], [ -76.498084607351757, 3.274309813883826 ], [ -76.498211668725403, 3.274234619587526 ], [ -76.498378426972423, 3.274133077988738 ], [ -76.498549639862588, 3.273963134185909 ], [ -76.498735903105356, 3.273813824406007 ], [ -76.498901420924682, 3.273656968617316 ], [ -76.499009482541268, 3.273552405558603 ], [ -76.499106224260245, 3.273480688888196 ], [ -76.499175251576844, 3.273423611389467 ], [ -76.499253219197854, 3.273377652960365 ], [ -76.499342377657641, 3.273359322423516 ], [ -76.499431324570878, 3.273347181081692 ], [ -76.499497931773931, 3.273336760821552 ], [ -76.499547202602727, 3.273348245177611 ], [ -76.499568624952062, 3.273376953811887 ], [ -76.499603768289376, 3.273458947806818 ], [ -76.499665485509524, 3.273558803834528 ], [ -76.499683328458573, 3.273619846365781 ], [ -76.499713112282336, 3.273765616660187 ], [ -76.499724805007659, 3.273886647808211 ], [ -76.499748373328302, 3.273986516555353 ], [ -76.499781005912226, 3.274064291519348 ], [ -76.49980611550761, 3.27424216059642 ], [ -76.499823699489525, 3.274429211598794 ], [ -76.499852115274564, 3.274606099696348 ], [ -76.499919743081165, 3.274710870130973 ], [ -76.500003164276762, 3.274800694575681 ], [ -76.500065952942762, 3.274863135051771 ], [ -76.500099377526837, 3.274927613848771 ], [ -76.50011134162439, 3.274978502146338 ], [ -76.500121180997425, 3.275107779499066 ], [ -76.50015842349903, 3.275223661806543 ], [ -76.500203722772, 3.275312879603548 ], [ -76.500257380297754, 3.275370202132935 ], [ -76.500300978575567, 3.275449567790813 ], [ -76.500321923146672, 3.27552995108646 ], [ -76.500341915504634, 3.275630430073585 ], [ -76.500341915024649, 3.275654353239107 ], [ -76.500343819147673, 3.275674449896075 ], [ -76.500341913719055, 3.275719425370525 ], [ -76.5003418345445, 3.275719759920628 ], [ -76.50032858270049, 3.275775884769849 ], [ -76.500307269520789, 3.275817489899266 ], [ -76.500306059441883, 3.275820989104328 ], [ -76.500226641589151, 3.275950110834349 ], [ -76.500125344579999, 3.276080027777734 ], [ -76.500019095134789, 3.276205984233329 ], [ -76.499935455810174, 3.276350572086448 ], [ -76.499892608627079, 3.276451050619849 ], [ -76.499869447493239, 3.276539913399957 ], [ -76.499869439393507, 3.276540059879212 ], [ -76.499866266080559, 3.276598428246981 ], [ -76.499871171932995, 3.276679172880409 ], [ -76.499893482214802, 3.276712126717655 ], [ -76.499921105103411, 3.276732489768089 ], [ -76.499996768344587, 3.276761782775598 ], [ -76.500062301581409, 3.276796631830679 ], [ -76.500162798908391, 3.276843796755794 ], [ -76.500256961675362, 3.276902632871292 ], [ -76.500297557558341, 3.276955973952657 ], [ -76.500380138215434, 3.277025702634068 ], [ -76.500428978634162, 3.277065922221342 ], [ -76.50044738074709, 3.27710778136964 ], [ -76.500479296843835, 3.277212167628815 ], [ -76.500501741473187, 3.277276727556775 ], [ -76.500556990694122, 3.277373391584913 ], [ -76.500574091889789, 3.277417991315433 ], [ -76.500589920514869, 3.277441762909492 ], [ -76.500601944012274, 3.277448766145088 ], [ -76.500643255004732, 3.277463763070656 ], [ -76.500692370422939, 3.277474641554016 ], [ -76.500739530146134, 3.27747978559549 ], [ -76.500793718519006, 3.27749551698885 ], [ -76.500828583397507, 3.277522037724965 ], [ -76.500879195918117, 3.277573681817423 ], [ -76.500959540639826, 3.277665499862119 ], [ -76.501033057357859, 3.27774588422613 ], [ -76.501063994926625, 3.277793680558226 ], [ -76.501080560319664, 3.277866631272293 ], [ -76.501095519688064, 3.277948678145037 ], [ -76.501137283435085, 3.278046092343829 ], [ -76.501170676608496, 3.278115571295424 ], [ -76.501195241247487, 3.278206039121704 ], [ -76.501262317248376, 3.278394652648835 ], [ -76.501300100950132, 3.278449506346758 ], [ -76.501334762388709, 3.278531946939669 ], [ -76.501345444766613, 3.278574498526804 ], [ -76.501346609649033, 3.278582233930272 ], [ -76.501358425526163, 3.278627122881759 ], [ -76.501362617309198, 3.278654709926263 ], [ -76.501367848315937, 3.278674819307168 ], [ -76.501371455417356, 3.278698097855279 ], [ -76.50137378029369, 3.278828494435291 ], [ -76.501381812961114, 3.278885910918238 ], [ -76.501390275260761, 3.278964089513012 ], [ -76.501387988435752, 3.279055761178118 ], [ -76.501385584093129, 3.279177054237124 ], [ -76.501394600634882, 3.279204692013797 ], [ -76.501412672841866, 3.279236962159078 ], [ -76.501454327434459, 3.279259689915201 ], [ -76.501491001119575, 3.27926211027583 ], [ -76.501525736358062, 3.279250122264377 ], [ -76.501576931997846, 3.279204672168464 ], [ -76.501639660652955, 3.279129141572889 ], [ -76.501708862371231, 3.279043963351484 ], [ -76.501743265880336, 3.278970633898592 ], [ -76.501799652808458, 3.278855196563395 ], [ -76.501869273483294, 3.278734592016655 ], [ -76.501974735564858, 3.278620466717408 ], [ -76.502093804545353, 3.278511093210848 ], [ -76.502215904722703, 3.278432109709139 ], [ -76.502325080722429, 3.278401409904511 ], [ -76.502419187367181, 3.278394580521742 ], [ -76.50251852053907, 3.278407959965467 ], [ -76.502628680408407, 3.278445816135648 ], [ -76.50273425179634, 3.278502927018667 ], [ -76.502854814978477, 3.278598118301074 ], [ -76.502903776775469, 3.27865244771106 ], [ -76.502979781524445, 3.278715240875822 ], [ -76.503052183717557, 3.278750320421178 ], [ -76.503137647846955, 3.278831744665618 ], [ -76.503240492989022, 3.27891291152435 ], [ -76.503294164242675, 3.278977815549244 ], [ -76.503339545786829, 3.279016809740953 ], [ -76.503430893585985, 3.279098564096532 ], [ -76.503546829099704, 3.279144625825158 ], [ -76.503658243609706, 3.279210647542254 ], [ -76.503762840063075, 3.279205798397928 ], [ -76.50385992888863, 3.279210027218044 ], [ -76.50394241598768, 3.279251088116354 ], [ -76.503981198700544, 3.279291655459453 ], [ -76.504022800826803, 3.27939029471138 ], [ -76.504072391962694, 3.279475692178776 ], [ -76.50413323225429, 3.279666789215708 ], [ -76.504199234793063, 3.279851730584803 ], [ -76.504239019428439, 3.279966753791669 ], [ -76.504276558815945, 3.280066904775023 ], [ -76.504321436676562, 3.280159972426464 ], [ -76.504358604127731, 3.280229148425478 ], [ -76.504423866138453, 3.280314559704758 ], [ -76.504473166042686, 3.280389192716392 ], [ -76.504531093348248, 3.280416257127699 ], [ -76.504664121734464, 3.280491821955215 ], [ -76.504741543838875, 3.280543412038684 ], [ -76.504789102877851, 3.280566944479547 ], [ -76.504822002478463, 3.280579278232086 ], [ -76.504871000959312, 3.280601779911521 ], [ -76.504895426022003, 3.280610356595235 ], [ -76.505042340808032, 3.280658737909627 ], [ -76.505185238919751, 3.280694053532563 ], [ -76.505329671331438, 3.280702586931574 ], [ -76.505452035819644, 3.280696553391887 ], [ -76.505582699894447, 3.280662408575164 ], [ -76.505675224049725, 3.280609229858923 ], [ -76.505765706007523, 3.280556557450491 ], [ -76.505831254184088, 3.280523148500591 ], [ -76.505871077089836, 3.28049624030347 ], [ -76.505891656489908, 3.280485105472281 ], [ -76.505905942897769, 3.280475236415151 ], [ -76.505918771920705, 3.28046329221004 ], [ -76.50594213579339, 3.280445837104462 ], [ -76.505955441641916, 3.280432663202324 ], [ -76.506026684981805, 3.280367087624082 ], [ -76.506048195811701, 3.280334586698938 ], [ -76.506077668477829, 3.280299603882213 ], [ -76.506107316706249, 3.280255235533261 ], [ -76.506151399729731, 3.280204085947413 ], [ -76.506216975656386, 3.280114779696649 ], [ -76.506332095850823, 3.279941063152018 ], [ -76.506354949614561, 3.279859498863841 ], [ -76.506355033285161, 3.279859198672677 ], [ -76.506353865562374, 3.27973119552379 ], [ -76.506352390475939, 3.279708522836523 ], [ -76.506354267325761, 3.279630282955588 ], [ -76.506356669644433, 3.279610079680232 ], [ -76.506356687639311, 3.279609929584293 ], [ -76.506361847389769, 3.279586791336373 ], [ -76.506388418882537, 3.279538173220699 ], [ -76.506401081559758, 3.279518764884906 ], [ -76.50644069780283, 3.279469821452411 ], [ -76.506515612084925, 3.279366988577259 ], [ -76.506589608539045, 3.279277280058968 ], [ -76.50661818594304, 3.279247546058606 ], [ -76.506754892170093, 3.279117651542961 ], [ -76.506791431422272, 3.27908314350869 ], [ -76.506878157500964, 3.279008150910236 ], [ -76.506950835395656, 3.278957779305864 ], [ -76.506997428130219, 3.278919785739785 ], [ -76.507100532008351, 3.278849933697921 ], [ -76.507222245007171, 3.278769665591354 ], [ -76.507326073081842, 3.278698321615031 ], [ -76.507367276790987, 3.278673497541632 ], [ -76.507773646127376, 3.278419772696205 ], [ -76.508150772636938, 3.27816036895651 ], [ -76.508460881661065, 3.277956718627118 ], [ -76.508702001382645, 3.277877263811627 ], [ -76.508996318530151, 3.277783479917567 ], [ -76.509134296136068, 3.27775054632112 ], [ -76.509271477233852, 3.277746243998962 ], [ -76.509456798597412, 3.2777576869519 ], [ -76.509702222811995, 3.27777468140522 ], [ -76.50976694704238, 3.277784822679406 ], [ -76.509865771854763, 3.277807849098866 ], [ -76.509922723216974, 3.277819251625488 ], [ -76.509994702898112, 3.277841029942539 ], [ -76.510071513676394, 3.277858364193894 ], [ -76.510147348218396, 3.277888596756098 ], [ -76.510182384456044, 3.277898782885509 ], [ -76.51029882839839, 3.277948469613204 ], [ -76.510382305210527, 3.277994136831242 ], [ -76.510486765853656, 3.278059850246414 ], [ -76.510579837123373, 3.278124207239363 ], [ -76.510657385345823, 3.278170986529509 ], [ -76.510792955224233, 3.278261556528806 ], [ -76.510825769301007, 3.278279749249699 ], [ -76.511042751751532, 3.278380862947122 ], [ -76.511309663857844, 3.278508280087084 ], [ -76.511473986464964, 3.278574188376879 ], [ -76.511583530473672, 3.278608010796747 ], [ -76.511703303348682, 3.278643591956859 ], [ -76.511798552376746, 3.278649962887805 ], [ -76.511926926143715, 3.278644986476055 ], [ -76.512036533493188, 3.278638273826072 ], [ -76.512197226984824, 3.278601646355611 ], [ -76.512265257928206, 3.278554954373141 ], [ -76.512325246494555, 3.278461280394493 ], [ -76.512373612063328, 3.278327957403861 ], [ -76.512407587843953, 3.278205186231547 ], [ -76.512425689363681, 3.278102697802475 ], [ -76.512425770334687, 3.278102239376798 ], [ -76.512457973628386, 3.278002936543415 ], [ -76.512488138726226, 3.277967600897933 ], [ -76.512512254662639, 3.277932685650439 ], [ -76.512512307741815, 3.277932608794397 ], [ -76.512516255782529, 3.277878075077808 ], [ -76.512516284574076, 3.277877679041069 ], [ -76.512612263204147, 3.277761961098289 ], [ -76.512619253435531, 3.277754754730418 ], [ -76.512667829577182, 3.27771948252667 ], [ -76.51270493521433, 3.277701941470406 ], [ -76.51272361171803, 3.277695020019534 ], [ -76.512800791676, 3.277674341736297 ], [ -76.512818689961918, 3.277671480108366 ], [ -76.512852439921915, 3.277657790885508 ], [ -76.512910322640508, 3.27764188205994 ], [ -76.512931401211773, 3.277629508334365 ], [ -76.512999045040814, 3.277605583901761 ], [ -76.513064546028744, 3.277568822604838 ], [ -76.513172482101538, 3.277511395376017 ], [ -76.5131871417356, 3.277502773999983 ], [ -76.513237117542346, 3.27748628731305 ], [ -76.513366713712017, 3.27748793303309 ], [ -76.51340810597992, 3.277486522803239 ], [ -76.51353303387242, 3.277497577508411 ], [ -76.513563189631881, 3.277503848316779 ], [ -76.513619511228853, 3.277521724646218 ], [ -76.513682490053554, 3.277551590633359 ], [ -76.513759656063883, 3.277593455372803 ], [ -76.513883027050056, 3.277687863146991 ], [ -76.513950701854952, 3.277738995792842 ], [ -76.514022002139072, 3.277799721957461 ], [ -76.514062696925947, 3.277840881148977 ], [ -76.514120583621235, 3.277905160696785 ], [ -76.514353966192914, 3.278088017409424 ], [ -76.514368067959182, 3.278094247398373 ], [ -76.514389785101727, 3.278108352966616 ], [ -76.514589612074403, 3.278163220738277 ], [ -76.514823930712481, 3.278293584357134 ], [ -76.515138560296222, 3.278369380270951 ], [ -76.515523892205792, 3.278483423865635 ], [ -76.51579015723415, 3.278596793088318 ], [ -76.516069777208912, 3.278761249262045 ], [ -76.5162500371665, 3.278845231639036 ], [ -76.516459085623083, 3.278911582323171 ], [ -76.51664800037058, 3.278939472985608 ], [ -76.516944106715925, 3.279026850949967 ], [ -76.517027862847385, 3.279060839918902 ], [ -76.517125603835879, 3.279099051517277 ], [ -76.51717837201744, 3.279116746783912 ], [ -76.517268430128141, 3.279149994314967 ], [ -76.517303578909562, 3.279168467120209 ], [ -76.51738886433391, 3.279238944812435 ], [ -76.517484580853449, 3.279380202839177 ], [ -76.517532378305106, 3.2794816038319 ], [ -76.517579262578892, 3.279601540796866 ], [ -76.51766803373124, 3.279819985306232 ], [ -76.517684452029599, 3.279854552693732 ], [ -76.517696381132112, 3.279889843422628 ], [ -76.517712794934397, 3.279924410809625 ], [ -76.517739203606098, 3.279999458992627 ], [ -76.51776028196447, 3.280059981282158 ], [ -76.517794301502732, 3.280164881451806 ], [ -76.517873041360517, 3.28054018549221 ], [ -76.517926029751607, 3.280668825324817 ], [ -76.518018788362028, 3.280852410420192 ], [ -76.51806877481161, 3.280932793401654 ], [ -76.518161605768569, 3.280980162557548 ], [ -76.51827142741449, 3.280986808655007 ], [ -76.518332162077542, 3.280978910664819 ], [ -76.518474192743952, 3.280920409634421 ], [ -76.518560004914974, 3.280876628744592 ], [ -76.518651547787911, 3.280828512248208 ], [ -76.518686359348408, 3.28081493132338 ], [ -76.518736050962431, 3.280788090420636 ], [ -76.518850226922851, 3.280748584588071 ], [ -76.518931799004633, 3.280741610683168 ], [ -76.519011565485371, 3.280750458355364 ], [ -76.519078359154776, 3.280771336302173 ], [ -76.519177193449195, 3.28080916792955 ], [ -76.519266716479265, 3.280852334278725 ], [ -76.519358668535645, 3.280901445698257 ], [ -76.519421472306746, 3.280936180389296 ], [ -76.519549522377005, 3.281011165345077 ], [ -76.519699834020088, 3.281111386359319 ], [ -76.519813420635629, 3.281179276055737 ], [ -76.51993127962335, 3.281296637813313 ], [ -76.520019327288438, 3.281398757540988 ], [ -76.520108859382745, 3.281487902076944 ], [ -76.520147067063562, 3.281529119779075 ], [ -76.520188846312294, 3.281584090272205 ], [ -76.520247336364989, 3.281672393881933 ], [ -76.520289830836532, 3.281736017507678 ], [ -76.520335640486152, 3.281802218085291 ], [ -76.520372948544775, 3.281861555826383 ], [ -76.520419977217543, 3.281930514191947 ], [ -76.52046831037525, 3.281996325960103 ], [ -76.520511223207151, 3.282059746132325 ], [ -76.520717839112962, 3.282304624467902 ], [ -76.520939245222763, 3.282579314029773 ], [ -76.521039204348739, 3.282686944720644 ], [ -76.521115817814191, 3.282791835706989 ], [ -76.521216735086881, 3.282882625764889 ], [ -76.521286034473874, 3.282945453636454 ], [ -76.52137088414554, 3.282983845646311 ], [ -76.521502146323002, 3.283040081872874 ], [ -76.521563052087842, 3.283103890783006 ], [ -76.521579133194379, 3.283124818336637 ], [ -76.521593780286707, 3.28315857550058 ], [ -76.521590460650799, 3.283197784973894 ], [ -76.521590385081353, 3.283198182819346 ], [ -76.521590375185355, 3.283198232550028 ], [ -76.521581893413028, 3.283242762306532 ], [ -76.521571418022788, 3.283275297027139 ], [ -76.521498390694376, 3.283440716686282 ], [ -76.521458910004782, 3.283524915272016 ], [ -76.521443544166885, 3.283569654806771 ], [ -76.521443455102755, 3.283570099670314 ], [ -76.521408136221098, 3.283743975309299 ], [ -76.521402223917335, 3.283913465580395 ], [ -76.521400514716262, 3.28405557323589 ], [ -76.521406249983329, 3.284114395573126 ], [ -76.521415552323049, 3.284162679525764 ], [ -76.521438209880017, 3.284244165470695 ], [ -76.521489431115569, 3.284362506336098 ], [ -76.521512457490672, 3.284395613377574 ], [ -76.521626800384183, 3.284543806136053 ], [ -76.521822780553478, 3.284753770599129 ], [ -76.522090194207109, 3.284940340697475 ], [ -76.522375038484228, 3.285094759356231 ], [ -76.522547068389315, 3.285188686687563 ], [ -76.522690844967684, 3.28525069148142 ], [ -76.522752304142614, 3.285277848809202 ], [ -76.522832930208395, 3.285301036675592 ], [ -76.52294944760915, 3.285353140570506 ], [ -76.523142305189879, 3.285422576742021 ], [ -76.523423775913358, 3.28551045545697 ], [ -76.523603009346658, 3.285576116565806 ], [ -76.523610110243411, 3.285579996439601 ], [ -76.523824741142207, 3.28566755154642 ], [ -76.52394970715433, 3.285709417100559 ], [ -76.523987197133806, 3.285720182300129 ], [ -76.524063367354785, 3.285750684103561 ], [ -76.524166316399942, 3.285789559540478 ], [ -76.524240700790969, 3.285806904409197 ], [ -76.524299026527473, 3.285819064686885 ], [ -76.524396143113009, 3.285835332558602 ], [ -76.524523727954104, 3.285857341925811 ], [ -76.524557052571538, 3.285862125876772 ], [ -76.524579903523048, 3.285863083321825 ], [ -76.524650022684767, 3.285872698221792 ], [ -76.524660017720024, 3.28587138709737 ], [ -76.524667007950399, 3.285871255959041 ], [ -76.52469473048113, 3.285874334619441 ], [ -76.524701117951082, 3.28587439336423 ], [ -76.524704104769668, 3.285874822843367 ], [ -76.524718670003793, 3.285875767662473 ], [ -76.524745582858017, 3.285879438572019 ], [ -76.524767286785703, 3.285885469450291 ], [ -76.524771452146808, 3.285888118720328 ], [ -76.524778824733431, 3.285889795967532 ], [ -76.52480936589248, 3.285903273747548 ], [ -76.524831265050636, 3.285910929460148 ], [ -76.524857924215553, 3.285916670971968 ], [ -76.524894105238189, 3.285929110708983 ], [ -76.524926477149592, 3.285936766371548 ], [ -76.524961705455326, 3.285950162747644 ], [ -76.524997886514242, 3.285970258291516 ], [ -76.52505501399655, 3.285994182092628 ], [ -76.525086434135602, 3.286012363476889 ], [ -76.525188519657419, 3.286066063972318 ], [ -76.525194549078691, 3.286067922061641 ], [ -76.525195212117097, 3.286068126406256 ], [ -76.525195397443994, 3.286068183369575 ], [ -76.525264132128228, 3.28608936196833 ], [ -76.525361361189454, 3.286101118716764 ], [ -76.525361823606232, 3.286101087971829 ], [ -76.525394627308557, 3.286098925877522 ], [ -76.525448479970436, 3.286095376640354 ], [ -76.525551310008794, 3.286065232085167 ], [ -76.525645569911035, 3.286010686080604 ], [ -76.52570412573192, 3.285973365156897 ], [ -76.525781247509912, 3.285938914943735 ], [ -76.525863880590862, 3.285921762829448 ], [ -76.525947065886271, 3.285874025437737 ], [ -76.526014516603581, 3.285862397117627 ], [ -76.526109064627647, 3.285858580871182 ], [ -76.526109340818337, 3.285858598953448 ], [ -76.526195677846843, 3.285864114028656 ], [ -76.526196012514134, 3.285864089613432 ], [ -76.526286087494256, 3.285857571644141 ], [ -76.526363015896806, 3.285836417558029 ], [ -76.526415289535663, 3.285810371928317 ], [ -76.526416003852646, 3.285810371923913 ], [ -76.526446965985457, 3.285810362690571 ], [ -76.526551671208736, 3.28584512377513 ], [ -76.526638635505492, 3.285886252296175 ], [ -76.526708372601917, 3.285938682442051 ], [ -76.526758603685977, 3.286000127524741 ], [ -76.526817636019899, 3.286066155906341 ], [ -76.526839132337969, 3.286102855191568 ], [ -76.526839176443588, 3.286106549728064 ], [ -76.526839535591549, 3.286136969525284 ], [ -76.526826694630486, 3.286226027296427 ], [ -76.526807752246725, 3.286309496284281 ], [ -76.526815846050624, 3.286406906861742 ], [ -76.526832427468136, 3.286419267084708 ], [ -76.526899801109863, 3.286450036360058 ], [ -76.527010408011975, 3.286474001277951 ], [ -76.527091010757587, 3.286478155498658 ], [ -76.527091109718228, 3.286478123851187 ], [ -76.527153380256607, 3.286458081056174 ], [ -76.52718194378788, 3.286432243513177 ], [ -76.527189112991138, 3.286423036055405 ], [ -76.527207650900209, 3.286399228497146 ], [ -76.527280487347454, 3.286318845135696 ], [ -76.527337615419583, 3.286285829893291 ], [ -76.527430446728687, 3.286248508617895 ], [ -76.52743094692967, 3.286248353997098 ], [ -76.527541844902089, 3.286214058013143 ], [ -76.527628964236754, 3.286159511864125 ], [ -76.527713227080426, 3.286089175788368 ], [ -76.527763212493198, 3.286005921745688 ], [ -76.527787491386775, 3.285909749676311 ], [ -76.527794691864301, 3.285872207485555 ], [ -76.527810341476041, 3.285790610184784 ], [ -76.527816053673675, 3.285715968924368 ], [ -76.527828907271029, 3.285645633381234 ], [ -76.52784461626176, 3.285565250412019 ], [ -76.527884604801685, 3.285481996439572 ], [ -76.527937447552844, 3.285414531401747 ], [ -76.52798886182272, 3.285368597944482 ], [ -76.528050273896838, 3.285332711809642 ], [ -76.528114541584827, 3.285316922264526 ], [ -76.528115151543034, 3.285316947577106 ], [ -76.528183094412412, 3.285319792532775 ], [ -76.528235937715962, 3.285328404555236 ], [ -76.528283068407816, 3.2853528056573 ], [ -76.528310203665967, 3.285381513596551 ], [ -76.528331627257415, 3.28543175315411 ], [ -76.528404465292382, 3.285575293356793 ], [ -76.528441598702102, 3.285655675898202 ], [ -76.528470163924425, 3.285737494369675 ], [ -76.528493724280324, 3.285799817554731 ], [ -76.528502769583994, 3.285836181450242 ], [ -76.528504495760416, 3.28591967380791 ], [ -76.528493503958273, 3.286039221912858 ], [ -76.528497696830769, 3.286106643105323 ], [ -76.528497041119124, 3.286122938495529 ], [ -76.528493015103194, 3.286222999352594 ], [ -76.528492219034916, 3.286237771177036 ], [ -76.528490790609695, 3.286264297529088 ], [ -76.528490719548259, 3.286265621269734 ], [ -76.528488558020371, 3.286305742185076 ], [ -76.528480776356503, 3.286338320360742 ], [ -76.528450050562327, 3.286420872626827 ], [ -76.528440978869639, 3.286461484576799 ], [ -76.528443818385838, 3.286606639341092 ], [ -76.528462776412411, 3.286698484500038 ], [ -76.528476695200169, 3.286747965497957 ], [ -76.528501422257122, 3.286789784265183 ], [ -76.528529846803963, 3.286825178702194 ], [ -76.528622303777354, 3.286888860307003 ], [ -76.528706272430938, 3.286929742723308 ], [ -76.528817860268489, 3.28698131246581 ], [ -76.528875307274077, 3.287005345441746 ], [ -76.528958443616915, 3.287027149349101 ], [ -76.52903730211402, 3.287044342802036 ], [ -76.529048930042777, 3.287046878058215 ], [ -76.529141508053527, 3.287055769974414 ], [ -76.529264107201541, 3.287063789059672 ], [ -76.529329224310814, 3.287055459929451 ], [ -76.529347750614818, 3.28704644584796 ], [ -76.529411374112783, 3.287015490174633 ], [ -76.529459019014539, 3.286984050903103 ], [ -76.529494923458259, 3.28694213213096 ], [ -76.529550818159464, 3.286917957976164 ], [ -76.529671549919883, 3.286858546757042 ], [ -76.529775368449862, 3.286809976973205 ], [ -76.529888952888697, 3.286791430844743 ], [ -76.529960852396187, 3.286783278826578 ], [ -76.530031020041719, 3.286770325549965 ], [ -76.530088655753858, 3.286769502156845 ], [ -76.530218294363294, 3.286753718140508 ], [ -76.530352957609935, 3.286750995137364 ], [ -76.530475229293714, 3.286762447294316 ], [ -76.530510068919426, 3.286762050892932 ], [ -76.530531096305978, 3.286761811965158 ], [ -76.530565318726858, 3.286756522974356 ], [ -76.530591383131551, 3.286747193225432 ], [ -76.53059202007546, 3.286746760109766 ], [ -76.530617164965278, 3.286729657918005 ], [ -76.530619270069622, 3.286723314974621 ], [ -76.53061989977202, 3.286718454925063 ], [ -76.530629998042841, 3.28669477849748 ], [ -76.53063315125604, 3.286690763842565 ], [ -76.53065335267172, 3.286680984769682 ], [ -76.530659951522665, 3.28667697459902 ], [ -76.530670362166973, 3.286673002363886 ], [ -76.530680359842179, 3.286665825669413 ], [ -76.53068514498149, 3.286658990815768 ], [ -76.530689404736009, 3.286652906448743 ], [ -76.530693212780804, 3.286638074009324 ], [ -76.530693688557506, 3.286624676561373 ], [ -76.53068845247337, 3.286609365899801 ], [ -76.530681419870291, 3.286601051006525 ], [ -76.530680359177069, 3.286599796900717 ], [ -76.530658416663513, 3.286580913042085 ], [ -76.530652694729056, 3.286561301134504 ], [ -76.530615322527282, 3.286463354713157 ], [ -76.530586939715022, 3.286379313795385 ], [ -76.530584234405381, 3.286371303569074 ], [ -76.530543803139196, 3.286244304518969 ], [ -76.530539214791304, 3.286227817493337 ], [ -76.530537532314341, 3.286213436305041 ], [ -76.530537955060893, 3.286204765079897 ], [ -76.530537536699171, 3.286202016334455 ], [ -76.530538916675766, 3.286194246580695 ], [ -76.530542165165457, 3.286181717129945 ], [ -76.530544688630869, 3.286178122932164 ], [ -76.530547236189619, 3.286154705184313 ], [ -76.530546284245148, 3.286142504904339 ], [ -76.530540571361684, 3.286127911272827 ], [ -76.530519637144764, 3.286087125108516 ], [ -76.530511948525358, 3.286060530130252 ], [ -76.53050008271741, 3.286019482558358 ], [ -76.530500918935587, 3.285973942817516 ], [ -76.530494157382762, 3.285900061194458 ], [ -76.530494674300058, 3.285861845428568 ], [ -76.53049783181703, 3.2858383770396 ], [ -76.53050930202987, 3.285813841614619 ], [ -76.530532179583176, 3.285775286541414 ], [ -76.530603943554709, 3.28571595709413 ], [ -76.530677043663104, 3.285673992673448 ], [ -76.530746106144633, 3.285629941410641 ], [ -76.530796079338032, 3.285610476288511 ], [ -76.530915345754892, 3.285590465181667 ], [ -76.530958325368132, 3.285595401611396 ], [ -76.531075333405823, 3.285635632436121 ], [ -76.531149684869945, 3.285676894504256 ], [ -76.531229249852515, 3.285725539252224 ], [ -76.531306696193411, 3.285775223840633 ], [ -76.531377439821341, 3.2857899794839 ], [ -76.531460980728681, 3.285790697362831 ], [ -76.531577727736504, 3.285814865121777 ], [ -76.531701357044028, 3.285840890904365 ], [ -76.531836645612884, 3.285855663837826 ], [ -76.531942043364253, 3.28585610563545 ], [ -76.532024221428088, 3.285866522770466 ], [ -76.532096206516556, 3.28587564792899 ], [ -76.532232372148329, 3.285881799305373 ], [ -76.532253122408221, 3.285880049434648 ], [ -76.53227323387631, 3.285874461267712 ], [ -76.532291784517838, 3.285873611096327 ], [ -76.532296875584322, 3.285872175173304 ], [ -76.532305265633028, 3.285869808793804 ], [ -76.532335538593998, 3.285865820923235 ], [ -76.532358510988914, 3.285865418271746 ], [ -76.532396136829419, 3.285869299508463 ], [ -76.53240311987166, 3.285870020064036 ], [ -76.532432956531082, 3.28586823300406 ], [ -76.532457185715742, 3.285866782373595 ], [ -76.532475680575999, 3.285865674504018 ], [ -76.532486750664091, 3.285863436484832 ], [ -76.53250843207843, 3.285863716512419 ], [ -76.532513299155795, 3.285864173069149 ], [ -76.532519497697749, 3.285863960505507 ], [ -76.532524144362426, 3.285864417064957 ], [ -76.532529452270609, 3.285865330234033 ], [ -76.532550701874783, 3.285867179042731 ], [ -76.532567975032705, 3.285867224034166 ], [ -76.532573948671825, 3.285867685097561 ], [ -76.532636006049202, 3.285864429211916 ], [ -76.532642434005623, 3.285864664220596 ], [ -76.532702449164461, 3.285859161434438 ], [ -76.532713987069428, 3.285857153976096 ], [ -76.532727247814904, 3.285857049823965 ], [ -76.532739244540835, 3.285855272928913 ], [ -76.53274612681183, 3.285855060355023 ], [ -76.532758568861283, 3.285853283454013 ], [ -76.532763674325111, 3.285852162187823 ], [ -76.532817288195517, 3.285820193717524 ], [ -76.532831559139126, 3.285811810750398 ], [ -76.532893586416776, 3.285775376352736 ], [ -76.53293275656884, 3.285748792538827 ], [ -76.533000687987752, 3.285695290490797 ], [ -76.533075800559303, 3.285658338710724 ], [ -76.533099108200517, 3.28563263759226 ], [ -76.53314609092233, 3.285540418222047 ], [ -76.533206190933626, 3.285487906355536 ], [ -76.533284791941441, 3.285422744563066 ], [ -76.53338165550629, 3.285342776340508 ], [ -76.533466760945402, 3.28528029990138 ], [ -76.533563269413023, 3.285222742114039 ], [ -76.533633485900282, 3.285172635238001 ], [ -76.533701718723705, 3.285126800700994 ], [ -76.533759886457204, 3.285090192694885 ], [ -76.533764589751499, 3.285087232298254 ], [ -76.533826178786683, 3.28504792612553 ], [ -76.533865578974556, 3.285004737650836 ], [ -76.533875482760905, 3.284975924465197 ], [ -76.53387829831739, 3.284951357474039 ], [ -76.533853909351919, 3.28490984988486 ], [ -76.533815808832514, 3.284860662262511 ], [ -76.533808467654069, 3.284853537316042 ], [ -76.533804653110082, 3.2848490661298 ], [ -76.533797226473965, 3.284842565078313 ], [ -76.533794536504033, 3.284839658132017 ], [ -76.533785643446947, 3.284832890363639 ], [ -76.533779143452136, 3.284827081007534 ], [ -76.533769958017643, 3.284820787944943 ], [ -76.533759010189911, 3.284815000351223 ], [ -76.533730909699713, 3.284803449662725 ], [ -76.533707415464619, 3.284798327729151 ], [ -76.533699291649171, 3.284795095347954 ], [ -76.533689674438023, 3.28479270840875 ], [ -76.533666931421223, 3.284788829730573 ], [ -76.533643423749751, 3.284788133825356 ], [ -76.533619763180369, 3.284790616163658 ], [ -76.533599246800662, 3.284788374044418 ], [ -76.533549568550356, 3.284789667722736 ], [ -76.533540940989909, 3.284790639849293 ], [ -76.533501896454027, 3.284787154714268 ], [ -76.533470849789026, 3.284787367622492 ], [ -76.533450050076311, 3.28478933904804 ], [ -76.533406192694031, 3.284804742587589 ], [ -76.533377255868231, 3.28481889361511 ], [ -76.533365096406641, 3.284827434795923 ], [ -76.533359320729403, 3.284829695358853 ], [ -76.533304559908004, 3.284863517472909 ], [ -76.533281268302005, 3.284874888025095 ], [ -76.533247711795724, 3.284888148479429 ], [ -76.533195021047675, 3.284922152302506 ], [ -76.533169906823503, 3.28493835941005 ], [ -76.533137719610153, 3.284954831539491 ], [ -76.533115701804647, 3.28495901824921 ], [ -76.533083567426203, 3.284956028503913 ], [ -76.533061549456775, 3.284947057380919 ], [ -76.533029414871123, 3.284927321056247 ], [ -76.533017513311577, 3.284912368555857 ], [ -76.53300731994797, 3.28487916578072 ], [ -76.533003035541299, 3.284854285129872 ], [ -76.533001299906459, 3.28483618228403 ], [ -76.533008199819662, 3.284808224514338 ], [ -76.533034700801466, 3.284752476083927 ], [ -76.533061236865521, 3.284696655316792 ], [ -76.53306291014411, 3.284692107198814 ], [ -76.533128744572551, 3.2845789961781 ], [ -76.533184448993438, 3.284464307468975 ], [ -76.533185495201209, 3.284458232175408 ], [ -76.533189414657116, 3.284435481697413 ], [ -76.533196494516417, 3.284409558360516 ], [ -76.533207244243229, 3.284330164556807 ], [ -76.533221578663102, 3.284220653810584 ], [ -76.533224574286237, 3.284205951575782 ], [ -76.533232102896875, 3.284095354983121 ], [ -76.533229245659669, 3.284026012381435 ], [ -76.533222879568342, 3.283936732348278 ], [ -76.533188811810021, 3.283855598567868 ], [ -76.533188287303147, 3.283854348978701 ], [ -76.53316873403412, 3.283818152543307 ], [ -76.533163057230524, 3.283813049347587 ], [ -76.533123849501919, 3.283777803479844 ], [ -76.53304725238371, 3.283719781455394 ], [ -76.532962551231975, 3.283656046832792 ], [ -76.532903272620331, 3.283556301441263 ], [ -76.532845028777857, 3.283470448973846 ], [ -76.532815609323663, 3.283373772928795 ], [ -76.532812787367163, 3.283317869361201 ], [ -76.53280048006782, 3.283227035996519 ], [ -76.532809547897926, 3.28318157752496 ], [ -76.532818539442232, 3.283151255262284 ], [ -76.53282976659851, 3.283121281085341 ], [ -76.532843269883841, 3.28309439018045 ], [ -76.532857596416505, 3.283073751766393 ], [ -76.532876947448145, 3.28305344331778 ], [ -76.532891822868194, 3.283041580099103 ], [ -76.532895830742333, 3.283039387376534 ], [ -76.532929117287466, 3.283025163971515 ], [ -76.532942054078191, 3.283021275768605 ], [ -76.533012878151396, 3.283007567261035 ], [ -76.533015941424935, 3.283007223627128 ], [ -76.533043290557742, 3.28301083100215 ], [ -76.533056537772993, 3.283010885079551 ], [ -76.533083594562953, 3.283017724950902 ], [ -76.533105797750579, 3.283021427332349 ], [ -76.533189131851927, 3.283049248277855 ], [ -76.533217434755258, 3.283064709618849 ], [ -76.533313872381157, 3.283111834921097 ], [ -76.533336525536839, 3.283126916572916 ], [ -76.533353178008781, 3.283135881432474 ], [ -76.533367396910094, 3.283141586705105 ], [ -76.533410107652159, 3.283163291305668 ], [ -76.533428487417723, 3.283170791346208 ], [ -76.533591697096057, 3.283268799231791 ], [ -76.533731682197185, 3.283338790959873 ], [ -76.533839356602272, 3.283401649028852 ], [ -76.533891945447209, 3.283424768533197 ], [ -76.533954979067289, 3.283443045928343 ], [ -76.534007821313168, 3.283443523500102 ], [ -76.534059499295935, 3.283434531461445 ], [ -76.534178408847495, 3.283393529085448 ], [ -76.534259849150004, 3.28334692937067 ], [ -76.534317673145637, 3.283313843171072 ], [ -76.534329601396564, 3.283307018141672 ], [ -76.534355187021674, 3.283294327407165 ], [ -76.534410879094906, 3.283278200296 ], [ -76.534420266794825, 3.283274063471354 ], [ -76.534430050413889, 3.283275514559909 ], [ -76.534460800092305, 3.283271101643415 ], [ -76.534474843502423, 3.283271793146158 ], [ -76.534558937438561, 3.283269386754023 ], [ -76.534684001470652, 3.283297751277001 ], [ -76.534685746780355, 3.283298147288022 ], [ -76.534738263505687, 3.283309751835647 ], [ -76.534815799201027, 3.283317354946523 ], [ -76.534873439233849, 3.283318249231508 ], [ -76.53495081737681, 3.283317687461681 ], [ -76.535085403645027, 3.28331249533875 ], [ -76.535106878103576, 3.283313882947842 ], [ -76.535137807740512, 3.283311680761056 ], [ -76.535191606315962, 3.283313339129643 ], [ -76.535238841908509, 3.283308175452735 ], [ -76.535258710417736, 3.283303428126755 ], [ -76.535277382457025, 3.283302315678885 ], [ -76.535315239226705, 3.283292979288068 ], [ -76.535320613654278, 3.283290961947668 ], [ -76.535407690353424, 3.283258270359292 ], [ -76.535444888406516, 3.283237022121511 ], [ -76.535487257456722, 3.283206399117344 ], [ -76.53552486556039, 3.283172905370296 ], [ -76.535545335654078, 3.283149938519221 ], [ -76.535549634001839, 3.283140693067467 ], [ -76.535558108349889, 3.283122467094681 ], [ -76.535558188913825, 3.283095392811703 ], [ -76.535547239039346, 3.283072426456345 ], [ -76.535533432861882, 3.283053287599217 ], [ -76.535512486240847, 3.283034628077186 ], [ -76.535437744329755, 3.282992045329368 ], [ -76.535387757426491, 3.282981997803048 ], [ -76.535333010586854, 3.282976257024305 ], [ -76.535204272567753, 3.282956485199313 ], [ -76.535169577831425, 3.282950920419522 ], [ -76.535149124482132, 3.282950156690038 ], [ -76.535133605626228, 3.28294680236851 ], [ -76.535117992338414, 3.282945541257346 ], [ -76.535098681560456, 3.282946653711861 ], [ -76.535047793477176, 3.282954281366248 ], [ -76.535030965761109, 3.282959073851182 ], [ -76.534964639889665, 3.282970390847877 ], [ -76.534961787129845, 3.2829705192867 ], [ -76.534920400070817, 3.282972376223841 ], [ -76.53487073984796, 3.282969677954398 ], [ -76.534828928876337, 3.282958737835897 ], [ -76.534816441787967, 3.282953719746616 ], [ -76.534806932499762, 3.282947876083351 ], [ -76.534716279390281, 3.282892172757826 ], [ -76.534674553494369, 3.282853080550276 ], [ -76.534650838412404, 3.282814006157675 ], [ -76.534649145815422, 3.282787415644889 ], [ -76.534656286929845, 3.28277066896136 ], [ -76.534670953553317, 3.282754903216492 ], [ -76.5347055128872, 3.282728699159437 ], [ -76.534879843977834, 3.282637070044871 ], [ -76.534897737688937, 3.282627046784085 ], [ -76.534919625726175, 3.28261154404677 ], [ -76.534942719304738, 3.282597682402848 ], [ -76.535059374919229, 3.28254263781743 ], [ -76.535073233759121, 3.282534034199557 ], [ -76.535126123339069, 3.282513820132269 ], [ -76.535219959815947, 3.28247695921874 ], [ -76.535260713328839, 3.282462907413527 ], [ -76.53527444171857, 3.282454339962497 ], [ -76.535380872517024, 3.282374393992501 ], [ -76.535487681235637, 3.28230038403841 ], [ -76.535554249315524, 3.282245832964017 ], [ -76.5355814235201, 3.282223564044064 ], [ -76.53565673940561, 3.282149918958824 ], [ -76.53570222164754, 3.28209198290663 ], [ -76.535754186354211, 3.282011720389673 ], [ -76.5357635890892, 3.281991604634683 ], [ -76.53579902296697, 3.281915798247965 ], [ -76.53582130638317, 3.281871727473281 ], [ -76.535830999793347, 3.281857811771385 ], [ -76.535848452303924, 3.281824519066527 ], [ -76.53587434797862, 3.281794128688036 ], [ -76.535920241934789, 3.281717045406073 ], [ -76.535933322194097, 3.281684005944698 ], [ -76.535996524685814, 3.281572721239646 ], [ -76.536023778674831, 3.281533822369217 ], [ -76.536041276218398, 3.281504620233851 ], [ -76.536058566849121, 3.281475763503659 ], [ -76.536114415328882, 3.281401252481781 ], [ -76.536173826256828, 3.281319254671513 ], [ -76.536198247324279, 3.28128401873265 ], [ -76.536231473863396, 3.281236076913426 ], [ -76.536234995703595, 3.281220135914624 ], [ -76.536239786088913, 3.28120763535313 ], [ -76.536239277566921, 3.281193150173238 ], [ -76.536241728618378, 3.281163248436338 ], [ -76.536247054302535, 3.281151629455141 ], [ -76.536244616030743, 3.281135652386989 ], [ -76.53625045452803, 3.281125245017296 ], [ -76.536253355730977, 3.28111665060514 ], [ -76.536251263712884, 3.281093783572806 ], [ -76.536236581261264, 3.2810721148055 ], [ -76.536228619297887, 3.281062137155843 ], [ -76.536220373973421, 3.281053773497129 ], [ -76.536165796673629, 3.281009844128949 ], [ -76.536164792660514, 3.281008832352335 ], [ -76.536158522976493, 3.281002511234916 ], [ -76.536148289467562, 3.280995259766887 ], [ -76.536139063238963, 3.280967609665005 ], [ -76.536138671787015, 3.280960575041909 ], [ -76.536129684166497, 3.280946053833271 ], [ -76.536127997237855, 3.280939258842829 ], [ -76.536120354599831, 3.280926130070851 ], [ -76.536117961462139, 3.280919827877706 ], [ -76.536099113568753, 3.280890527778939 ], [ -76.536088619103268, 3.28087920744142 ], [ -76.536083720457142, 3.280872014658045 ], [ -76.536080994414505, 3.28086319428989 ], [ -76.53607664004187, 3.280855463502138 ], [ -76.536074174918809, 3.280848207385363 ], [ -76.536073193919108, 3.28082270912987 ], [ -76.536075739607668, 3.280803892810605 ], [ -76.536078546308104, 3.280792640070092 ], [ -76.536092593797392, 3.280768353188882 ], [ -76.53611430171199, 3.280744043577161 ], [ -76.536120576657794, 3.280741688048916 ], [ -76.536131070730562, 3.280727695474341 ], [ -76.536136248091736, 3.280723730498624 ], [ -76.536140467269007, 3.280715353071757 ], [ -76.536145181132497, 3.280699538640893 ], [ -76.536148158841897, 3.28069336294682 ], [ -76.5361498365735, 3.280687223441842 ], [ -76.536154033263031, 3.280679072063791 ], [ -76.536159520961533, 3.280672670279952 ], [ -76.536180518266747, 3.280655386265968 ], [ -76.536186541275114, 3.280650593938532 ], [ -76.536194557041824, 3.280649544941514 ], [ -76.536202797620732, 3.280642220834187 ], [ -76.53626072925347, 3.280602688515256 ], [ -76.536270463204076, 3.280593569557508 ], [ -76.536274349567435, 3.28058865971964 ], [ -76.536288100441197, 3.280581832827079 ], [ -76.536292072259243, 3.280576226758324 ], [ -76.536309592552314, 3.280565100360401 ], [ -76.536321809609575, 3.280562636228964 ], [ -76.536342595624319, 3.280553625590237 ], [ -76.536351632464175, 3.280551554835671 ], [ -76.536360705301107, 3.280550220998552 ], [ -76.536377069722604, 3.280549628479014 ], [ -76.536398175152826, 3.280543443440079 ], [ -76.536447835151563, 3.280539274276002 ], [ -76.536462737623197, 3.280536371563713 ], [ -76.536482003282259, 3.28052962143246 ], [ -76.536493568099814, 3.280527113004243 ], [ -76.536518132653768, 3.280521785984719 ], [ -76.536544424364891, 3.280507069784727 ], [ -76.536563780026555, 3.280502824267749 ], [ -76.5365785519827, 3.280495712532653 ], [ -76.536597799699294, 3.280492217497844 ], [ -76.5366108938873, 3.280488781339295 ], [ -76.536632467184816, 3.280486217584314 ], [ -76.536748201169544, 3.280483195610231 ], [ -76.536817630549464, 3.280468076299917 ], [ -76.536836666883445, 3.280466674473054 ], [ -76.536862639368877, 3.280461352845646 ], [ -76.536971023289254, 3.280457594052434 ], [ -76.536982997449982, 3.280455672433102 ], [ -76.537079735018239, 3.280419792336084 ], [ -76.53716066599074, 3.280387747192549 ], [ -76.537181847845687, 3.280379359518209 ], [ -76.537230356098306, 3.280363282098046 ], [ -76.537302784896241, 3.28035045844822 ], [ -76.537396950897715, 3.280345760399384 ], [ -76.53746530536408, 3.280340994082358 ], [ -76.53749297386014, 3.280347459480825 ], [ -76.537557685297273, 3.280372756769262 ], [ -76.537584496684261, 3.280393716410636 ], [ -76.537622738133962, 3.280423610187093 ], [ -76.537715771928646, 3.280497096880177 ], [ -76.537762902672725, 3.280524369231857 ], [ -76.537849048209182, 3.28056045947595 ], [ -76.537866456375156, 3.280569410679675 ], [ -76.537870688321945, 3.280572057178445 ], [ -76.537879483286233, 3.280577557230322 ], [ -76.537905707987278, 3.280590767026333 ], [ -76.537922796911559, 3.280607200440418 ], [ -76.537983613759607, 3.280679860358287 ], [ -76.538010117665252, 3.280711090733219 ], [ -76.538057731737908, 3.280750119392104 ], [ -76.538105998293815, 3.280802982205135 ], [ -76.53812761233165, 3.280814948813418 ], [ -76.538141664759522, 3.280818682874649 ], [ -76.538216596365501, 3.280856621465554 ], [ -76.538223456204577, 3.280861788806825 ], [ -76.538240608182832, 3.28088217354191 ], [ -76.538250104474258, 3.280916315731443 ], [ -76.538328360815783, 3.280985815144044 ], [ -76.538424272996252, 3.281078221973821 ], [ -76.538444520775357, 3.281106151241922 ], [ -76.538480821215344, 3.281156221205863 ], [ -76.538501463796095, 3.281176117605574 ], [ -76.538525718558475, 3.281203211320942 ], [ -76.538550800927453, 3.28122677866331 ], [ -76.538559932458028, 3.281237402770051 ], [ -76.53859554303439, 3.281295806699017 ], [ -76.538647065926327, 3.281425744729815 ], [ -76.538652599036652, 3.281443905361405 ], [ -76.53865436710484, 3.281459267584209 ], [ -76.53866269110415, 3.281488896959573 ], [ -76.538678758144286, 3.281509710295394 ], [ -76.538695896474891, 3.281520475302276 ], [ -76.538717676875649, 3.281527293413168 ], [ -76.538731226465771, 3.281533723781873 ], [ -76.53874728337351, 3.281541344021701 ], [ -76.538801532678832, 3.2815980901981 ], [ -76.538823052415722, 3.281617538997927 ], [ -76.538861265057633, 3.281641779704005 ], [ -76.53894278687774, 3.281694140005262 ], [ -76.538986599673549, 3.28171235866565 ], [ -76.539112387871015, 3.281742036385139 ], [ -76.539163392208678, 3.281750251798323 ], [ -76.539210402915359, 3.281751447124803 ], [ -76.539246702353594, 3.281744268918943 ], [ -76.539272886151082, 3.281732306820516 ], [ -76.539303234202791, 3.281710774649607 ], [ -76.539341853007173, 3.281660582076136 ], [ -76.539371773545895, 3.281581283667777 ], [ -76.539408742687058, 3.281498250797254 ], [ -76.539428826576767, 3.281468032234024 ], [ -76.539445928157349, 3.281437682621557 ], [ -76.539495475064044, 3.28139798751705 ], [ -76.539561256349103, 3.281378735912142 ], [ -76.53974893831959, 3.281334568589002 ], [ -76.539808445111191, 3.281294495313725 ], [ -76.539855507735197, 3.281236197352903 ], [ -76.539873901578275, 3.281179661343288 ], [ -76.539874495459301, 3.281138991588127 ], [ -76.539854261898142, 3.281057053936888 ], [ -76.539820441325261, 3.28094045970811 ], [ -76.539815463381629, 3.280927922254714 ], [ -76.539797424929148, 3.280892003512679 ], [ -76.539785435637583, 3.280808266346796 ], [ -76.539786679972551, 3.280721106538498 ], [ -76.539795242635634, 3.280668752626795 ], [ -76.539816961045545, 3.280586514835749 ], [ -76.53983511011468, 3.280526705649478 ], [ -76.53986456519462, 3.280480054064524 ], [ -76.539916930575828, 3.280438785583109 ], [ -76.539976925924634, 3.280404561518461 ], [ -76.540007774442245, 3.280399680047778 ], [ -76.540039765595182, 3.280399679392001 ], [ -76.540063187653146, 3.280397813558921 ], [ -76.540098082707004, 3.280390970805336 ], [ -76.540216759054374, 3.280370835571744 ], [ -76.540318494480985, 3.280359865586638 ], [ -76.540524916082376, 3.280334900992664 ], [ -76.540612859952972, 3.280319491673237 ], [ -76.540654063125956, 3.280305606902901 ], [ -76.540747817680113, 3.28024146591097 ], [ -76.540757740592497, 3.280236424818251 ], [ -76.540779956886126, 3.280222436463833 ], [ -76.540869474869723, 3.280195096246943 ], [ -76.541017531352892, 3.280119846041729 ], [ -76.541065832605042, 3.280103284686248 ], [ -76.541157078138554, 3.280088770397183 ], [ -76.541192051587586, 3.280088991165416 ], [ -76.54121387228065, 3.280087168740056 ], [ -76.541245904039513, 3.280093596862276 ], [ -76.541268458011388, 3.280095345986087 ], [ -76.541313642670559, 3.280110770549624 ], [ -76.541413925551666, 3.280162956623186 ], [ -76.541436522045984, 3.280176160071989 ], [ -76.541460443546043, 3.280181542212766 ], [ -76.541493787817615, 3.280184869816416 ], [ -76.541521855518468, 3.280179029007979 ], [ -76.541554940414656, 3.280168951938775 ], [ -76.541665369955169, 3.280117096675798 ], [ -76.541820744870193, 3.280039214978004 ], [ -76.542047608719315, 3.279923771419817 ], [ -76.542136509955327, 3.279876163588326 ], [ -76.542186704722894, 3.279850618965142 ], [ -76.542269978946536, 3.279814024332536 ], [ -76.542315230017266, 3.279780215482183 ], [ -76.542411660562209, 3.279703266356246 ], [ -76.542571208643395, 3.279578144822702 ], [ -76.542636120781552, 3.279521558853561 ], [ -76.542645994013441, 3.279508135863641 ], [ -76.54270160825412, 3.279445577904711 ], [ -76.542708312959149, 3.279432122437041 ], [ -76.542720159766716, 3.279408345474523 ], [ -76.542720159292799, 3.279386814806392 ], [ -76.542715398769488, 3.279362293175507 ], [ -76.542709781152894, 3.279349647248926 ], [ -76.542700520722747, 3.279328800367451 ], [ -76.542698959606838, 3.279276773983804 ], [ -76.542715093043228, 3.279205604495723 ], [ -76.5427315445624, 3.279076019544906 ], [ -76.542740909388513, 3.279057831463355 ], [ -76.542747449410797, 3.279042288215251 ], [ -76.542762297604867, 3.27902763992495 ], [ -76.542779529879553, 3.279014881344143 ], [ -76.542793492135303, 3.279009537230612 ], [ -76.542807701838655, 3.279006340571888 ], [ -76.542878608800521, 3.27897634950456 ], [ -76.542903820903419, 3.27896568575145 ], [ -76.542926960260601, 3.278955898210508 ], [ -76.5430267297196, 3.278860370468786 ], [ -76.543122856924199, 3.278742353689327 ], [ -76.54330509265823, 3.278574919733603 ], [ -76.543402395184259, 3.278476970579889 ], [ -76.543484189250677, 3.278436117122518 ], [ -76.543624576670652, 3.278395565141584 ], [ -76.543703473743122, 3.278348291958105 ], [ -76.543778264397289, 3.278319726642887 ], [ -76.543855097113891, 3.278286450420806 ], [ -76.543947127782815, 3.278231351095468 ], [ -76.544019818449129, 3.278193336985376 ], [ -76.54403356035391, 3.278191338376946 ], [ -76.544118719977774, 3.278191734113153 ], [ -76.54423254656038, 3.278193562274961 ], [ -76.544284725550767, 3.278196061069085 ], [ -76.544364478634378, 3.278208139105138 ], [ -76.544373717879878, 3.278207121655178 ], [ -76.544392025659803, 3.278214381873858 ], [ -76.544458415181069, 3.27824918715419 ], [ -76.544466102915678, 3.278263432537537 ], [ -76.544486237525845, 3.278294509179043 ], [ -76.544488019225483, 3.278312131875707 ], [ -76.544483418070641, 3.278332661717006 ], [ -76.544483094727923, 3.278354828041698 ], [ -76.544473050809842, 3.278377057904834 ], [ -76.544464585471147, 3.278387365929893 ], [ -76.544461450517915, 3.278399224513463 ], [ -76.544456974926632, 3.27840354215259 ], [ -76.544432866905382, 3.278498401754293 ], [ -76.544418577573893, 3.278557604217301 ], [ -76.544415627216452, 3.278576691827319 ], [ -76.544408902955226, 3.278598903522485 ], [ -76.544398607078406, 3.278618755360875 ], [ -76.544338795708327, 3.27885178122403 ], [ -76.544332323381454, 3.278875661150323 ], [ -76.54432473738305, 3.278979159909389 ], [ -76.544321253452864, 3.279070899522443 ], [ -76.544314647456559, 3.279148947907658 ], [ -76.544304532935868, 3.279229689974577 ], [ -76.544287873424622, 3.279343327687824 ], [ -76.544272996945836, 3.279378615135526 ], [ -76.544236699119622, 3.279449190193456 ], [ -76.544190285675214, 3.279516177659906 ], [ -76.544095372454265, 3.279647884919102 ], [ -76.543953598122783, 3.27982547665037 ], [ -76.543934577489864, 3.279843466058954 ], [ -76.543910924720564, 3.279865835496948 ], [ -76.543807522559192, 3.279963627522379 ], [ -76.543792387377394, 3.279978076913364 ], [ -76.543733061131022, 3.280034717076894 ], [ -76.54363360441387, 3.280157111202331 ], [ -76.543530158045797, 3.280291354876582 ], [ -76.543483738578658, 3.280374157566338 ], [ -76.543404056740385, 3.280535386323499 ], [ -76.543355507463644, 3.280722207538952 ], [ -76.543317271458051, 3.280861526671644 ], [ -76.543272801759699, 3.281037077006547 ], [ -76.543224252435024, 3.281223898215285 ], [ -76.543218916962033, 3.281236715292942 ], [ -76.543203957665924, 3.281272648320399 ], [ -76.543107570310084, 3.281393999781804 ], [ -76.54305996485121, 3.281428450703472 ], [ -76.542973322224427, 3.281462903449237 ], [ -76.54293814386412, 3.28147413527298 ], [ -76.542892393012295, 3.281488742700442 ], [ -76.542836217669574, 3.281527531231158 ], [ -76.542806142595225, 3.281562875072353 ], [ -76.542754814079657, 3.28162319596121 ], [ -76.542731963924282, 3.281654775471414 ], [ -76.542667535259682, 3.281734039526206 ], [ -76.542582597629263, 3.281819564691963 ], [ -76.542519700996976, 3.281897340397819 ], [ -76.542506002489574, 3.281911634213693 ], [ -76.54248837174444, 3.281930032256875 ], [ -76.542458951089046, 3.281983969013706 ], [ -76.542448239870325, 3.282020571939042 ], [ -76.542447796416781, 3.282065092654704 ], [ -76.542470798815629, 3.282124665851758 ], [ -76.542482624354719, 3.282155292438837 ], [ -76.542542329612417, 3.282225277484433 ], [ -76.542577061921307, 3.282302625957629 ], [ -76.542601777626203, 3.282379421295389 ], [ -76.542630167507525, 3.282499065397796 ], [ -76.542646668678486, 3.282538353148714 ], [ -76.542646681274121, 3.282538383891018 ], [ -76.542705578505149, 3.282640886474894 ], [ -76.542745770858289, 3.282681854567929 ], [ -76.542793848561516, 3.282722605468084 ], [ -76.542887053660252, 3.282826748348875 ], [ -76.542895074133412, 3.282834610127297 ], [ -76.542946593528896, 3.282900172022821 ], [ -76.543004779897757, 3.282993813503444 ], [ -76.54303074292568, 3.283046925246437 ], [ -76.543043587688956, 3.283073200820756 ], [ -76.543054340779378, 3.283179560909322 ], [ -76.543050214277088, 3.283307029759855 ], [ -76.543040018971425, 3.283402250674144 ], [ -76.543032984755214, 3.283446081646056 ], [ -76.543005601502784, 3.283528205716164 ], [ -76.543014370715596, 3.28362699774808 ], [ -76.543033614639413, 3.283653386195437 ], [ -76.543169693147092, 3.283796250141908 ], [ -76.54323840438272, 3.283844848932145 ], [ -76.543318419535552, 3.283889505160582 ], [ -76.543408735492477, 3.283929646493684 ], [ -76.543458008795824, 3.283965530054997 ], [ -76.543500652018267, 3.28401353901585 ], [ -76.543536395248182, 3.284072814399343 ], [ -76.543621572452878, 3.284229644788145 ], [ -76.54365824596313, 3.28429046179527 ], [ -76.543682122661252, 3.284298899152777 ], [ -76.543709733591299, 3.284299376798637 ], [ -76.543743533927383, 3.284294112660527 ], [ -76.543773049957025, 3.284279757859229 ], [ -76.54379967779353, 3.284250655723147 ], [ -76.54380875231945, 3.284204637450249 ], [ -76.543811132208134, 3.284180235003605 ], [ -76.543809282669699, 3.284107869688428 ], [ -76.543811831757253, 3.283852945683342 ], [ -76.543804897644321, 3.283750315310224 ], [ -76.543801372470313, 3.283617213514949 ], [ -76.543793080912963, 3.283558355207759 ], [ -76.543781240711212, 3.283518561918326 ], [ -76.543733041530785, 3.283441060104955 ], [ -76.543660077811367, 3.283358404986003 ], [ -76.543621517841217, 3.283299927174715 ], [ -76.54359080776608, 3.283264176088326 ], [ -76.543563858149014, 3.283226476371722 ], [ -76.543528855835149, 3.283148938060408 ], [ -76.543522832087689, 3.283120483220114 ], [ -76.543518813619698, 3.283091110574362 ], [ -76.543508286962364, 3.283014168438213 ], [ -76.543500049492792, 3.282959121304976 ], [ -76.543499117042956, 3.282901189616272 ], [ -76.543517346474218, 3.2827832406818 ], [ -76.543514131769527, 3.282731207105919 ], [ -76.543518772998624, 3.282691015569259 ], [ -76.54352876922502, 3.282665536948239 ], [ -76.543546978508914, 3.282650464497359 ], [ -76.543571614065513, 3.282641492487499 ], [ -76.543612317352967, 3.282638979649156 ], [ -76.543673372502283, 3.282644719796933 ], [ -76.543718479796468, 3.282653738033234 ], [ -76.543782287364422, 3.282677498693805 ], [ -76.543842267144896, 3.282709080722279 ], [ -76.54390525203759, 3.282753936241381 ], [ -76.543953963971717, 3.282791834335044 ], [ -76.543975897020445, 3.282822079084562 ], [ -76.544001115664713, 3.282856853764534 ], [ -76.54404174876754, 3.28289200330327 ], [ -76.544100284578903, 3.282920750702882 ], [ -76.544125160660201, 3.282925387696977 ], [ -76.544148523314021, 3.282920152737646 ], [ -76.544219004793291, 3.28288219291884 ], [ -76.544320226581092, 3.282826625859981 ], [ -76.544326532981955, 3.282823164447417 ], [ -76.544390514649763, 3.28278973026965 ], [ -76.544435770832138, 3.282779154583596 ], [ -76.544452319720719, 3.282778950723661 ], [ -76.544472246928166, 3.282785790449826 ], [ -76.544498426808701, 3.282799723420084 ], [ -76.544542806872926, 3.282832440560972 ], [ -76.54465861580077, 3.282943169750123 ], [ -76.544790029024327, 3.283053704125357 ], [ -76.544879697742687, 3.283115331697678 ], [ -76.544924689842574, 3.283158501287979 ], [ -76.544984278505439, 3.283196738122374 ], [ -76.545032090964838, 3.283238922063543 ], [ -76.545118467980529, 3.283339574712305 ], [ -76.545173927553265, 3.283387848195274 ], [ -76.545186446590634, 3.283409381251384 ], [ -76.545273760163312, 3.283546635635895 ], [ -76.545336148449991, 3.283653948277939 ], [ -76.545351033461657, 3.283671828326273 ], [ -76.545385779008313, 3.283727968825506 ], [ -76.545386926450249, 3.283744117700806 ], [ -76.545386220701261, 3.283763141961564 ], [ -76.545379914836602, 3.283788414349445 ], [ -76.545371089670539, 3.283801362638545 ], [ -76.545361584581499, 3.283822679261034 ], [ -76.545356229571524, 3.283845286964125 ], [ -76.545357657657107, 3.28385964100699 ], [ -76.545369256396242, 3.283882206674302 ], [ -76.545387651183191, 3.283910955946734 ], [ -76.54539206797061, 3.283928993597856 ], [ -76.54538892072442, 3.283953318307844 ], [ -76.545384737288515, 3.283985659629148 ], [ -76.545366448817276, 3.284036285930636 ], [ -76.545340140073165, 3.284088436008057 ], [ -76.545312648765531, 3.284159614878851 ], [ -76.545306712487303, 3.284214843204688 ], [ -76.545308962294285, 3.284243343341744 ], [ -76.54532738786213, 3.284279727628896 ], [ -76.545343775449226, 3.284304248943269 ], [ -76.545356213280513, 3.284315505834156 ], [ -76.545373842022769, 3.284325749891927 ], [ -76.545403371969101, 3.284329377650366 ], [ -76.545426830981057, 3.284326991772434 ], [ -76.545485338936331, 3.284315800837262 ], [ -76.545510484638669, 3.284307844173591 ], [ -76.545522110729934, 3.284308443348652 ], [ -76.54552440931873, 3.284308561737636 ], [ -76.54553083646077, 3.284312508375554 ], [ -76.545534407488447, 3.284326503396764 ], [ -76.545530839250915, 3.284424829165763 ], [ -76.545526208486763, 3.284448766920178 ], [ -76.545510847265632, 3.284528179972677 ], [ -76.545511834869771, 3.284592476279711 ], [ -76.545512116480822, 3.284593401262798 ], [ -76.545539596503545, 3.284683643624996 ], [ -76.545573667885435, 3.2847607297897 ], [ -76.545630677351255, 3.284869429587718 ], [ -76.545641842726099, 3.284901835606726 ], [ -76.545656739316954, 3.284986154922791 ], [ -76.545673299201667, 3.285064534544075 ], [ -76.545711842014867, 3.285148908389396 ], [ -76.545759183956079, 3.285257708801276 ], [ -76.545788772095108, 3.285320544979387 ], [ -76.5457982260493, 3.285340622356487 ], [ -76.545855670442037, 3.285427152196114 ], [ -76.545878656931237, 3.285451162455806 ], [ -76.545983345246128, 3.285503697852352 ], [ -76.546055868685912, 3.2855232228819 ], [ -76.54606198900116, 3.285524871063247 ], [ -76.546142137151662, 3.285518110961053 ], [ -76.546172450126008, 3.285498231438189 ], [ -76.546231690315025, 3.285446514461033 ], [ -76.546247420014325, 3.285424501432053 ], [ -76.546267237795234, 3.285371370454736 ], [ -76.546282776592079, 3.285272179949257 ], [ -76.546279561762887, 3.285221223277821 ], [ -76.54627277724245, 3.285173854544943 ], [ -76.546260942694161, 3.285113478213469 ], [ -76.546254207988312, 3.285079118118562 ], [ -76.546218365987755, 3.28492926701189 ], [ -76.546197073706921, 3.284806392139886 ], [ -76.546168862510271, 3.284657223491768 ], [ -76.546156622257584, 3.284562374772698 ], [ -76.54615667531499, 3.284561530254047 ], [ -76.546157989155375, 3.28454043446781 ], [ -76.546164128257487, 3.284502846956624 ], [ -76.546170834581474, 3.284482827920022 ], [ -76.546199495536314, 3.284418091375227 ], [ -76.546224057649937, 3.284385952039191 ], [ -76.546263840300114, 3.284333895608794 ], [ -76.546333944489803, 3.284246871362765 ], [ -76.54633476583696, 3.284245852313802 ], [ -76.546352906554972, 3.28422378496598 ], [ -76.54637778970617, 3.284186775628222 ], [ -76.5463837179189, 3.284170084045289 ], [ -76.546390446877695, 3.284155915141869 ], [ -76.54639763446589, 3.28413443581722 ], [ -76.546402478316807, 3.284106364981861 ], [ -76.546425030949422, 3.284052212187561 ], [ -76.546446279925817, 3.284030176400067 ], [ -76.546517025627011, 3.283947164936115 ], [ -76.546608318926673, 3.283856082971726 ], [ -76.546662480331676, 3.283797137075764 ], [ -76.546696251705754, 3.283751836026051 ], [ -76.546722677132379, 3.283692312205551 ], [ -76.546728865943152, 3.283664499026763 ], [ -76.546731617763697, 3.283622896983783 ], [ -76.546745290628166, 3.283558083979027 ], [ -76.54679266366324, 3.283478020811348 ], [ -76.546800701579926, 3.283463463969616 ], [ -76.546817078778261, 3.283433805048618 ], [ -76.54683472186359, 3.283407686011918 ], [ -76.546842457145345, 3.283379575309759 ], [ -76.546853505361796, 3.283265673682424 ], [ -76.546860854516112, 3.283230690212017 ], [ -76.546871343559729, 3.283201131818703 ], [ -76.546880788536967, 3.283153159542878 ], [ -76.546907387248382, 3.283081437230828 ], [ -76.546919326441483, 3.283049243975351 ], [ -76.546934700398538, 3.283014576749465 ], [ -76.546951643693163, 3.282993806037695 ], [ -76.546969793762685, 3.282986628040849 ], [ -76.546989431087908, 3.282985132861712 ], [ -76.547007580453993, 3.282985431644564 ], [ -76.547031086385118, 3.282989617407863 ], [ -76.54704864125398, 3.282996195834014 ], [ -76.547067055382712, 3.283006661365971 ], [ -76.547133243473397, 3.28306336604421 ], [ -76.547144948227952, 3.283079397076636 ], [ -76.547148407495072, 3.283084957773033 ], [ -76.54715764270388, 3.283099804380281 ], [ -76.54719970316485, 3.283150318712965 ], [ -76.547221609225517, 3.283176627431668 ], [ -76.547238217362946, 3.283205303478698 ], [ -76.547306317032579, 3.283255181426263 ], [ -76.547365892348736, 3.283295353086774 ], [ -76.547460913866871, 3.283347789131903 ], [ -76.547487372531322, 3.283355709121573 ], [ -76.547538373756325, 3.283376431800884 ], [ -76.54764362747072, 3.283382767204523 ], [ -76.547733757643655, 3.283367976536025 ], [ -76.547783299898526, 3.28333119702485 ], [ -76.547848404679797, 3.283247814903846 ], [ -76.547854261813185, 3.283231938896784 ], [ -76.547846643641833, 3.283198445960637 ], [ -76.547845145764086, 3.283166206965685 ], [ -76.547851401725381, 3.283094618128075 ], [ -76.547860446028878, 3.283069258842414 ], [ -76.547881868246634, 3.283034808433829 ], [ -76.547908728195139, 3.283011452328847 ], [ -76.547936814753257, 3.283002793861634 ], [ -76.54797212850562, 3.283008011850679 ], [ -76.548024372553712, 3.283011408302074 ], [ -76.548054339783448, 3.283018216015794 ], [ -76.548075229713035, 3.283027867681879 ], [ -76.548113163821654, 3.283054978839692 ], [ -76.548149136567972, 3.283076741745318 ], [ -76.548310335762125, 3.283131061024743 ], [ -76.5484195168344, 3.283153459234443 ], [ -76.548438422791492, 3.283153372781086 ], [ -76.548462686246324, 3.283158132649906 ], [ -76.548477265146403, 3.283165863080283 ], [ -76.548491853110804, 3.283176030313069 ], [ -76.548505505651804, 3.283193507981863 ], [ -76.548516692919236, 3.283201740339135 ], [ -76.548525945999089, 3.28321144206854 ], [ -76.548541069576501, 3.283233300513551 ], [ -76.548553718802268, 3.283242988579684 ], [ -76.548577164591066, 3.283283812248414 ], [ -76.548593827100461, 3.283325151507462 ], [ -76.548601704206746, 3.283351915418026 ], [ -76.548601960755207, 3.283357317969755 ], [ -76.548605937781105, 3.28337922647354 ], [ -76.548603604570559, 3.283427949037549 ], [ -76.548604171888243, 3.283447438923024 ], [ -76.548598459845181, 3.283471829725572 ], [ -76.54859175883422, 3.283519105708082 ], [ -76.548585979208241, 3.283539581352418 ], [ -76.548546509272214, 3.283605547991807 ], [ -76.548487980610389, 3.283678269519712 ], [ -76.548426748710739, 3.283757989585111 ], [ -76.548412247148278, 3.283781892379691 ], [ -76.548408492264642, 3.283822350651525 ], [ -76.54841294607148, 3.283843287133556 ], [ -76.548416801237153, 3.283850525093636 ], [ -76.548418276933205, 3.283860756005744 ], [ -76.548433459199444, 3.283889992673999 ], [ -76.548442716796629, 3.283900182668857 ], [ -76.548449522897769, 3.283911376391005 ], [ -76.548457327587357, 3.28392205921414 ], [ -76.548476310488553, 3.283938542113297 ], [ -76.548487484392041, 3.283951186938154 ], [ -76.548504996298718, 3.28396475385427 ], [ -76.548519570930424, 3.283980314604388 ], [ -76.548536587953564, 3.283990956466818 ], [ -76.54854921020052, 3.284000676180599 ], [ -76.548561351002618, 3.284005490655818 ], [ -76.548580284100822, 3.284010277804637 ], [ -76.548591925506869, 3.284011683482726 ], [ -76.548619562533247, 3.284012600423322 ], [ -76.548639921400849, 3.284011532872498 ], [ -76.548675753821669, 3.284000157051268 ], [ -76.548773616300892, 3.283979800740826 ], [ -76.54887632726053, 3.283938656855053 ], [ -76.548943375410431, 3.283894014794046 ], [ -76.548986544021488, 3.283837334100077 ], [ -76.549014782085081, 3.283809323131698 ], [ -76.549043345521525, 3.283802623101717 ], [ -76.549082858728198, 3.283804057775657 ], [ -76.549146067866317, 3.283814875460435 ], [ -76.549185630793659, 3.283824729079177 ], [ -76.549206119381054, 3.283829831732334 ], [ -76.549266760009516, 3.283839414357526 ], [ -76.549307085475945, 3.283868165603297 ], [ -76.549332917214059, 3.283910866287922 ], [ -76.549347600595709, 3.28395369751386 ], [ -76.549351362198294, 3.283992088573958 ], [ -76.549352951115424, 3.284091541730898 ], [ -76.549346906185974, 3.284209014802059 ], [ -76.549342325198481, 3.284271515544601 ], [ -76.549333947255334, 3.284380635741985 ], [ -76.54933544123341, 3.284400613863716 ], [ -76.549327287273542, 3.284445954920236 ], [ -76.549326483181744, 3.284483976303395 ], [ -76.549327990863702, 3.284511264833423 ], [ -76.549332957642406, 3.284537558645201 ], [ -76.549337834164604, 3.284553635067195 ], [ -76.549337902084346, 3.284569232412086 ], [ -76.549342792185044, 3.284588229380347 ], [ -76.549345289167007, 3.284604785097267 ], [ -76.549345048705504, 3.284690055122187 ], [ -76.549352846777992, 3.284783250164012 ], [ -76.549355544573373, 3.28486932483251 ], [ -76.549361322812132, 3.284926305156388 ], [ -76.549368912360379, 3.284963336192475 ], [ -76.549384756285619, 3.285005715285614 ], [ -76.549398230401607, 3.285074175927151 ], [ -76.549415275241046, 3.285112648865111 ], [ -76.549427997878851, 3.285171366838432 ], [ -76.549454337119442, 3.28524760767753 ], [ -76.549460734997211, 3.28529683180559 ], [ -76.549497402466088, 3.28538414418491 ], [ -76.54954129512744, 3.285507886319619 ], [ -76.549575875076158, 3.285582648546543 ], [ -76.549621335667084, 3.285638386196932 ], [ -76.549684001773628, 3.285688237014436 ], [ -76.549748574660342, 3.285721899079346 ], [ -76.549798990546293, 3.285748180640095 ], [ -76.549905146286363, 3.285796281391511 ], [ -76.550018933927944, 3.285821021137441 ], [ -76.550098273960216, 3.285836860151833 ], [ -76.550178177634265, 3.285868384195784 ], [ -76.550273297433108, 3.285915017743325 ], [ -76.550393702762321, 3.285966222996366 ], [ -76.550430588470888, 3.28597687776326 ], [ -76.550543491020036, 3.286035904511638 ], [ -76.550585990946857, 3.28606117991259 ], [ -76.550666061843401, 3.286117905606089 ], [ -76.550697101739715, 3.286130726996856 ], [ -76.550708880065557, 3.286137010771414 ], [ -76.550748487865704, 3.286169605707562 ], [ -76.550852872421189, 3.286221823204731 ], [ -76.55089819347333, 3.286241343306719 ], [ -76.55092161628194, 3.286260481632967 ], [ -76.551009594554074, 3.28629971269859 ], [ -76.551038348377901, 3.286309664239672 ], [ -76.551123789268956, 3.286365523504302 ], [ -76.551160032592577, 3.28637415829408 ], [ -76.551182502149445, 3.286375688370147 ], [ -76.551195451591141, 3.286374539626002 ], [ -76.551302731945242, 3.286332012817625 ], [ -76.551369184012941, 3.28632749421452 ], [ -76.551417265729754, 3.28633536818309 ], [ -76.551441061657812, 3.286346538726638 ], [ -76.551456814603242, 3.286352334097863 ], [ -76.551479558005482, 3.286365353751479 ], [ -76.551495310981366, 3.286372121130642 ], [ -76.551533416235117, 3.286399019660636 ], [ -76.551574733738491, 3.286442699925304 ], [ -76.55159788276795, 3.286481086726241 ], [ -76.551618216612724, 3.286542110116152 ], [ -76.551642341353059, 3.286596414315725 ], [ -76.55166005156741, 3.286619571953194 ], [ -76.551712835794419, 3.286658169361572 ], [ -76.551810524973462, 3.28669996704115 ], [ -76.551952482855427, 3.28679591090732 ], [ -76.551968487787377, 3.286804138543655 ], [ -76.552083171302556, 3.286846790096217 ], [ -76.552132635035434, 3.28685885130521 ], [ -76.552152272579065, 3.286862140109876 ], [ -76.552166256634393, 3.286861541068031 ], [ -76.552177860988834, 3.286856457302858 ], [ -76.552185298967075, 3.286847485642015 ], [ -76.55219154665906, 3.286836720099819 ], [ -76.552191248387047, 3.286821169780892 ], [ -76.55217875002856, 3.286748203547656 ], [ -76.552182550055903, 3.286688806011324 ], [ -76.552193947077086, 3.286642040716639 ], [ -76.552213580416549, 3.28659768934532 ], [ -76.552227497144742, 3.286573307289347 ], [ -76.552241922340215, 3.286554282565807 ], [ -76.552249577728574, 3.286535768937646 ], [ -76.552280230845511, 3.286492700248414 ], [ -76.552280816487922, 3.286491878316478 ], [ -76.55234763025183, 3.286403111354408 ], [ -76.552363517456698, 3.286387007126778 ], [ -76.552407251844855, 3.286329951017795 ], [ -76.55244368979217, 3.286262709406134 ], [ -76.552449549586925, 3.286247396683508 ], [ -76.552451331633776, 3.286242740024419 ], [ -76.552486697454654, 3.286126907060146 ], [ -76.552492557911961, 3.286104179946217 ], [ -76.552493697188666, 3.286001269064801 ], [ -76.552489438913867, 3.285908128181365 ], [ -76.552487009224947, 3.285887639226435 ], [ -76.552487920936954, 3.285757819538456 ], [ -76.552491727926707, 3.285720019579163 ], [ -76.552501248065028, 3.285666909614425 ], [ -76.552508387926437, 3.285647770299251 ], [ -76.552518385146314, 3.285631501703887 ], [ -76.552534094323548, 3.28561906127359 ], [ -76.552556944991423, 3.285610448055705 ], [ -76.552582653185496, 3.285609968870361 ], [ -76.552609312409402, 3.285612838786892 ], [ -76.552711516390161, 3.285640764076601 ], [ -76.552875860358199, 3.285690760426943 ], [ -76.552903572271205, 3.285696838379787 ], [ -76.552992508954489, 3.285716345140524 ], [ -76.553020951298279, 3.285719911213986 ], [ -76.553080264879299, 3.285722576556678 ], [ -76.553098626506753, 3.285719610171193 ], [ -76.553120555056267, 3.285711575655521 ], [ -76.5531457131504, 3.285698142990173 ], [ -76.553167434182484, 3.285671662922405 ], [ -76.553175260582933, 3.285656336564847 ], [ -76.553175615689668, 3.285648560484022 ], [ -76.553178206176071, 3.285633568858076 ], [ -76.553175569763184, 3.285619468042803 ], [ -76.553168570207504, 3.285609296100425 ], [ -76.553158633371055, 3.285600810580706 ], [ -76.55310030922243, 3.285564735239731 ], [ -76.55298926675853, 3.285524906579438 ], [ -76.55292066448105, 3.285469746755109 ], [ -76.552908111903676, 3.285446304144332 ], [ -76.552896336665299, 3.285424311834134 ], [ -76.552893303566179, 3.285383862817663 ], [ -76.552896428672071, 3.285347995142601 ], [ -76.552903211853121, 3.285316056970163 ], [ -76.552916064245593, 3.285290937118023 ], [ -76.552955460048935, 3.285248525458071 ], [ -76.553006145128904, 3.285223436864114 ], [ -76.553109851488713, 3.285223704572721 ], [ -76.553209905128199, 3.285218750675114 ], [ -76.553223916927209, 3.285214405540885 ], [ -76.553239984066678, 3.28519949030754 ], [ -76.553248520980532, 3.285178019926515 ], [ -76.553251684396088, 3.285158688149316 ], [ -76.553250612442696, 3.285143975141029 ], [ -76.553246326953072, 3.285128904182539 ], [ -76.553238114393764, 3.285109884743884 ], [ -76.553215095738565, 3.285070162483878 ], [ -76.55318539298365, 3.285037985047969 ], [ -76.553157885263488, 3.285002858054858 ], [ -76.553094507947378, 3.284941809047997 ], [ -76.553051728623885, 3.284901317087631 ], [ -76.55303040056863, 3.284866518101765 ], [ -76.553026980588783, 3.284825113365864 ], [ -76.553049962547234, 3.284731923630793 ], [ -76.553069955664697, 3.284687425750015 ], [ -76.55311851101213, 3.284599145815061 ], [ -76.553167068833986, 3.284559670654302 ], [ -76.553319788807016, 3.284485158001102 ], [ -76.553380068309167, 3.284453450355819 ], [ -76.553520139850804, 3.284368912404155 ], [ -76.553676457764638, 3.284249698024397 ], [ -76.55384751177381, 3.284130342952305 ], [ -76.553946477403812, 3.284091380469489 ], [ -76.553994558294335, 3.284077024697419 ], [ -76.554021694084824, 3.284073674606799 ], [ -76.554058826808657, 3.284073673297421 ], [ -76.554097388531147, 3.284084676881611 ], [ -76.554192125618627, 3.284120079960239 ], [ -76.554228782529691, 3.284122949477102 ], [ -76.554246396557261, 3.284121034673579 ], [ -76.554271151654575, 3.284110508072304 ], [ -76.55429153793952, 3.284095506769367 ], [ -76.554372197055358, 3.284012602871073 ], [ -76.554406445157667, 3.283974973616413 ], [ -76.554454669619503, 3.283949961889323 ], [ -76.554491451012282, 3.283936149011813 ], [ -76.554543661238455, 3.283921634830397 ], [ -76.554579570616312, 3.283926733198747 ], [ -76.554602295822519, 3.283934187463974 ], [ -76.554616708342778, 3.283941782176939 ], [ -76.554635020808263, 3.283949299893236 ], [ -76.554643513969111, 3.283965267654896 ], [ -76.554648773107303, 3.283986832493622 ], [ -76.554651225232234, 3.284004545566557 ], [ -76.554652602510629, 3.284028909025145 ], [ -76.554647349262382, 3.284048399115998 ], [ -76.554594583061174, 3.284222609359404 ], [ -76.554582397870334, 3.284262840100931 ], [ -76.554503245756393, 3.284482024086866 ], [ -76.554487325478632, 3.28458252582191 ], [ -76.554491028479376, 3.284611319748354 ], [ -76.55449445189852, 3.284619597522318 ], [ -76.554499031600898, 3.284635059076476 ], [ -76.554512481925002, 3.284654851402833 ], [ -76.554524816505733, 3.2846691055805 ], [ -76.554544883699535, 3.284688829855122 ], [ -76.554571328016138, 3.284695426812028 ], [ -76.5545965594401, 3.284696861767981 ], [ -76.554614173485149, 3.284695186569051 ], [ -76.554635120494922, 3.284687290395286 ], [ -76.554671299911064, 3.2846693471741 ], [ -76.554750166063286, 3.284613173091919 ], [ -76.554820983482387, 3.284541653312637 ], [ -76.554915185032414, 3.284409794006468 ], [ -76.555017105349407, 3.284273894471948 ], [ -76.555068324016247, 3.284202200875823 ], [ -76.555081637761106, 3.284174287922247 ], [ -76.55508860016127, 3.284150132125659 ], [ -76.555107405586796, 3.284103805060645 ], [ -76.55512862117159, 3.284031898258504 ], [ -76.55514667763569, 3.283920035236945 ], [ -76.555159898296409, 3.283801635068466 ], [ -76.555179866311278, 3.28368453217223 ], [ -76.555218934641161, 3.283463893841539 ], [ -76.555229121134786, 3.283381364064072 ], [ -76.555223232230205, 3.28325516953559 ], [ -76.555209926012921, 3.283109454632953 ], [ -76.555191317469323, 3.282994328807459 ], [ -76.555193763890713, 3.282976841605753 ], [ -76.555191824557255, 3.282959214413947 ], [ -76.555196655084004, 3.282943377279368 ], [ -76.555198372976307, 3.282931125387639 ], [ -76.555206671564264, 3.282913705786934 ], [ -76.555210900565797, 3.282907591472598 ], [ -76.55521511427412, 3.282901498859459 ], [ -76.555238032048223, 3.28288469809768 ], [ -76.555265695511864, 3.282870343006732 ], [ -76.55528394903294, 3.282864740857344 ], [ -76.55531649783974, 3.282858898572994 ], [ -76.555333703440297, 3.282857971144125 ], [ -76.555346334493095, 3.282860696826424 ], [ -76.555360332887844, 3.282860176401884 ], [ -76.555400997147416, 3.282874316505136 ], [ -76.55549539284813, 3.282899521966006 ], [ -76.555632796893846, 3.282953492762707 ], [ -76.555706109496484, 3.282978016314706 ], [ -76.555739572655085, 3.283006904074561 ], [ -76.555785695392316, 3.283030865314588 ], [ -76.555825930773111, 3.283051766978481 ], [ -76.555950348491919, 3.283104440693061 ], [ -76.55596830556054, 3.28311101351413 ], [ -76.555976154908834, 3.283110425495255 ], [ -76.555991993233278, 3.283114457609692 ], [ -76.556005937632207, 3.283113353972501 ], [ -76.556025288714139, 3.283107706558182 ], [ -76.556041523236189, 3.283096312202707 ], [ -76.556102876339935, 3.283053253092605 ], [ -76.556162358794978, 3.28300201018855 ], [ -76.556206354061771, 3.282954651375685 ], [ -76.556217846319512, 3.282936146613401 ], [ -76.556222074113819, 3.282921530158176 ], [ -76.556252857265036, 3.282849315545526 ], [ -76.556286298948081, 3.282779845060717 ], [ -76.556310398866842, 3.282738784702836 ], [ -76.556325507985903, 3.28272898719153 ], [ -76.556348731483638, 3.282708483716884 ], [ -76.556359360591955, 3.282704337586562 ], [ -76.556381577048128, 3.28269948122671 ], [ -76.55638954766971, 3.282693987947248 ], [ -76.55639965956739, 3.282692174656581 ], [ -76.556406532710895, 3.282689032322871 ], [ -76.556415151155178, 3.282685826629621 ], [ -76.556474779143443, 3.282680177684282 ], [ -76.556492753124928, 3.282681820828958 ], [ -76.556583001783153, 3.282690069988051 ], [ -76.556660020601896, 3.282706017045424 ], [ -76.556741640197316, 3.282722274963982 ], [ -76.556748109560701, 3.282723564098109 ], [ -76.556777060316804, 3.282732315592405 ], [ -76.556799232496701, 3.282747084755814 ], [ -76.556823258080499, 3.282765823259696 ], [ -76.556888649763891, 3.282801509298133 ], [ -76.556958553395532, 3.282843949488484 ], [ -76.557050337192749, 3.282910969347639 ], [ -76.557113394673422, 3.282931482180343 ], [ -76.557123391536209, 3.282932916751341 ], [ -76.557186814513969, 3.282935316750354 ], [ -76.557272994700568, 3.282934704899336 ], [ -76.557349031978291, 3.282924353455507 ], [ -76.557421547503907, 3.282923383155346 ], [ -76.557497337844566, 3.2829257356353 ], [ -76.557513171461849, 3.282923994445683 ], [ -76.557530044025143, 3.282918464642377 ], [ -76.557558229631965, 3.282914525779481 ], [ -76.557662527184476, 3.282851549116538 ], [ -76.557747568100353, 3.282793681892807 ], [ -76.557829685497026, 3.282744535727609 ], [ -76.557848424669459, 3.282735208230459 ], [ -76.557878026903722, 3.282723172244924 ], [ -76.557914979374615, 3.282715769963699 ], [ -76.557932859753677, 3.282716262045799 ], [ -76.557957509748988, 3.28271189381805 ], [ -76.557976073982644, 3.282715817288731 ], [ -76.558000355382873, 3.282718375200639 ], [ -76.558117602455511, 3.282755487734746 ], [ -76.558186129122177, 3.282782877579608 ], [ -76.558203546338788, 3.282787411422265 ], [ -76.558258577444676, 3.282789402986658 ], [ -76.558290079221976, 3.282788149426619 ], [ -76.558367186424917, 3.282785081141611 ], [ -76.558406028105225, 3.282776747446194 ], [ -76.558428950856964, 3.282774169579226 ], [ -76.5584539785484, 3.282765759576223 ], [ -76.558474822731611, 3.282752629846811 ], [ -76.55849237891573, 3.282744500441275 ], [ -76.558500785808789, 3.282737863321214 ], [ -76.558515723672713, 3.282720063664757 ], [ -76.558525196540771, 3.282710804339187 ], [ -76.55853277998105, 3.282696725734929 ], [ -76.558539697579405, 3.282679798946061 ], [ -76.558546444376248, 3.282666326185158 ], [ -76.558547860288229, 3.282639263601291 ], [ -76.558552452274739, 3.282621278998364 ], [ -76.558556458486251, 3.28257660261119 ], [ -76.558546302966391, 3.282542827753879 ], [ -76.558539714070491, 3.282520913971037 ], [ -76.558535052853784, 3.28249235518915 ], [ -76.558503464142831, 3.282430600000043 ], [ -76.558462315600281, 3.28233818397212 ], [ -76.558453682112599, 3.282300027328805 ], [ -76.558433539929013, 3.282200892299402 ], [ -76.558390066658021, 3.28201081888523 ], [ -76.558389053090579, 3.281995592298206 ], [ -76.558387285198876, 3.281969040711049 ], [ -76.55838755856449, 3.281941792813164 ], [ -76.558382492368551, 3.281909287239737 ], [ -76.558395708250217, 3.281794182813586 ], [ -76.55840152320846, 3.281666237318683 ], [ -76.558399736001462, 3.281604515297265 ], [ -76.558386165745105, 3.281554276105297 ], [ -76.558343890264496, 3.281468860387295 ], [ -76.558310898801039, 3.281424180951802 ], [ -76.55829318330855, 3.281381838249746 ], [ -76.558289969194519, 3.281365801592219 ], [ -76.558289764038236, 3.281364776244346 ], [ -76.558288143798322, 3.281341077383293 ], [ -76.558294934962859, 3.281311369818665 ], [ -76.558297986366711, 3.281306745649133 ], [ -76.558301497460178, 3.281301423423531 ], [ -76.558309499046103, 3.281282561618033 ], [ -76.558324895594737, 3.281261737417321 ], [ -76.558388183798883, 3.281223591472888 ], [ -76.558431361531959, 3.281211297233827 ], [ -76.558518554014185, 3.281196107813258 ], [ -76.55854454450045, 3.281193538862785 ], [ -76.558649699275776, 3.281204642673683 ], [ -76.558790898093903, 3.281215374302713 ], [ -76.558835511516733, 3.281223324891718 ], [ -76.558875640036462, 3.281225995166511 ], [ -76.558888909854033, 3.281229552634404 ], [ -76.558916438917578, 3.281232069703036 ], [ -76.558922287518342, 3.281233239493816 ], [ -76.558926222571401, 3.281234026887811 ], [ -76.5590582542563, 3.281249618890359 ], [ -76.55916936969362, 3.281274764535225 ], [ -76.559221283960937, 3.281289591204759 ], [ -76.559270283675829, 3.281311647021532 ], [ -76.55927861022441, 3.281321642546978 ], [ -76.559291506936503, 3.281331493214886 ], [ -76.559328807836366, 3.281379346161384 ], [ -76.559338493082365, 3.28139558056961 ], [ -76.559364097706407, 3.281418414943641 ], [ -76.559372816040437, 3.281439825901836 ], [ -76.55937827272227, 3.281449346841857 ], [ -76.559383347267215, 3.281464306524544 ], [ -76.559403110032065, 3.28154405743778 ], [ -76.559400102681465, 3.28157111827964 ], [ -76.559390936897543, 3.281587847148237 ], [ -76.559378421105038, 3.281681010387377 ], [ -76.559355092305054, 3.281768139477302 ], [ -76.559321310790224, 3.28188397715379 ], [ -76.559314880031749, 3.281903918511368 ], [ -76.559283672543955, 3.282000685725228 ], [ -76.559269935065331, 3.282048131154383 ], [ -76.559267633329455, 3.282059653392706 ], [ -76.559264623458546, 3.28206810592117 ], [ -76.55924195145063, 3.282157135597384 ], [ -76.559207197951238, 3.282287347281851 ], [ -76.559178809991224, 3.282409532175775 ], [ -76.55916126242407, 3.282524681998655 ], [ -76.559158789774472, 3.282560174427311 ], [ -76.559153255534866, 3.282639621660437 ], [ -76.559152522731267, 3.282650139275143 ], [ -76.559151328806053, 3.282717818246571 ], [ -76.55915136575301, 3.282719425902048 ], [ -76.559152968872255, 3.282788697949661 ], [ -76.559158189629699, 3.282862706018522 ], [ -76.559166982082118, 3.28293982436958 ], [ -76.559179355227513, 3.28302007108625 ], [ -76.559218984226376, 3.283249137988232 ], [ -76.55924430428442, 3.283357079639848 ], [ -76.559297633459593, 3.283549969177248 ], [ -76.559332760042793, 3.283668670335271 ], [ -76.559370810549368, 3.283789423892919 ], [ -76.559411793976352, 3.283912211765593 ], [ -76.559455710325423, 3.284037042994851 ], [ -76.559481460714068, 3.284105109665938 ], [ -76.559513329069816, 3.284183429645609 ], [ -76.559595437687406, 3.284370874737082 ], [ -76.559702027205759, 3.284599378263286 ], [ -76.559811185096265, 3.284823867049874 ], [ -76.559833107551484, 3.284868951065897 ], [ -76.559843598881656, 3.284884209810274 ], [ -76.559892168708132, 3.284928003341351 ], [ -76.559956328100583, 3.284985854631934 ], [ -76.560057850178254, 3.285125331384578 ], [ -76.560120944651004, 3.285212013839076 ], [ -76.560191085708297, 3.285335930705303 ], [ -76.560245849769544, 3.285406410342223 ], [ -76.560300918671985, 3.285450460371824 ], [ -76.560363868306467, 3.28549077574655 ], [ -76.560572323479803, 3.285596942872466 ], [ -76.560655196712858, 3.285639150770338 ], [ -76.560778675817616, 3.285715269642968 ], [ -76.560864845761813, 3.285767419900405 ], [ -76.561280503318216, 3.285872415258912 ], [ -76.561436648242861, 3.285940702324163 ], [ -76.561561405026467, 3.286018982063716 ], [ -76.561664454567349, 3.286125202322316 ], [ -76.561722143952039, 3.286228232732411 ], [ -76.561848639167081, 3.286356640875709 ], [ -76.561940099498642, 3.286417751368295 ], [ -76.561956547133136, 3.286469687556226 ], [ -76.561968748783826, 3.286529752633361 ], [ -76.561984673971779, 3.286565775028716 ], [ -76.562019204394034, 3.286616082877194 ], [ -76.562061237325608, 3.286653614134906 ], [ -76.562096676112176, 3.286697068150136 ], [ -76.562122956391306, 3.286737366927852 ], [ -76.562163244639649, 3.286789817458866 ], [ -76.562250594042496, 3.286860268425968 ], [ -76.562295225967119, 3.286873766081963 ], [ -76.562342691104092, 3.286871177999443 ], [ -76.562394951672928, 3.286876438107421 ], [ -76.562450048167591, 3.286930732529488 ], [ -76.562553690672189, 3.287013262781917 ], [ -76.562613015125763, 3.287058307102624 ], [ -76.562797470621874, 3.287090343551208 ], [ -76.562862496279436, 3.287074625764073 ], [ -76.562914755607878, 3.287050155943886 ], [ -76.562984503376114, 3.287010304999153 ], [ -76.563038678601714, 3.286977805843576 ], [ -76.563094616593787, 3.286932711183141 ], [ -76.563158174270512, 3.286880554422229 ], [ -76.563212537442439, 3.286825296684637 ], [ -76.563296660165733, 3.286754051454475 ], [ -76.56331889803559, 3.286722575459171 ], [ -76.563343186608336, 3.286679715568142 ], [ -76.563457195340234, 3.286604888368253 ], [ -76.563492460548233, 3.286585057799277 ], [ -76.563544673887677, 3.286538010221638 ], [ -76.563568171202036, 3.286505485298403 ], [ -76.5635810528006, 3.286474986250278 ], [ -76.563596280715217, 3.286403536148143 ], [ -76.563609927252458, 3.286378715403442 ], [ -76.563661134052566, 3.286356795417046 ], [ -76.563737658368154, 3.286370580899011 ], [ -76.563872472759499, 3.286433859298553 ], [ -76.563930617974577, 3.286462013246298 ], [ -76.563981899525032, 3.286504444728094 ], [ -76.564024014733803, 3.286570647887752 ], [ -76.564052657282772, 3.286729377837583 ], [ -76.564120858330512, 3.286913920711915 ], [ -76.564190999238704, 3.287020250708865 ], [ -76.564277224056468, 3.287086298116288 ], [ -76.564379786950141, 3.287164162577915 ], [ -76.564426635274856, 3.287251650228658 ], [ -76.564427017363869, 3.287348679272055 ], [ -76.5644270029712, 3.287348717248869 ], [ -76.564399419356775, 3.287419686903692 ], [ -76.564378360074144, 3.287451931434837 ], [ -76.56434020736414, 3.287480279677603 ], [ -76.564312391398275, 3.287504594737198 ], [ -76.564292879937398, 3.28754686670688 ], [ -76.564292986246372, 3.287550330669302 ], [ -76.564295898040569, 3.287645414674875 ], [ -76.564324420342942, 3.287726854116615 ], [ -76.564358555229788, 3.287780615919438 ], [ -76.564406670604697, 3.287834268572225 ], [ -76.564466400194092, 3.287883047079756 ], [ -76.564547064059923, 3.287920883866176 ], [ -76.564591498377453, 3.287939779461725 ], [ -76.564634853754754, 3.287973087958073 ], [ -76.564685299025555, 3.288021957302179 ], [ -76.564769679610407, 3.288086214446423 ], [ -76.564839998008381, 3.28813378081735 ], [ -76.564854214310657, 3.288176874041571 ], [ -76.56485373759773, 3.288179124602744 ], [ -76.564845057823192, 3.288220076859314 ], [ -76.564810180045086, 3.288253804922669 ], [ -76.564789354938867, 3.288292234139162 ], [ -76.564789543112298, 3.288295581456685 ], [ -76.564794459936977, 3.288383168694649 ], [ -76.564836855040113, 3.288469101318893 ], [ -76.564912361867911, 3.288662405435792 ], [ -76.56496884702986, 3.288783989766338 ], [ -76.565048569220124, 3.288886386007743 ], [ -76.565074166891648, 3.288948032756748 ], [ -76.565105118968162, 3.289043604613769 ], [ -76.565210490430559, 3.289153061393219 ], [ -76.565390870347343, 3.289371985393122 ], [ -76.565494344601106, 3.289503332768053 ], [ -76.56563947390238, 3.289665059074195 ], [ -76.565714707109976, 3.289770050509657 ], [ -76.565714230433414, 3.2897730822949 ], [ -76.565705389431457, 3.289829302787348 ], [ -76.565668028996711, 3.289871837850084 ], [ -76.565600350228138, 3.28990950074426 ], [ -76.565530404235602, 3.289944758584889 ], [ -76.565474492207471, 3.289968206982592 ], [ -76.565409332328159, 3.290003419378177 ], [ -76.565351234886265, 3.290043342287025 ], [ -76.565311814647842, 3.290095109253928 ], [ -76.565291026210829, 3.290149271455769 ], [ -76.565279530920307, 3.290198722368612 ], [ -76.565279872885284, 3.290200942148842 ], [ -76.565293704467976, 3.290290678233499 ], [ -76.565326391823945, 3.29036149316909 ], [ -76.565363693956996, 3.290422895225979 ], [ -76.565382446298059, 3.2905053387523 ], [ -76.565382453660291, 3.290509033288747 ], [ -76.565382676145077, 3.290615804125751 ], [ -76.565370556639905, 3.290789274321935 ], [ -76.565369946605372, 3.290827919603449 ], [ -76.565369997902835, 3.290828312021235 ], [ -76.565378604172992, 3.290894024820143 ], [ -76.565417191161828, 3.290918201146182 ], [ -76.565458188729238, 3.29093164457356 ], [ -76.565494597555499, 3.290933107645487 ], [ -76.565546362898189, 3.290923918582897 ], [ -76.565646322728625, 3.290922250124445 ], [ -76.565681750131063, 3.290905764984358 ], [ -76.565735061409768, 3.290864250901536 ], [ -76.565808237998297, 3.290846796472279 ], [ -76.565921010978499, 3.290893103909273 ], [ -76.565998311482829, 3.290953554625722 ], [ -76.566011845233973, 3.291020708468346 ], [ -76.566011812107249, 3.291024245676967 ], [ -76.566011424459575, 3.291066180406121 ], [ -76.565987200064484, 3.291135361450474 ], [ -76.565938973913688, 3.291223703513098 ], [ -76.565922170068291, 3.291258796086275 ], [ -76.565891871491743, 3.291293826009971 ], [ -76.565804391871893, 3.291342557198758 ], [ -76.565786722982509, 3.29134716038816 ], [ -76.56576966566648, 3.291347604255587 ], [ -76.565737421874488, 3.2913389707374 ], [ -76.565682839881774, 3.291331920619541 ], [ -76.565580676700435, 3.291352052828348 ], [ -76.565463678852481, 3.291384292885889 ], [ -76.565433073753937, 3.291405425347239 ], [ -76.565410610902447, 3.291436141879704 ], [ -76.565350788340439, 3.291527287461647 ], [ -76.565334075339749, 3.291582661092157 ], [ -76.565334062909599, 3.291586355629538 ], [ -76.565333755653199, 3.291676453153674 ], [ -76.565390122300442, 3.291758081130704 ], [ -76.565493800416405, 3.29181561009571 ], [ -76.565590345300109, 3.291894794834682 ], [ -76.565715389891338, 3.291947530533557 ], [ -76.565842792337449, 3.292017120280184 ], [ -76.565955882798548, 3.29211798676551 ], [ -76.566047642925639, 3.292226087811735 ], [ -76.566136992907801, 3.292353891352643 ], [ -76.566199815061822, 3.292543515906325 ], [ -76.566245860075554, 3.292761749962297 ], [ -76.566273386917715, 3.292905515487715 ], [ -76.566329583664697, 3.293006556462929 ], [ -76.566376342527022, 3.293095201390174 ], [ -76.5664178510483, 3.293262710371777 ], [ -76.566483395396148, 3.2933680910177 ], [ -76.566551609637131, 3.293428080989604 ], [ -76.566615136487357, 3.293483278955644 ], [ -76.566688002597971, 3.293557627293248 ], [ -76.566734600237311, 3.293660513266618 ], [ -76.566738912203917, 3.29371782087436 ], [ -76.566783411906485, 3.293782468581954 ], [ -76.566856528410639, 3.293823406925128 ], [ -76.566925082697523, 3.293842861835377 ], [ -76.567005584020919, 3.29385522727516 ], [ -76.567089361849071, 3.29390580378715 ], [ -76.567122460621448, 3.293919120942566 ], [ -76.567169926155955, 3.293918187293792 ], [ -76.567212632703331, 3.293920816400961 ], [ -76.567254062246761, 3.293934178352115 ], [ -76.567267999455595, 3.293968880633363 ], [ -76.567293650901888, 3.294020346095159 ], [ -76.567327740466823, 3.294058736495029 ], [ -76.567327371763056, 3.294062017833316 ], [ -76.567323855588029, 3.294093313065985 ], [ -76.567312863407736, 3.294126642199165 ], [ -76.56731324407852, 3.294129180253055 ], [ -76.567321808723747, 3.294186327606393 ], [ -76.567323682557742, 3.294241184965744 ], [ -76.567323563814966, 3.29424142458301 ], [ -76.567299502206509, 3.294289877004754 ], [ -76.567264795208189, 3.294322999339864 ], [ -76.567230186724984, 3.294346582421876 ], [ -76.567146088588345, 3.294373667163033 ], [ -76.567124668383073, 3.294384229200024 ], [ -76.566983725139821, 3.294494710528087 ], [ -76.566846242073936, 3.294530505239891 ], [ -76.566789447500739, 3.294539577073001 ], [ -76.566723349761304, 3.294531939849454 ], [ -76.566657502505635, 3.294493442466994 ], [ -76.566591825206956, 3.294433569924921 ], [ -76.566525969184923, 3.294399837636288 ], [ -76.566464568400875, 3.294408891589068 ], [ -76.566424131453289, 3.294460830448165 ], [ -76.566400104906364, 3.294529468977077 ], [ -76.566392542307199, 3.294605313137175 ], [ -76.566392799657891, 3.294606414433078 ], [ -76.566410871794233, 3.294683705874368 ], [ -76.566464611148618, 3.294752883162746 ], [ -76.566537350182287, 3.294800901387989 ], [ -76.5665913953287, 3.294867800085436 ], [ -76.566591321722839, 3.294871404206397 ], [ -76.566590524618462, 3.294910288204991 ], [ -76.566590593903527, 3.294910546801125 ], [ -76.566602087123727, 3.294953390573651 ], [ -76.566684728335559, 3.29513145853432 ], [ -76.566727077049237, 3.295176982645375 ], [ -76.566798583882488, 3.295231049968565 ], [ -76.566829038346555, 3.295257975383097 ], [ -76.56686310900524, 3.295276066644661 ], [ -76.566950909834958, 3.295357828624682 ], [ -76.567107506761729, 3.295626303293018 ], [ -76.567211963989322, 3.295789233930018 ], [ -76.567211810309743, 3.295792690671336 ], [ -76.567206814370991, 3.295904989102412 ], [ -76.567149188475867, 3.296030792446808 ], [ -76.567048695011806, 3.296176056143052 ], [ -76.566891218841761, 3.29635035628116 ], [ -76.566781609632486, 3.296448168291349 ], [ -76.566567799314157, 3.296670954000299 ], [ -76.566425696250761, 3.296805721953258 ], [ -76.566302754663738, 3.296916274645945 ], [ -76.566231884329525, 3.297012095498687 ], [ -76.566151884945739, 3.297161698245282 ], [ -76.566105189215378, 3.297278115467381 ], [ -76.566072376139772, 3.297416639565795 ], [ -76.566072373608634, 3.297420331390129 ], [ -76.566072317696026, 3.297516336002043 ], [ -76.566081633861614, 3.297620715713942 ], [ -76.566112064694835, 3.297720266016881 ], [ -76.566145392335983, 3.297817944498134 ], [ -76.566171414983899, 3.297919882083036 ], [ -76.566207129174671, 3.298071341908217 ], [ -76.566229731995932, 3.298148025516745 ], [ -76.566258021939575, 3.298253209046772 ], [ -76.566279472734692, 3.29831946735243 ], [ -76.566298396833503, 3.298414849868941 ], [ -76.566348846880445, 3.29855470816945 ], [ -76.566392287796077, 3.298676392505697 ], [ -76.566423202461436, 3.298731293674246 ], [ -76.566472661109231, 3.298831647779015 ], [ -76.566498879177345, 3.298877706154611 ], [ -76.566559502523077, 3.2989771826464 ], [ -76.5665858098115, 3.299006866061438 ], [ -76.566663875319307, 3.299059142772672 ], [ -76.566731981183793, 3.299101338198461 ], [ -76.566761275084374, 3.299125551089534 ], [ -76.566786863338351, 3.299169954812754 ], [ -76.566791210663922, 3.299213012320669 ], [ -76.566797914641441, 3.29924641292159 ], [ -76.566823159697904, 3.299261981913014 ], [ -76.566860127862739, 3.299290398929306 ], [ -76.567114124820705, 3.299423067941051 ], [ -76.567225820141317, 3.299488589399078 ], [ -76.567286055059455, 3.299551970438004 ], [ -76.567355942424967, 3.299596778852106 ], [ -76.567486960884025, 3.299630155229184 ], [ -76.567749438419341, 3.299691808252889 ], [ -76.567861041598093, 3.299709778076869 ], [ -76.567908327165327, 3.299702298035413 ], [ -76.568108282113215, 3.299647566220508 ], [ -76.568303890051638, 3.299558267244416 ], [ -76.568491086240954, 3.299470379195378 ], [ -76.568531336595157, 3.299465223256666 ], [ -76.568707633111785, 3.29946445481011 ], [ -76.568884918353007, 3.299445123177112 ], [ -76.569064398606344, 3.299422879894109 ], [ -76.569140006597394, 3.299441818893506 ], [ -76.569258826621237, 3.299492836475609 ], [ -76.569438312830357, 3.299592505602352 ], [ -76.569554912952825, 3.29968876913082 ], [ -76.569656063276497, 3.299729479762927 ], [ -76.569788664385328, 3.299745802641187 ], [ -76.569964170009001, 3.299760342007208 ], [ -76.570133927007831, 3.299778362787956 ], [ -76.570303647432667, 3.299784439137163 ], [ -76.570438145162726, 3.299767243352744 ], [ -76.570566202133449, 3.299765708529068 ], [ -76.570626920668204, 3.299780606446827 ], [ -76.570780054844676, 3.299854552389058 ], [ -76.570818741193904, 3.299877128066925 ], [ -76.570888089851096, 3.29993991162683 ], [ -76.57098992663056, 3.300032938746896 ], [ -76.571103235741347, 3.300159474676072 ], [ -76.571311209664017, 3.300485427337645 ], [ -76.571323387582808, 3.300577319021481 ], [ -76.57135186380323, 3.300689188904666 ], [ -76.571358068515252, 3.300702537189159 ], [ -76.571382012802943, 3.300754050554153 ], [ -76.571400461394006, 3.300776178811122 ], [ -76.571439143728483, 3.300807277396836 ], [ -76.571454448210361, 3.300815457724162 ], [ -76.571495083225955, 3.300837178806664 ], [ -76.571595655873935, 3.300889804732039 ], [ -76.571639695007988, 3.300943032266268 ], [ -76.571661714103143, 3.30096037623547 ], [ -76.57167183203164, 3.300985495105145 ], [ -76.571691362775397, 3.301022370702802 ], [ -76.571691471644371, 3.30102257504479 ], [ -76.571692257086497, 3.301023384256146 ], [ -76.571728051836743, 3.30106028339028 ], [ -76.571777169476732, 3.301129628807175 ], [ -76.571827836828504, 3.30122617681518 ], [ -76.571853546391552, 3.301262300690614 ], [ -76.571880208444725, 3.301311103122526 ], [ -76.571900921578219, 3.301387417787068 ], [ -76.571924012908482, 3.301436460022241 ], [ -76.571945544247001, 3.301520755962231 ], [ -76.57194924978279, 3.301535262650663 ], [ -76.571965915896925, 3.301604400040627 ], [ -76.571966631614984, 3.30163143359492 ], [ -76.571959970196957, 3.301694592812596 ], [ -76.57195949537055, 3.301733348402721 ], [ -76.571967829537343, 3.301780716868246 ], [ -76.571978169998687, 3.301811689474746 ], [ -76.571980208937646, 3.301817797194985 ], [ -76.571997587799771, 3.301856074403624 ], [ -76.572034485544052, 3.301909899978656 ], [ -76.572100187769067, 3.302001045501799 ], [ -76.572144705619309, 3.302089560062756 ], [ -76.572154703472805, 3.302106066485696 ], [ -76.57216422612187, 3.302118984188263 ], [ -76.572170652713837, 3.302125443401089 ], [ -76.572178746347888, 3.302131424204604 ], [ -76.572206835182442, 3.302143144648505 ], [ -76.572220403298971, 3.302150321402563 ], [ -76.572234685855619, 3.302159651003525 ], [ -76.572244684239905, 3.302168979933297 ], [ -76.572255396610089, 3.302189075062379 ], [ -76.572258968021814, 3.302201993992192 ], [ -76.572259611183185, 3.302217567795107 ], [ -76.572258328111602, 3.302249290608244 ], [ -76.572259756559703, 3.302262640051092 ], [ -76.57227004071612, 3.302283165599682 ], [ -76.572285323449108, 3.30230512673598 ], [ -76.572290084875718, 3.302313523726514 ], [ -76.572305559491312, 3.302357781372565 ], [ -76.572326389403415, 3.30239486123421 ], [ -76.572353170248121, 3.302425960431498 ], [ -76.572401374476186, 3.3024708148665 ], [ -76.572465052558144, 3.302544974285909 ], [ -76.572548963070631, 3.302601788343591 ], [ -76.572660840934972, 3.302634676789829 ], [ -76.572715589975019, 3.302640654123301 ], [ -76.572832227654601, 3.302650815370981 ], [ -76.572905423047686, 3.302652007587186 ], [ -76.572949458788443, 3.302637651078249 ], [ -76.572988138232617, 3.302611333280253 ], [ -76.573081564463365, 3.302565274802436 ], [ -76.573130361191048, 3.302550918021737 ], [ -76.573226169292639, 3.302531175964991 ], [ -76.573265444881841, 3.302532968610764 ], [ -76.573436831941748, 3.302555685998503 ], [ -76.57355823070715, 3.302567640812785 ], [ -76.573633211112977, 3.302570627698389 ], [ -76.573730211331736, 3.30258617260028 ], [ -76.573799837831331, 3.302605306869477 ], [ -76.573898029293744, 3.302639392185969 ], [ -76.574105124024115, 3.302715935925358 ], [ -76.574253302573254, 3.30275420570735 ], [ -76.57442847056916, 3.302803066568397 ], [ -76.574432869943649, 3.302803862009534 ], [ -76.574514839417802, 3.302832746354284 ], [ -76.574714243305323, 3.302897366791179 ], [ -76.574826405122081, 3.302922072010097 ], [ -76.574949291087165, 3.302950601342248 ], [ -76.575036325978346, 3.302985172732239 ], [ -76.575072601359679, 3.303005912861248 ], [ -76.575136147353106, 3.303062285708391 ], [ -76.575211445321301, 3.303162909130653 ], [ -76.575235336409875, 3.303256835430837 ], [ -76.575258670327486, 3.303361964726526 ], [ -76.575290467840205, 3.303426829773743 ], [ -76.5753422380687, 3.30349665769295 ], [ -76.575397524723314, 3.303543708758679 ], [ -76.575510301036857, 3.303616399438399 ], [ -76.575546010278572, 3.303648279252516 ], [ -76.575596341003063, 3.303716687656609 ], [ -76.575624519416152, 3.3037361623622 ], [ -76.575655081191158, 3.303742263898984 ], [ -76.575698606744012, 3.303742595924132 ], [ -76.575728573126909, 3.303719401606612 ], [ -76.575772148694213, 3.303647985829345 ], [ -76.575787008183127, 3.303595740634199 ], [ -76.575842428260685, 3.303452097145716 ], [ -76.575895855252455, 3.303383827384346 ], [ -76.575942454677431, 3.303330974526423 ], [ -76.575979842862424, 3.303301124899984 ], [ -76.576083624661152, 3.303249028218724 ], [ -76.576202762601682, 3.30317843985844 ], [ -76.576253880218488, 3.303160199267837 ], [ -76.57640482256754, 3.303116147110826 ], [ -76.576491638760643, 3.303099884592009 ], [ -76.576619542859802, 3.303092164273771 ], [ -76.576684237351046, 3.303092287039 ], [ -76.576747708605865, 3.303097744616976 ], [ -76.576812357964897, 3.303095209045702 ], [ -76.576857115582342, 3.303087719666396 ], [ -76.576982004240506, 3.303052032756822 ], [ -76.577049010023515, 3.303037480290764 ], [ -76.577123969230826, 3.303030712456778 ], [ -76.577160909540495, 3.303036189671193 ], [ -76.577232505984824, 3.303064034576501 ], [ -76.577293577130789, 3.303104367024914 ], [ -76.577315125946285, 3.303139240500748 ], [ -76.577326654023565, 3.303199875063126 ], [ -76.577327952210609, 3.303247019662148 ], [ -76.577325146534662, 3.303269217793289 ], [ -76.577340099486676, 3.303438400643845 ], [ -76.577353858351572, 3.303492470623841 ], [ -76.577403447968976, 3.303657474024531 ], [ -76.577469680516771, 3.303808578963021 ], [ -76.577503529396552, 3.303873172554973 ], [ -76.577536000138494, 3.303908605971003 ], [ -76.577570566172412, 3.303927953648351 ], [ -76.577607929120433, 3.30392927152747 ], [ -76.577646668390031, 3.303927822488642 ], [ -76.577776705525991, 3.303933131322228 ], [ -76.577809911888053, 3.303931691652083 ], [ -76.577870747753991, 3.303946824189994 ], [ -76.577970090559404, 3.303987986142544 ], [ -76.578008687793087, 3.304019721018377 ], [ -76.578131336432094, 3.304141201099185 ], [ -76.578193704048857, 3.304196398360927 ], [ -76.578290034391685, 3.30426110567536 ], [ -76.578309305747652, 3.304272108544756 ], [ -76.578353723119335, 3.30429199811078 ], [ -76.578439688029007, 3.304333106576765 ], [ -76.57848124400428, 3.304344677726187 ], [ -76.578549978115703, 3.30434591227651 ], [ -76.578580224127819, 3.304336199384865 ], [ -76.578620113294321, 3.30430579794326 ], [ -76.578695779452062, 3.304232598806682 ], [ -76.578720752850117, 3.304212560337578 ], [ -76.578796726166502, 3.304161468718137 ], [ -76.578835338809597, 3.304148337451727 ], [ -76.578869624528153, 3.304142765511561 ], [ -76.578969738443192, 3.304138446352532 ], [ -76.579035565673919, 3.304123188547438 ], [ -76.579116684993849, 3.304071608320674 ], [ -76.579201626445311, 3.30399592203812 ], [ -76.579305704212416, 3.303929828062806 ], [ -76.579411080872461, 3.303921403490715 ], [ -76.579534963811653, 3.303917697650454 ], [ -76.579584093582199, 3.303906654388487 ], [ -76.579716492126764, 3.303832502238359 ], [ -76.579743786584444, 3.30381192108131 ], [ -76.579829746302025, 3.303765232181579 ], [ -76.579896590278622, 3.303752804380625 ], [ -76.579991747893374, 3.303763079115172 ], [ -76.580129712310395, 3.303789997367531 ], [ -76.580154201615358, 3.303799516993887 ], [ -76.58022223656809, 3.303844487332193 ], [ -76.580336516077992, 3.303923515744372 ], [ -76.580455662372046, 3.303995970345212 ], [ -76.580513046687472, 3.304062759536409 ], [ -76.580537459203512, 3.304141748384956 ], [ -76.580561862154596, 3.304211207028417 ], [ -76.580570004732223, 3.30422209300992 ], [ -76.580578596807655, 3.304227445295485 ], [ -76.580622198415398, 3.304295302300178 ], [ -76.580619402935099, 3.304336271508453 ], [ -76.580619340865837, 3.304336392674378 ], [ -76.580581567641417, 3.304409748707757 ], [ -76.580550576383615, 3.304443694110218 ], [ -76.580518198996714, 3.304466807354734 ], [ -76.58043446997678, 3.304506280707777 ], [ -76.580414228433682, 3.304519881062195 ], [ -76.580406186933061, 3.304544303849807 ], [ -76.580406209426798, 3.304544340920344 ], [ -76.580425225612814, 3.304575443091943 ], [ -76.580461384719683, 3.304604709572104 ], [ -76.580562329984573, 3.304660708976352 ], [ -76.580680431530993, 3.304712448529823 ], [ -76.580726019422514, 3.304747184776707 ], [ -76.580830009744659, 3.304872381928558 ], [ -76.580843339950874, 3.304975640040387 ], [ -76.580838088208907, 3.305013372390631 ], [ -76.580838039635125, 3.305013503501849 ], [ -76.580826115676047, 3.305045734254928 ], [ -76.580826088698558, 3.305045938604491 ], [ -76.580815621349515, 3.305123902494762 ], [ -76.580849495489474, 3.305304540227506 ], [ -76.580887641030344, 3.305452020892622 ], [ -76.58092814969929, 3.305549987740946 ], [ -76.580946024087979, 3.305667667457162 ], [ -76.580955801635355, 3.305787128950349 ], [ -76.58095104288634, 3.305943509610314 ], [ -76.580955430891706, 3.306053513576749 ], [ -76.580955356240182, 3.30605385084587 ], [ -76.580939626420403, 3.306126030943032 ], [ -76.580901201082085, 3.30623218576479 ], [ -76.580820682042173, 3.306392866157424 ], [ -76.580761358230248, 3.306540479595874 ], [ -76.580761317760079, 3.306540721922439 ], [ -76.580753516001451, 3.306587344469584 ], [ -76.580752386218421, 3.306650231235908 ], [ -76.580760878988457, 3.306798735524752 ], [ -76.580771192663292, 3.306857489398754 ], [ -76.580841076602155, 3.30697597959197 ], [ -76.580892750177512, 3.30707448824932 ], [ -76.580919034312686, 3.307156994283911 ], [ -76.580952029738896, 3.307236226708541 ], [ -76.580969457624732, 3.30725964422522 ], [ -76.580990798351237, 3.307271605354206 ], [ -76.581088090192409, 3.307309557222299 ], [ -76.581149044293909, 3.307341543719342 ], [ -76.581185383770361, 3.30737598215028 ], [ -76.581225125503622, 3.307435565998393 ], [ -76.581257901583115, 3.307472671122417 ], [ -76.581350480355738, 3.307514503161486 ], [ -76.581401097248005, 3.307544826587121 ], [ -76.581411643582129, 3.307582268586005 ], [ -76.581407456678619, 3.307672923347662 ], [ -76.581362553391855, 3.307950278700625 ], [ -76.581358565554183, 3.308059731643176 ], [ -76.581377871939168, 3.308200875094626 ], [ -76.581396379814336, 3.30837786084815 ], [ -76.581434488206057, 3.308502899397907 ], [ -76.581512493516797, 3.308575682012845 ], [ -76.581594733552208, 3.30860424926116 ], [ -76.581686931444409, 3.308609487655379 ], [ -76.581802986161691, 3.308577797218008 ], [ -76.582011777274971, 3.308530503421958 ], [ -76.582085315294208, 3.308522161990685 ], [ -76.582209568545011, 3.308532841504518 ], [ -76.582416095623856, 3.308536318261277 ], [ -76.582524560100936, 3.308552215961897 ], [ -76.582612243475367, 3.308586325476221 ], [ -76.582755105775661, 3.308660912136275 ], [ -76.582989312764056, 3.308763694585001 ], [ -76.583153666001706, 3.308804878844368 ], [ -76.583363495870302, 3.308823645098345 ], [ -76.583526140926736, 3.308883139335313 ], [ -76.583633890931964, 3.308981354781001 ], [ -76.583749770779562, 3.309029902295422 ], [ -76.583911224399316, 3.309027405003086 ], [ -76.584007135406679, 3.308992541919059 ], [ -76.584150839988041, 3.308870023056421 ], [ -76.584212741654795, 3.308803678192666 ], [ -76.58439512774072, 3.308618631681953 ], [ -76.584488364639242, 3.308551760260453 ], [ -76.584673321072941, 3.308466355705242 ], [ -76.584745003871959, 3.308428700222807 ], [ -76.584933903272287, 3.308381795932039 ], [ -76.585085882434115, 3.308365537249124 ], [ -76.585271152481369, 3.30840061641053 ], [ -76.585431996609501, 3.308434811094821 ], [ -76.585712388671794, 3.308491683784327 ], [ -76.585911758105112, 3.308551284499415 ], [ -76.585975743081462, 3.308564598871292 ], [ -76.586074599850136, 3.308590298291529 ], [ -76.586236147773008, 3.308654855626543 ], [ -76.586346181060691, 3.308721126335648 ], [ -76.586468764725808, 3.308788108665787 ], [ -76.586587529357601, 3.308787494604242 ], [ -76.586673798484824, 3.308792416458568 ], [ -76.586796790800435, 3.308780680489894 ], [ -76.58688216782167, 3.308763955982454 ], [ -76.586966142011462, 3.30875696069321 ], [ -76.587044008962494, 3.308772208997322 ], [ -76.587101400080215, 3.30879528000861 ], [ -76.587188924112667, 3.308865621070415 ], [ -76.587404585043032, 3.308901528636711 ], [ -76.587659468592236, 3.308896365794353 ], [ -76.587854720707043, 3.308866269440503 ], [ -76.588027265941463, 3.308859195440251 ], [ -76.588185345507867, 3.308839382345169 ], [ -76.588301544331998, 3.308825955822562 ], [ -76.588476049095647, 3.30876705319916 ], [ -76.588549855533842, 3.308737525981863 ], [ -76.588694876072225, 3.308659546935044 ], [ -76.58873641744384, 3.308584668549708 ], [ -76.588794966511244, 3.308437497723564 ], [ -76.588877774840682, 3.308222365021122 ], [ -76.58899105973245, 3.308080063848714 ], [ -76.589047415942517, 3.30796767750936 ], [ -76.58933298986048, 3.307472121467197 ], [ -76.589362970027622, 3.307390859377726 ], [ -76.589411518295577, 3.30729602398863 ], [ -76.589447789104113, 3.307243885529989 ], [ -76.589489808883229, 3.307193618334261 ], [ -76.589573544810918, 3.307125879076755 ], [ -76.589630581720485, 3.307101217558065 ], [ -76.58974286632106, 3.307068034504212 ], [ -76.589825237306314, 3.307037367279183 ], [ -76.58988425406956, 3.307021449157088 ], [ -76.590063323742044, 3.30703329909142 ], [ -76.590145769502456, 3.307043013138482 ], [ -76.590228125148641, 3.307050584245147 ], [ -76.590314772068766, 3.307056464186577 ], [ -76.590367214075172, 3.307066053831047 ], [ -76.590441274842831, 3.307073734032326 ], [ -76.590565517916971, 3.307068887441859 ], [ -76.590705459030687, 3.307048776880296 ], [ -76.590761372349561, 3.30703861864892 ], [ -76.590807506757727, 3.307034474028101 ], [ -76.590884680513909, 3.307044351155963 ], [ -76.590945346208031, 3.307064808571603 ], [ -76.591038285426464, 3.307122398837108 ], [ -76.591076804320025, 3.307183736500118 ], [ -76.59113145338064, 3.307233869998767 ], [ -76.591223288066999, 3.307320087111253 ], [ -76.591280905157703, 3.307357905257716 ], [ -76.591338360483377, 3.307398119526923 ], [ -76.591469560434774, 3.307427713050142 ], [ -76.59152259583739, 3.307431506702749 ], [ -76.591682511034975, 3.307432932405931 ], [ -76.591788211378187, 3.307418059532477 ], [ -76.591845772641605, 3.307429628896158 ], [ -76.59189162039695, 3.307442636804936 ], [ -76.591931601715757, 3.307471928782785 ], [ -76.592120069763794, 3.307551964702906 ], [ -76.592346629020199, 3.307636715790886 ], [ -76.59248691927904, 3.30771692526801 ], [ -76.592653584035176, 3.30774655210811 ], [ -76.592923393429004, 3.307751775908548 ], [ -76.593239769876831, 3.307763587643352 ], [ -76.593464201665029, 3.307788019843758 ], [ -76.593593096530441, 3.307789429522614 ], [ -76.593800389675735, 3.307812895474083 ], [ -76.593951842693002, 3.307863102715705 ], [ -76.594217366242376, 3.307943003864682 ], [ -76.594324873705659, 3.30798466258781 ], [ -76.594502492931056, 3.307893766421536 ], [ -76.594850079499736, 3.307794567287555 ], [ -76.595189687817708, 3.307719855131989 ], [ -76.595632868344154, 3.307685478000616 ], [ -76.595750293192978, 3.307696174366149 ], [ -76.595937366477386, 3.307791633380804 ], [ -76.5962145933416, 3.307959276030816 ], [ -76.596480534025758, 3.308197952985473 ], [ -76.596694689575827, 3.308310734946861 ], [ -76.596891297270389, 3.308365232115225 ], [ -76.597116120708279, 3.308425766984391 ], [ -76.597156883522018, 3.308436742420734 ], [ -76.597376953122705, 3.30847331737401 ], [ -76.597579175585338, 3.308421562105086 ], [ -76.597780384250655, 3.308406554225154 ], [ -76.598106867098736, 3.308455806190992 ], [ -76.598334475949031, 3.308492723900278 ], [ -76.598553508937144, 3.308503013745278 ], [ -76.598845634207194, 3.308444226133952 ], [ -76.599170086420472, 3.308411530796575 ], [ -76.599484321513756, 3.308417807864605 ], [ -76.599790118093253, 3.308428233975051 ], [ -76.600093030648694, 3.308374598985668 ], [ -76.600394930417167, 3.308256829502151 ], [ -76.600535401729658, 3.30822959691914 ], [ -76.60055400388832, 3.308238477250043 ], [ -76.600633779325122, 3.308210522792219 ], [ -76.600837767563021, 3.308191788750514 ], [ -76.600965107322963, 3.308208713529631 ], [ -76.601110058525435, 3.308176367264962 ], [ -76.60117501102944, 3.308136604340825 ], [ -76.60125697609277, 3.308095926730503 ], [ -76.601409590966441, 3.308045848523765 ], [ -76.601627579571471, 3.307936684675 ], [ -76.601718215915611, 3.307878302165306 ], [ -76.601924640924807, 3.307734146927655 ], [ -76.602188362466478, 3.307553882253235 ], [ -76.602269708167469, 3.307531451244277 ], [ -76.602361484066009, 3.307546923143602 ], [ -76.602478901670381, 3.307578288553153 ], [ -76.602626640630291, 3.307642491655103 ], [ -76.602717458465364, 3.307713363571154 ], [ -76.60283218240366, 3.307808935988295 ], [ -76.602932889582888, 3.307904202181753 ], [ -76.603132156741921, 3.308021513090676 ], [ -76.603374501429883, 3.308049540082768 ], [ -76.603508600054553, 3.308094937001274 ], [ -76.603777811027427, 3.308150557544782 ], [ -76.603906222772096, 3.308183531279552 ], [ -76.604081473509211, 3.308353766573853 ], [ -76.60423119131201, 3.308517665686055 ], [ -76.604497961060815, 3.308641127918746 ], [ -76.604722286711834, 3.308681552659826 ], [ -76.604858406607121, 3.308690012882333 ], [ -76.605018215668764, 3.308604091205332 ], [ -76.605132440164851, 3.308535100075162 ], [ -76.605180437699232, 3.308508709608413 ], [ -76.605221768279648, 3.308498320351327 ], [ -76.605327679214852, 3.308485330292113 ], [ -76.605446506605958, 3.308482723734848 ], [ -76.605511086503071, 3.308485313900023 ], [ -76.605604082728419, 3.308493094302309 ], [ -76.60571516085767, 3.308495680287624 ], [ -76.605818489725991, 3.308503459742152 ], [ -76.605906320084998, 3.308511240578695 ], [ -76.606032897617567, 3.308524209801956 ], [ -76.606136228059, 3.308539777949158 ], [ -76.606229223617589, 3.308550155135535 ], [ -76.606280889513613, 3.308560535140865 ], [ -76.60634546986438, 3.308568318035574 ], [ -76.606420383756983, 3.308576099991488 ], [ -76.606536630681418, 3.308602051595456 ], [ -76.606621878339212, 3.308622813209201 ], [ -76.60666321092225, 3.308646175644024 ], [ -76.606740997351253, 3.308694470631956 ], [ -76.606959384430027, 3.309108983963761 ], [ -76.607007888245107, 3.309474688962971 ], [ -76.607468842735258, 3.310450011835164 ], [ -76.607856974890552, 3.310986375775619 ], [ -76.608213334298398, 3.31133236534182 ], [ -76.608483940867046, 3.311540678381174 ], [ -76.608800585454375, 3.311679550389401 ], [ -76.609096072434383, 3.311775332185951 ], [ -76.609221160829478, 3.311801272690698 ], [ -76.610083814433935, 3.311980167007812 ], [ -76.610303531235473, 3.311991323008285 ], [ -76.610635775371136, 3.311958961184957 ], [ -76.610946583440324, 3.311969832611346 ], [ -76.611118082388558, 3.31195894966592 ], [ -76.611225199301288, 3.3119375435 ], [ -76.611396767023038, 3.311862024187205 ], [ -76.611589561479533, 3.311786717102545 ], [ -76.611878999298867, 3.311635892349131 ], [ -76.612200558360044, 3.311549561472353 ], [ -76.612436298282631, 3.311474252782374 ], [ -76.612682863136385, 3.311420347968983 ], [ -76.612886481191211, 3.311334161212297 ], [ -76.613347273099095, 3.311032514235681 ], [ -76.61361527320615, 3.310881831197706 ], [ -76.613915321472277, 3.310677106681304 ], [ -76.614129692753949, 3.310569374369357 ], [ -76.614290437509069, 3.310537087829444 ], [ -76.614418989943275, 3.310461569503278 ], [ -76.614654794583174, 3.310170807093236 ], [ -76.614879917293592, 3.309955417492066 ], [ -76.615062096132817, 3.30981533248767 ], [ -76.61520132831356, 3.309578330267433 ], [ -76.615297828496722, 3.309449125783254 ], [ -76.615437272749944, 3.309276829440687 ], [ -76.615630061793823, 3.309039825421057 ], [ -76.615672934159704, 3.308942905993963 ], [ -76.615726560066392, 3.308835107128728 ], [ -76.615780114249588, 3.308673479788427 ], [ -76.615865790548924, 3.308555084163219 ], [ -76.616005166221385, 3.308458161358758 ], [ -76.616090912238107, 3.308307270781024 ], [ -76.616230143217791, 3.308081146768368 ], [ -76.616294528233354, 3.307984156426541 ], [ -76.616326644015118, 3.307876802751083 ], [ -76.61632671146748, 3.307876569462218 ], [ -76.616294517331696, 3.307757965056474 ], [ -76.616273071462558, 3.30756412700579 ], [ -76.61628680720186, 3.307495158221083 ], [ -76.616305212639844, 3.307402739597213 ], [ -76.616305262098493, 3.307402501789195 ], [ -76.616433811885116, 3.307230206398722 ], [ -76.616519496167925, 3.307047161744437 ], [ -76.616519556432976, 3.307047033342793 ], [ -76.616519551295355, 3.306853195843063 ], [ -76.616518214851837, 3.30683920900062 ], [ -76.616518004361382, 3.306830167081552 ], [ -76.616519759677445, 3.306812224077736 ], [ -76.616523712925542, 3.30679487219467 ], [ -76.616523766882423, 3.306794634386186 ], [ -76.616530303106231, 3.306777751518728 ], [ -76.61653437960203, 3.306769698354607 ], [ -76.616544148482163, 3.306754581051232 ], [ -76.61654977159246, 3.306747516918965 ], [ -76.616555885959031, 3.306740875899804 ], [ -76.616572544043322, 3.3067495644243 ], [ -76.616728647339571, 3.306648685781368 ], [ -76.616895856764103, 3.306592662147804 ], [ -76.617107630055486, 3.306592656008267 ], [ -76.617341752384519, 3.306570256082589 ], [ -76.617575873374619, 3.306469373865526 ], [ -76.617787714957032, 3.306413349130112 ], [ -76.617921468747312, 3.306368558831167 ], [ -76.618044117675154, 3.306357323390031 ], [ -76.618200153255955, 3.306357318206933 ], [ -76.618467733633608, 3.306368541538407 ], [ -76.618568032251801, 3.306357306525678 ], [ -76.618813329690084, 3.30631251271823 ], [ -76.618958259221799, 3.306278883392006 ], [ -76.619058555898107, 3.306211629890441 ], [ -76.619136641507765, 3.306133216409213 ], [ -76.619281566919895, 3.30597638969265 ], [ -76.619549071222934, 3.305774703062118 ], [ -76.619783189413326, 3.305595409498471 ], [ -76.620295987090955, 3.30525921440429 ], [ -76.620407458510101, 3.305158406754032 ], [ -76.620597016862703, 3.305057525764537 ], [ -76.620764222664434, 3.304889466383898 ], [ -76.620931430440578, 3.304777424506636 ], [ -76.621076359456296, 3.304732633485914 ], [ -76.621210114471779, 3.304766182998851 ], [ -76.621288205052963, 3.304855822843422 ], [ -76.621355049428885, 3.30492307060607 ], [ -76.621410789996744, 3.305023942902899 ], [ -76.621522336070896, 3.305102349988303 ], [ -76.621611531419376, 3.305158364361805 ], [ -76.621812200642907, 3.305236768252923 ], [ -76.621968237663197, 3.305270387618148 ], [ -76.622302658764085, 3.305270375350086 ], [ -76.622492221915294, 3.305315155119757 ], [ -76.6226148718102, 3.305315150082139 ], [ -76.622782083317759, 3.305337607645462 ], [ -76.622938120882651, 3.305393620120718 ], [ -76.623105333656724, 3.305472024632914 ], [ -76.623272617026728, 3.30552803583855 ], [ -76.623662781482125, 3.305696075083882 ], [ -76.623896909792819, 3.305830565673303 ], [ -76.623997212067692, 3.305942597955279 ], [ -76.624075304560421, 3.306099416474736 ], [ -76.624142151422248, 3.306222681574031 ], [ -76.624209068999875, 3.306368339026194 ], [ -76.624287093616246, 3.306581246500068 ], [ -76.624627142525782, 3.306693268768878 ], [ -76.624749793400227, 3.306726889527388 ], [ -76.624961565820072, 3.306726880731932 ], [ -76.625139952392971, 3.30671564186046 ], [ -76.625340619099447, 3.306704402305333 ], [ -76.625474373423927, 3.306693236110043 ], [ -76.625730848534047, 3.306704387190314 ], [ -76.625953798304977, 3.306738003007375 ], [ -76.626243661623562, 3.30681640238633 ], [ -76.62647778820444, 3.306894873902337 ], [ -76.626711843764696, 3.306939650577805 ], [ -76.6268456706444, 3.30698450171434 ], [ -76.626979429126237, 3.30709653174398 ], [ -76.627235843436551, 3.307354218162053 ], [ -76.627347317363899, 3.30736537423573 ], [ -76.627514528418601, 3.307354205797925 ], [ -76.62763717706143, 3.307331807746407 ], [ -76.627826739324391, 3.307320568013915 ], [ -76.628071965485944, 3.307242146654598 ], [ -76.628328368143357, 3.307197279508302 ], [ -76.628517928543374, 3.307152484997321 ], [ -76.6286739626795, 3.30709646055996 ], [ -76.628874625682172, 3.306984416186185 ], [ -76.629053009767546, 3.306917159046642 ], [ -76.629521253306322, 3.306816264281903 ], [ -76.629788760250094, 3.306737841730267 ], [ -76.630100901703727, 3.306737827470002 ], [ -76.630323919577833, 3.306726656618203 ], [ -76.630468849784052, 3.306726649798415 ], [ -76.630836725311198, 3.306636990662837 ], [ -76.630992759350306, 3.306614519580876 ], [ -76.631093125086565, 3.306536104332805 ], [ -76.631228840414607, 3.306352927745903 ], [ -76.631478900658422, 3.305892057991198 ], [ -76.631666482556255, 3.305598750776714 ], [ -76.631770707853008, 3.305368316478645 ], [ -76.631937487426626, 3.305137879354143 ], [ -76.632396004979967, 3.304446500396241 ], [ -76.632791975710376, 3.30392275352806 ], [ -76.632979558893908, 3.303671406082319 ], [ -76.633229698216653, 3.303461874673361 ], [ -76.634178075026725, 3.302812431889593 ], [ -76.635126450618642, 3.302162987254163 ], [ -76.635203762817525, 3.302108661177839 ], [ -76.635300402793078, 3.302042395589982 ], [ -76.635382705279326, 3.301987220761991 ], [ -76.635495862975432, 3.301913325375603 ], [ -76.635610004159972, 3.301840984166104 ], [ -76.635678952631153, 3.30179831412566 ], [ -76.635779177433974, 3.301737699267133 ], [ -76.635864502373821, 3.301687328013498 ], [ -76.635981666043918, 3.301620072483701 ], [ -76.636060314438666, 3.301576059412366 ], [ -76.636163069556659, 3.301519966079874 ], [ -76.636274470037606, 3.301460975549138 ], [ -76.636370548634432, 3.301411451977549 ], [ -76.636451024617884, 3.301371040959964 ], [ -76.63653185154331, 3.301331336972427 ], [ -76.636621182563502, 3.301288524223593 ], [ -76.636710935622133, 3.301246630075866 ], [ -76.636784664037023, 3.30121300131072 ], [ -76.636908154544301, 3.301158319518545 ], [ -76.637024123604121, 3.301108794347358 ], [ -76.637107270411491, 3.301074317171989 ], [ -76.637190768170171, 3.301040617553098 ], [ -76.637257749965855, 3.30101419510223 ], [ -76.637358607813198, 3.300975478674537 ], [ -76.637409213116243, 3.300956544049872 ], [ -76.637493695402071, 3.300925599362403 ], [ -76.637570024528458, 3.300898399035563 ], [ -76.637638060125582, 3.300874730603029 ], [ -76.637731820477839, 3.300843078574687 ], [ -76.63784617237134, 3.300790092247866 ], [ -76.637920042010819, 3.300756887444092 ], [ -76.638019001874667, 3.30071343862924 ], [ -76.638135041943102, 3.300664266853418 ], [ -76.638234986295714, 3.300623219433501 ], [ -76.63831026154827, 3.300593192667193 ], [ -76.638436211374696, 3.300544585650965 ], [ -76.638486815727859, 3.300525580441836 ], [ -76.638562864020884, 3.3004976738945 ], [ -76.638630688972867, 3.300473369768593 ], [ -76.63872416755558, 3.300440799920325 ], [ -76.638852155741901, 3.3003979143351 ], [ -76.638929258772009, 3.300373043910582 ], [ -76.639049586109778, 3.30033559798094 ], [ -76.639127180543781, 3.300312423747035 ], [ -76.639230991052855, 3.300282396056383 ], [ -76.639343727813511, 3.300251237899319 ], [ -76.639413310447452, 3.300232726668799 ], [ -76.639491748195965, 3.300212518960169 ], [ -76.639622829709268, 3.300180299660625 ], [ -76.639684118888312, 3.300165885449231 ], [ -76.639807047350715, 3.300138258644481 ], [ -76.63984225990113, 3.300130697871683 ], [ -76.640186160507383, 3.29996304958021 ], [ -76.640540462831652, 3.29979547037688 ], [ -76.640915646776278, 3.299753559611406 ], [ -76.64121794451772, 3.299722107733522 ], [ -76.641488894990104, 3.299701112235622 ], [ -76.641686888381216, 3.299669666254144 ], [ -76.642301744104216, 3.299575396816768 ], [ -76.642843718036985, 3.299564910852725 ], [ -76.643354416064284, 3.29959631631789 ], [ -76.643614965803494, 3.299606755864112 ], [ -76.643896322556898, 3.299659083946024 ], [ -76.644354872686662, 3.299753361544829 ], [ -76.644787416534029, 3.299847569989734 ], [ -76.64519387898163, 3.299837090458927 ], [ -76.645569068224063, 3.299889412052497 ], [ -76.64586089592882, 3.299910374394877 ], [ -76.646194334885905, 3.299962698537765 ], [ -76.646434080623777, 3.299983663977448 ], [ -76.646694632241818, 3.300015083596823 ], [ -76.646975989271823, 3.30006741076613 ], [ -76.647278224999425, 3.300172151194247 ], [ -76.647705568828258, 3.300276883822451 ], [ -76.64796612185873, 3.300339666871424 ], [ -76.648435080712545, 3.300538701928742 ], [ -76.648653961663058, 3.300727227623946 ], [ -76.648883245432557, 3.30091575186277 ], [ -76.649008365170417, 3.301104282910484 ], [ -76.649268929725665, 3.301345150233613 ], [ -76.649466933557562, 3.301491787261469 ], [ -76.64957117420974, 3.301596540258127 ], [ -76.649664942868057, 3.30172220325038 ], [ -76.649748306540474, 3.301795522047774 ], [ -76.649904697715016, 3.301879291512897 ], [ -76.650102698565192, 3.301973583711381 ], [ -76.650259020081123, 3.302067807419165 ], [ -76.650415340710339, 3.302141122518328 ], [ -76.650686299912465, 3.302245864330562 ], [ -76.650915649071024, 3.302350609066699 ], [ -76.651113651942651, 3.302465809637142 ], [ -76.651280377329371, 3.30258101356891 ], [ -76.651478448145298, 3.302664779748089 ], [ -76.651686853900173, 3.302779980572921 ], [ -76.651986497838493, 3.303026142138024 ], [ -76.65215329826529, 3.303204144894955 ], [ -76.652330424801136, 3.303298437713531 ], [ -76.65251802478592, 3.303403184239202 ], [ -76.652695220590886, 3.303476496965758 ], [ -76.653247598877428, 3.303476459715164 ], [ -76.653549830053706, 3.303486893421904 ], [ -76.653758299233203, 3.303507858680194 ], [ -76.653966701535637, 3.303560189489242 ], [ -76.654164701604245, 3.303623045630844 ], [ -76.654435726445769, 3.303654391125205 ], [ -76.654581642849834, 3.303685815695542 ], [ -76.654717088350679, 3.303759130320451 ], [ -76.654842130995192, 3.303811536910155 ], [ -76.655019327044229, 3.303884849202992 ], [ -76.655332030913172, 3.303905736959181 ], [ -76.655790577618205, 3.303905704310083 ], [ -76.655967771675492, 3.303937126020409 ], [ -76.656259531129479, 3.303968540372384 ], [ -76.656478408700494, 3.304062758634569 ], [ -76.656540968060739, 3.304146534105262 ], [ -76.656593056297496, 3.304230380695087 ], [ -76.656666022515509, 3.304377024182447 ], [ -76.656728586882977, 3.304523670060267 ], [ -76.65681195734436, 3.304680768144126 ], [ -76.656937008903896, 3.304869298157311 ], [ -76.657135092409817, 3.305131147788402 ], [ -76.657208060739833, 3.305298701625285 ], [ -76.657301832697328, 3.305445343877575 ], [ -76.657364394192214, 3.305550099308133 ], [ -76.657520723601749, 3.30573862744983 ], [ -76.657791700549822, 3.306084250854662 ], [ -76.658031472381566, 3.306471767298341 ], [ -76.658125244577263, 3.30661840946934 ], [ -76.658166935539327, 3.306786036482562 ], [ -76.658229503370507, 3.306974570858532 ], [ -76.658229502481944, 3.306974651331931 ], [ -76.658229509169075, 3.307068805056697 ], [ -76.658281606594983, 3.307288775253289 ], [ -76.658312898241746, 3.307487767547295 ], [ -76.658354597087751, 3.307770608764554 ], [ -76.658396287046045, 3.307917254849293 ], [ -76.658510933433661, 3.30806389576004 ], [ -76.658615175738007, 3.308168577236825 ], [ -76.658886145894527, 3.3083990575485 ], [ -76.658990390487631, 3.30854562848543 ], [ -76.659094631452859, 3.30863992524121 ], [ -76.659219674939067, 3.30869226072737 ], [ -76.659396872755281, 3.30877609702197 ], [ -76.659594873646384, 3.308828427212748 ], [ -76.659813753186, 3.308933170429002 ], [ -76.659917994261207, 3.309027396567267 ], [ -76.660022234794681, 3.309111168402637 ], [ -76.66014728586066, 3.309268334214608 ], [ -76.6602932184569, 3.309530187236187 ], [ -76.660532919689629, 3.309875811749018 ], [ -76.660762286145186, 3.310179548225845 ], [ -76.660908230689458, 3.310588050574844 ], [ -76.661033284956048, 3.31079749044002 ], [ -76.661189622026356, 3.31108032270316 ], [ -76.661314674689024, 3.311258397848541 ], [ -76.661429323965251, 3.311425947893976 ], [ -76.661564844763632, 3.311530696741424 ], [ -76.661689899294785, 3.311740136520152 ], [ -76.661804554594895, 3.311981081758385 ], [ -76.66190880267223, 3.312159087584756 ], [ -76.662013049314396, 3.312326709635501 ], [ -76.662013060117459, 3.312326759364563 ], [ -76.662086017802224, 3.312536224935085 ], [ -76.662242356109346, 3.312766639991919 ], [ -76.662325729331585, 3.312976083193291 ], [ -76.662325744632483, 3.312976129304902 ], [ -76.662419578902927, 3.313227485755171 ], [ -76.662419593304051, 3.313227530962721 ], [ -76.662482150072293, 3.313436929338039 ], [ -76.662482164473303, 3.313436973641394 ], [ -76.662575931648306, 3.313709311004876 ], [ -76.662575946948976, 3.313709355308095 ], [ -76.662648907848805, 3.313939734843201 ], [ -76.662648922249559, 3.313939777338167 ], [ -76.662711473139609, 3.314107288910166 ], [ -76.662711490239118, 3.314107329596339 ], [ -76.662805249776014, 3.314306347651663 ], [ -76.662805264176797, 3.314306390146625 ], [ -76.662836538734055, 3.314421558081338 ], [ -76.66299287093311, 3.314599558695267 ], [ -76.663211750927061, 3.314683391641303 ], [ -76.66342022656886, 3.314756700379541 ], [ -76.663555671830181, 3.314788053715384 ], [ -76.663743270059911, 3.314819474216624 ], [ -76.663930868906888, 3.314861348972256 ], [ -76.664337344577262, 3.314945165971991 ], [ -76.664556223229368, 3.315018402358329 ], [ -76.664743819406581, 3.315028913174916 ], [ -76.665025182546387, 3.31508123499609 ], [ -76.665212783364225, 3.31515454380415 ], [ -76.6654838166302, 3.315238301369124 ], [ -76.66562973356892, 3.315259269950494 ], [ -76.665744373473828, 3.315280170052824 ], [ -76.665911099336853, 3.315353481010508 ], [ -76.666015337648531, 3.315395433213981 ], [ -76.666150853253541, 3.315426786168882 ], [ -76.666296699429211, 3.315437299462864 ], [ -76.666494766213589, 3.315405848297425 ], [ -76.66660939926318, 3.315342968388682 ], [ -76.666724033578845, 3.315301069384536 ], [ -76.666838665329919, 3.315217279960996 ], [ -76.666932422657922, 3.315143948033434 ], [ -76.667078334212064, 3.31509152024973 ], [ -76.66727639460926, 3.314986814737372 ], [ -76.667641108114879, 3.314913458915763 ], [ -76.668057984321592, 3.314881996108425 ], [ -76.668412368545759, 3.314850530192671 ], [ -76.668766681917219, 3.314808609864132 ], [ -76.669496257107326, 3.314777111126315 ], [ -76.66970992887191, 3.314766637760785 ], [ -76.670147606433986, 3.314766599648933 ], [ -76.670408162675599, 3.314798010952921 ], [ -76.670720870973099, 3.314829345220144 ], [ -76.670991821723732, 3.314745544122931 ], [ -76.671231494993734, 3.314682722501622 ], [ -76.671346128129997, 3.314640754220774 ], [ -76.671575400060007, 3.314588385743414 ], [ -76.671773456489078, 3.314473152666306 ], [ -76.671961046811234, 3.314368379125185 ], [ -76.672148644784571, 3.314284578326693 ], [ -76.672409171409754, 3.31416934689566 ], [ -76.67240919569889, 3.31416933423306 ], [ -76.672638437380485, 3.314043657067199 ], [ -76.672638464368902, 3.314043646212547 ], [ -76.672888579507116, 3.313949328517431 ], [ -76.672888608295963, 3.313949324896036 ], [ -76.673076173958066, 3.313949308348244 ], [ -76.67307620364754, 3.313949311056057 ], [ -76.673263773227944, 3.313980724255669 ], [ -76.673263800218848, 3.313980729676493 ], [ -76.673503455571776, 3.314043576894158 ], [ -76.673670181460338, 3.314085445854018 ], [ -76.673670211149968, 3.314085449466007 ], [ -76.67387865327558, 3.314106337976115 ], [ -76.673878684764006, 3.31410633797103 ], [ -76.674243440450937, 3.314095850026741 ], [ -76.674243473738542, 3.31409584911716 ], [ -76.674441438702729, 3.31409583604152 ], [ -76.674576954405183, 3.314127259225106 ], [ -76.67476455429437, 3.314179586131672 ], [ -76.67496255780928, 3.314242437936508 ], [ -76.675181437819859, 3.314326197596298 ], [ -76.675296083085485, 3.314409966965043 ], [ -76.675410729833231, 3.314514716334209 ], [ -76.675702575399612, 3.31468231892706 ], [ -76.676176747623515, 3.314881268906579 ], [ -76.676343537552597, 3.314870799018277 ], [ -76.676635371923155, 3.314902135666427 ], [ -76.676958415405508, 3.314964975534597 ], [ -76.677166890773762, 3.315006846044512 ], [ -76.677250258364069, 3.31509061762325 ], [ -76.677416990446432, 3.315226796076126 ], [ -76.677500428251477, 3.315310568525505 ], [ -76.677667151974276, 3.315341987917545 ], [ -76.677886027786215, 3.315373401352808 ], [ -76.678031946659218, 3.315404823223706 ], [ -76.678209142575668, 3.31543624078369 ], [ -76.678584339446076, 3.315488550235878 ], [ -76.678803143610097, 3.315498983457141 ], [ -76.679063697888296, 3.315509483803101 ], [ -76.67927217101554, 3.315530373836665 ], [ -76.679459771430473, 3.31558277124693 ], [ -76.679928796563402, 3.315582725187963 ], [ -76.68025183656782, 3.315593148711438 ], [ -76.680408155068051, 3.315603588453474 ], [ -76.680637500169922, 3.315582656602534 ], [ -76.680814621188631, 3.315561659368246 ], [ -76.680981411182302, 3.31555118776103 ], [ -76.681169003676345, 3.315509279203919 ], [ -76.681387873178764, 3.315467297497793 ], [ -76.68170050381687, 3.315404467202162 ], [ -76.68185161812238, 3.315373017183612 ], [ -76.682018334601636, 3.315331111100559 ], [ -76.682320560663996, 3.315247301451238 ], [ -76.682799976948985, 3.315132038893383 ], [ -76.683070992707414, 3.315016797318914 ], [ -76.683362736491247, 3.314828157777837 ], [ -76.683362799458664, 3.31482809989862 ], [ -76.683602463263441, 3.314618682695382 ], [ -76.683894280448797, 3.31445102570544 ], [ -76.684123545850142, 3.314335788299103 ], [ -76.684404891402963, 3.314199635076774 ], [ -76.684613358521844, 3.31415772404493 ], [ -76.684821762142704, 3.314189137690672 ], [ -76.684988559385687, 3.314262374759239 ], [ -76.685155289886239, 3.314367117547602 ], [ -76.685290805134258, 3.314388084006392 ], [ -76.685582632837765, 3.314356618916178 ], [ -76.685738944502745, 3.314283277873474 ], [ -76.685999482389093, 3.314126146879457 ], [ -76.686327704249877, 3.31393757330996 ], [ -76.68654656638472, 3.313822336230453 ], [ -76.68680710316994, 3.313654679291968 ], [ -76.687088514939177, 3.313476635760599 ], [ -76.687411548254957, 3.313434641624045 ], [ -76.687640889239887, 3.313382272871496 ], [ -76.687901447381066, 3.31343459067042 ], [ -76.688026490418707, 3.313455557680173 ], [ -76.688026566876076, 3.313455471768252 ], [ -76.688130712919858, 3.313340330502407 ], [ -76.68826614578758, 3.313225103226124 ], [ -76.688537161268229, 3.313120314382656 ], [ -76.688672599233612, 3.313078409951557 ], [ -76.688787235872525, 3.313067943493184 ], [ -76.688922748394361, 3.313057403696475 ], [ -76.689058188983168, 3.313036479224496 ], [ -76.689172892267351, 3.312994577497302 ], [ -76.689318731295913, 3.31293169201646 ], [ -76.689422960666889, 3.31286881029764 ], [ -76.689548067661335, 3.312837433301908 ], [ -76.689693911054505, 3.312816437264714 ], [ -76.689787743709971, 3.312816426874483 ], [ -76.68988150795704, 3.312837397405975 ], [ -76.690006622891005, 3.31287927362958 ], [ -76.690110857520907, 3.312868736532198 ], [ -76.690246294505897, 3.312816377585113 ], [ -76.690371399691969, 3.312764019562402 ], [ -76.690517241274108, 3.312732569107413 ], [ -76.69061107125647, 3.312701123425844 ], [ -76.691017539335022, 3.312701079473876 ], [ -76.691173861084351, 3.312732497457356 ], [ -76.691319777289621, 3.312742936367766 ], [ -76.691413539764056, 3.31274292582948 ], [ -76.691559461369039, 3.312805779927156 ], [ -76.69168457636961, 3.312847656833854 ], [ -76.691913852222839, 3.312858086050366 ], [ -76.692049290910731, 3.312816181137393 ], [ -76.692236882429569, 3.312774271297528 ], [ -76.692419273860381, 3.312753270945149 ], [ -76.692575582066752, 3.312659019289777 ], [ -76.692784043062957, 3.312564691239713 ], [ -76.693667803908554, 3.312327876717021 ], [ -76.694551565236608, 3.312091061371473 ], [ -76.695435325247999, 3.311854246107591 ], [ -76.696319085741806, 3.311617429116658 ], [ -76.697202844918877, 3.311380611303199 ], [ -76.697234290622816, 3.312292352240419 ], [ -76.697265735529058, 3.313204093176775 ], [ -76.697297181437136, 3.314115835016127 ], [ -76.697328627447064, 3.315027575950254 ], [ -76.697360072659365, 3.315939316883518 ], [ -76.697391518873431, 3.316851057815583 ], [ -76.69738304492698, 3.317134962764173 ], [ -76.697383131950446, 3.317943654922877 ], [ -76.697417373568911, 3.318055474745139 ], [ -76.697511520284976, 3.318356604459177 ], [ -76.697562923565741, 3.318571627595528 ], [ -76.697605749308508, 3.318760938858026 ], [ -76.697648565771274, 3.318872757977205 ], [ -76.697682814588788, 3.319044834184617 ], [ -76.697845494238834, 3.319371739597134 ], [ -76.697872067669664, 3.319410800339165 ], [ -76.69788907988395, 3.319442657343771 ], [ -76.69790602370108, 3.319484474962562 ], [ -76.697918117680032, 3.319527987946652 ], [ -76.697924096077713, 3.319563660902158 ], [ -76.697926770936036, 3.319599687110431 ], [ -76.697925440284592, 3.319644897061773 ], [ -76.697918908516783, 3.319689542863391 ], [ -76.697907245730704, 3.319733199530877 ], [ -76.697901202957013, 3.319750224825226 ], [ -76.697815608851045, 3.319896531268828 ], [ -76.697764241186761, 3.320008360727563 ], [ -76.6976957953637, 3.320137429116871 ], [ -76.697653002473075, 3.320249257874017 ], [ -76.697584555086053, 3.320369707477849 ], [ -76.697516041198227, 3.320515941086816 ], [ -76.697481823708756, 3.32063638701572 ], [ -76.697439030788132, 3.320748286290348 ], [ -76.697439041320294, 3.320842874028508 ], [ -76.697421974954253, 3.320971936441935 ], [ -76.697421993242216, 3.321135398448226 ], [ -76.697370627377168, 3.321273082410109 ], [ -76.697362066518181, 3.321402072711402 ], [ -76.697310701532857, 3.321539757574064 ], [ -76.697276488307594, 3.321694605365973 ], [ -76.697208042948901, 3.321832291593507 ], [ -76.697152401209621, 3.322073181952713 ], [ -76.697083959222695, 3.322245269137682 ], [ -76.697058318866809, 3.32237426170722 ], [ -76.697032610235951, 3.322529179340701 ], [ -76.696998399721025, 3.322709811119734 ], [ -76.696981332647752, 3.322830254747608 ], [ -76.696878598742359, 3.32307976900059 ], [ -76.69682723361548, 3.323217452932875 ], [ -76.696793017483316, 3.323346446183045 ], [ -76.696793029238449, 3.323458341099371 ], [ -76.696767395013183, 3.323647590055913 ], [ -76.696716027688254, 3.323768037331303 ], [ -76.696639014095041, 3.323974528849767 ], [ -76.69658764826741, 3.324103594895655 ], [ -76.696553432707304, 3.324241206010599 ], [ -76.696476431674327, 3.324559591527825 ], [ -76.696420874918473, 3.324946707186673 ], [ -76.696403734808911, 3.32504136772418 ], [ -76.696360946509728, 3.32519621616686 ], [ -76.696335304490646, 3.32531666137072 ], [ -76.696360981912065, 3.325523140179586 ], [ -76.696420944232884, 3.325591937338873 ], [ -76.696497989131871, 3.325677968884639 ], [ -76.696617845174458, 3.325824181068397 ], [ -76.696634941993025, 3.325987640811943 ], [ -76.696677762389271, 3.326125314499065 ], [ -76.696677774135352, 3.326237137984063 ], [ -76.69668635948598, 3.326331795562988 ], [ -76.696686372763708, 3.326452236921241 ], [ -76.696669235437383, 3.326572681460698 ], [ -76.696652167653014, 3.326684507209214 ], [ -76.696549431159923, 3.326916784775619 ], [ -76.696498149880284, 3.327183528812916 ], [ -76.696472438560605, 3.327303955949429 ], [ -76.696386947555055, 3.327407053523524 ], [ -76.696386837818011, 3.327407189172953 ], [ -76.696241354018738, 3.327519100170601 ], [ -76.696113035516788, 3.32764802038353 ], [ -76.696112951861309, 3.327648104489044 ], [ -76.696061591337369, 3.327828809027874 ], [ -76.696035949855585, 3.327957872097052 ], [ -76.696035961540247, 3.328069695582044 ], [ -76.696087352524231, 3.328172895313489 ], [ -76.696113018304118, 3.328267550644071 ], [ -76.696181487628607, 3.328353582896902 ], [ -76.696232885718217, 3.328517039015181 ], [ -76.696232899581943, 3.328646099151045 ], [ -76.696181534105733, 3.328783712521195 ], [ -76.696104516676343, 3.328955802125632 ], [ -76.696070300929904, 3.329093483750258 ], [ -76.696018933273564, 3.32921393189206 ], [ -76.695967643454082, 3.329403183759109 ], [ -76.695899130923678, 3.32956665390211 ], [ -76.695770901037704, 3.3297557743883 ], [ -76.695770803896536, 3.32975591365211 ], [ -76.695693792752465, 3.329979640840292 ], [ -76.695522616641412, 3.330409790276345 ], [ -76.695368588321998, 3.330814153431163 ], [ -76.695351464553539, 3.331063657178453 ], [ -76.695317261787949, 3.331321781038345 ], [ -76.695283049222411, 3.331493794882203 ], [ -76.695206035715302, 3.331700285379909 ], [ -76.695146094175186, 3.331837970798468 ], [ -76.695103300562408, 3.33194979944055 ], [ -76.69506051031334, 3.332096100478414 ], [ -76.695000647423853, 3.332302589615705 ], [ -76.694932134881043, 3.332483224908735 ], [ -76.694855146904601, 3.332620852858243 ], [ -76.694855113626573, 3.332620911636965 ], [ -76.694752440174767, 3.332741360084723 ], [ -76.694649783804707, 3.332887470449697 ], [ -76.694649689360887, 3.332887602479345 ], [ -76.694641201047844, 3.333042447267444 ], [ -76.694641214735242, 3.333171507403292 ], [ -76.694649730425908, 3.333274782886894 ], [ -76.694666898175839, 3.333438172125676 ], [ -76.694684071426394, 3.333653270412727 ], [ -76.694718323726747, 3.333859748597647 ], [ -76.694743989268432, 3.333963022743019 ], [ -76.694829628824465, 3.334229680077145 ], [ -76.694966637079844, 3.334384509003344 ], [ -76.695043684421165, 3.334496323760348 ], [ -76.695120736059835, 3.334642611812843 ], [ -76.695129324124125, 3.334763052498795 ], [ -76.695146425197251, 3.334960915043732 ], [ -76.695155022148384, 3.335167396121476 ], [ -76.695155040186407, 3.335330858127742 ], [ -76.695189296032396, 3.335571738166277 ], [ -76.695197882598265, 3.335683560978357 ], [ -76.695266363412074, 3.335872798908824 ], [ -76.695326334885905, 3.336010470405299 ], [ -76.695386233779416, 3.336139524037819 ], [ -76.695454703620783, 3.336225556343146 ], [ -76.695604573872728, 3.336363147061167 ], [ -76.69562166464695, 3.336466420955226 ], [ -76.695630250649515, 3.336569625889985 ], [ -76.695630271553952, 3.336758942420548 ], [ -76.695613212464295, 3.336956808542359 ], [ -76.695527617906677, 3.337120279999071 ], [ -76.695467674874195, 3.337240728786842 ], [ -76.695407804762041, 3.337386961555061 ], [ -76.69531363733492, 3.337567670318138 ], [ -76.695253699151678, 3.337731139740416 ], [ -76.695151117948981, 3.337877241103667 ], [ -76.695151022605728, 3.337877376750306 ], [ -76.695082579324833, 3.338049464694935 ], [ -76.695065445948089, 3.338204310171589 ], [ -76.695056886622325, 3.33835915497647 ], [ -76.695048398991787, 3.338522617641632 ], [ -76.695048412148594, 3.338643059904065 ], [ -76.695056938354199, 3.338840923122175 ], [ -76.695146845592959, 3.33891833454053 ], [ -76.695206816357285, 3.339056006044749 ], [ -76.695352325258497, 3.339167813607252 ], [ -76.69544652325699, 3.33927107963637 ], [ -76.69551499609851, 3.339382895934548 ], [ -76.695592046972664, 3.339511947297843 ], [ -76.695652024001731, 3.339709803737502 ], [ -76.695669119767047, 3.339856027751612 ], [ -76.695703370400821, 3.340045270154398 ], [ -76.695711964170158, 3.340217349356551 ], [ -76.695711977418455, 3.340337790714795 ], [ -76.695686336907954, 3.340484090425499 ], [ -76.695652129996432, 3.340699124026276 ], [ -76.695609345054436, 3.340896992178938 ], [ -76.695583632461734, 3.341017437375343 ], [ -76.695549418467081, 3.341172355631978 ], [ -76.695480994442846, 3.341525071735467 ], [ -76.695421065639337, 3.341783198529523 ], [ -76.695395426572276, 3.341938045578476 ], [ -76.695361209122339, 3.342058491430607 ], [ -76.695309842926846, 3.342196105657643 ], [ -76.695250060826979, 3.342282016901633 ], [ -76.695249967282749, 3.342282152547951 ], [ -76.695181537656282, 3.342385300221403 ], [ -76.695181447711107, 3.342385437675441 ], [ -76.695087434743201, 3.342531535647473 ], [ -76.695087343898166, 3.342531672197472 ], [ -76.695035977931241, 3.342660730925483 ], [ -76.694929109468376, 3.342798298364654 ], [ -76.694929010524774, 3.342798427682574 ], [ -76.694869072005829, 3.342961897080503 ], [ -76.694869083026049, 3.343065102692064 ], [ -76.6949033275217, 3.343194159255971 ], [ -76.694980372839098, 3.343280190021081 ], [ -76.695083150480357, 3.34341778585439 ], [ -76.695288624972036, 3.343607079971527 ], [ -76.695357095343567, 3.34369304085266 ], [ -76.695416989497431, 3.343761908615425 ], [ -76.695536845567631, 3.343890955716475 ], [ -76.695665273258214, 3.343985528823381 ], [ -76.695810856202741, 3.344114572049328 ], [ -76.695956361902233, 3.344183359775414 ], [ -76.696084787519752, 3.344260766701856 ], [ -76.696247446341275, 3.344346788767818 ], [ -76.696298835490708, 3.344424204490819 ], [ -76.696418688330667, 3.344518848705814 ], [ -76.696504243055443, 3.34463928145093 ], [ -76.696615592645969, 3.344742545090215 ], [ -76.696744022732105, 3.34485435379793 ], [ -76.696855301924288, 3.344966164768591 ], [ -76.696949426126267, 3.345034958264221 ], [ -76.697095008129054, 3.345146834265238 ], [ -76.697240518177765, 3.345258643346975 ], [ -76.697475956104881, 3.345628560453325 ], [ -76.697535924812371, 3.345740377286277 ], [ -76.697553025392722, 3.345921073664088 ], [ -76.69756161803042, 3.346084463544985 ], [ -76.697561635028137, 3.346239378205157 ], [ -76.697664418131353, 3.34642861228081 ], [ -76.697724319581255, 3.346566283639262 ], [ -76.697809943534608, 3.346669479602658 ], [ -76.697878416551148, 3.346772676952928 ], [ -76.697929806615079, 3.346858711365322 ], [ -76.698006854049751, 3.346953360662408 ], [ -76.698049670655863, 3.347048013639828 ], [ -76.698092492302919, 3.34718561673622 ], [ -76.698152459645115, 3.347288886184144 ], [ -76.698212358363634, 3.347400702987533 ], [ -76.698340792753996, 3.347538366003498 ], [ -76.698434985281565, 3.347589922687919 ], [ -76.698537682278825, 3.347624312549028 ], [ -76.698708919549233, 3.34774480588823 ], [ -76.69882019799077, 3.347839379977672 ], [ -76.698922975129662, 3.347968428049415 ], [ -76.69900852629425, 3.348045839920791 ], [ -76.699145540118238, 3.34822652276877 ], [ -76.699239750035161, 3.348432994033573 ], [ -76.699299644752301, 3.348501790120201 ], [ -76.699318700084518, 3.348549650045409 ], [ -76.699385280350015, 3.348716880858121 ], [ -76.699453753020705, 3.348811460221421 ], [ -76.699513719283601, 3.348897492932375 ], [ -76.69960472498795, 3.348972282463511 ], [ -76.699607915802687, 3.348974904024607 ], [ -76.6996763891933, 3.349078172676612 ], [ -76.699736288204136, 3.34918998938392 ], [ -76.699813340218597, 3.34932758775137 ], [ -76.699856156445307, 3.349413622773957 ], [ -76.699907549068513, 3.349516892826049 ], [ -76.699941806079735, 3.349749154820004 ], [ -76.699941823469246, 3.34990399895307 ], [ -76.699993224159812, 3.350076072741542 ], [ -76.700070287233132, 3.350308329353473 ], [ -76.700087451198101, 3.350428770181948 ], [ -76.700078894225811, 3.350592232905477 ], [ -76.700078905175687, 3.350686891170788 ], [ -76.700113157140933, 3.350876132510538 ], [ -76.700173131643041, 3.351030969825088 ], [ -76.700207377164205, 3.351160025293686 ], [ -76.70024162404016, 3.351306318316291 ], [ -76.700275865991301, 3.351400901384697 ], [ -76.700310112214538, 3.351538575627215 ], [ -76.700331357105114, 3.351692498888872 ], [ -76.700388596209535, 3.351899398393109 ], [ -76.700491594577969, 3.352117876470771 ], [ -76.700547458025341, 3.352270228911277 ], [ -76.700571679327595, 3.352336287450131 ], [ -76.70056024983532, 3.352589181844146 ], [ -76.700537420467739, 3.35271563138099 ], [ -76.700491680142974, 3.352876626376184 ], [ -76.700388774361656, 3.353037478484161 ], [ -76.700388723092885, 3.353037557158753 ], [ -76.70028583858587, 3.353152486139594 ], [ -76.700285762126683, 3.353152572052502 ], [ -76.700125673145195, 3.353428442108257 ], [ -76.700102807668017, 3.353865355712685 ], [ -76.700091442245196, 3.354060748772068 ], [ -76.70009145272445, 3.354152722485317 ], [ -76.700102867249569, 3.354394170882771 ], [ -76.700182939533278, 3.354509093270773 ], [ -76.700320232238539, 3.354658552267763 ], [ -76.700411756327767, 3.354716042582951 ], [ -76.700526197744594, 3.354808002752905 ], [ -76.700617721860411, 3.35486549395244 ], [ -76.700743553299546, 3.354980410327602 ], [ -76.700846547265229, 3.355152831435086 ], [ -76.70101814478538, 3.355325244921183 ], [ -76.701132523110871, 3.35547470634695 ], [ -76.701201218310644, 3.355670160143734 ], [ -76.701246996473131, 3.355842588474029 ], [ -76.701475831718398, 3.356210456942805 ], [ -76.70156736209502, 3.356325377935216 ], [ -76.70161313216478, 3.356428860548395 ], [ -76.70172751892018, 3.356647267602016 ], [ -76.70175044787419, 3.356773711149158 ], [ -76.701750480141911, 3.357061147200195 ], [ -76.701727580677044, 3.357187595874859 ], [ -76.701716144188055, 3.357371545487376 ], [ -76.701636106144903, 3.357567016766269 ], [ -76.701601823914743, 3.357739454918217 ], [ -76.701601839423432, 3.357877415036096 ], [ -76.70160186070342, 3.358061363366809 ], [ -76.701681944132488, 3.358268259341753 ], [ -76.701716265626473, 3.358440688930541 ], [ -76.701750652755877, 3.358578645202947 ], [ -76.701716297910508, 3.358728124981577 ], [ -76.701647773793553, 3.358842954421926 ], [ -76.701647708135084, 3.358843064746122 ], [ -76.701544742183046, 3.358923536851608 ], [ -76.701361720091967, 3.359038561692941 ], [ -76.701150188792127, 3.359251196053074 ], [ -76.701150100636809, 3.359251284680857 ], [ -76.701104352883817, 3.359343264382937 ], [ -76.701058606640615, 3.359458201569627 ], [ -76.701024315781666, 3.359550179994157 ], [ -76.701001484245552, 3.359665114631226 ], [ -76.700978582540358, 3.359780119808214 ], [ -76.700932835963414, 3.359883613508912 ], [ -76.700910022539404, 3.360136511877913 ], [ -76.700852924531304, 3.360216822386665 ], [ -76.700852812995194, 3.360216975216639 ], [ -76.700795639459656, 3.360331925410601 ], [ -76.70079560978013, 3.360331985093042 ], [ -76.700669804776368, 3.360458446035523 ], [ -76.700521087401611, 3.360607868791077 ], [ -76.70037243414545, 3.360699859817284 ], [ -76.700223710684568, 3.360791851737687 ], [ -76.70014372814687, 3.360860816185423 ], [ -76.70014365708073, 3.360860876779866 ], [ -76.700052159140029, 3.361033321173865 ], [ -76.700017868139582, 3.361125298657826 ], [ -76.699972121697414, 3.361240235792132 ], [ -76.699937793778915, 3.361332124669154 ], [ -76.699937760505918, 3.36133221419065 ], [ -76.699834863151892, 3.36140124171344 ], [ -76.699686129059899, 3.361401259836369 ], [ -76.699571770250401, 3.361435745662946 ], [ -76.699411581614427, 3.361458793012254 ], [ -76.699308678230011, 3.36147024863519 ], [ -76.699228551941118, 3.361516244695437 ], [ -76.699137050566733, 3.361596780388589 ], [ -76.699068557763823, 3.361688556305075 ], [ -76.699068449824011, 3.36168869737964 ], [ -76.699022729655468, 3.361780620011905 ], [ -76.699022701774567, 3.361780676077176 ], [ -76.698908367406261, 3.361895606156025 ], [ -76.698908281949173, 3.36189569207051 ], [ -76.698839695216762, 3.362045175461165 ], [ -76.698748240685546, 3.36224048859731 ], [ -76.698748198415288, 3.362240578120453 ], [ -76.698633845118295, 3.362321050238485 ], [ -76.698507969430239, 3.362447582338933 ], [ -76.698382161503588, 3.362551014964445 ], [ -76.698244899256949, 3.362688991738039 ], [ -76.698061872566896, 3.362769542641216 ], [ -76.697890302784117, 3.362850021746655 ], [ -76.697775944924558, 3.362896022267989 ], [ -76.697672977070084, 3.36296497904241 ], [ -76.697570006860872, 3.363010978319025 ], [ -76.697444199127304, 3.363091450620511 ], [ -76.697364249403719, 3.363194816699104 ], [ -76.697364146860309, 3.363194949634724 ], [ -76.69731839886272, 3.363298443161352 ], [ -76.697261199467306, 3.363447853790941 ], [ -76.697181196175165, 3.363608772719904 ], [ -76.697181155702509, 3.363608853200703 ], [ -76.697032433845081, 3.363723802107765 ], [ -76.696895170996498, 3.363850335206266 ], [ -76.696666390308323, 3.363988250981521 ], [ -76.696529286612034, 3.364114701715924 ], [ -76.696529197555066, 3.364114784014088 ], [ -76.696494839436269, 3.364241234685651 ], [ -76.696380499391012, 3.364448153547368 ], [ -76.696243246782785, 3.364678103744734 ], [ -76.696140288815087, 3.364839104593255 ], [ -76.696071725249737, 3.365206937985076 ], [ -76.696071742358299, 3.36536792702086 ], [ -76.696060308003837, 3.365574834051504 ], [ -76.696031741912194, 3.365971483945276 ], [ -76.696008917530648, 3.366155434688749 ], [ -76.695940284192588, 3.366385326047256 ], [ -76.695940268906469, 3.366385376684947 ], [ -76.695791617835596, 3.366511840295681 ], [ -76.695528457107059, 3.366557857143952 ], [ -76.695368450558661, 3.366764657709915 ], [ -76.695368355210604, 3.36676478069786 ], [ -76.695162492497374, 3.366960263735015 ], [ -76.694888073421737, 3.36725906258256 ], [ -76.694887971773923, 3.367259176529672 ], [ -76.694693491225536, 3.367328213070396 ], [ -76.694602070870403, 3.367454551165387 ], [ -76.694601979120407, 3.36745467053582 ], [ -76.694524115159638, 3.36754760792272 ], [ -76.694419062071375, 3.367672996381195 ], [ -76.694418966721827, 3.367673112135491 ], [ -76.694406715695052, 3.367705976407201 ], [ -76.694406668932018, 3.367706102098735 ], [ -76.694350382360355, 3.367857067599384 ], [ -76.694293193670973, 3.368121480681386 ], [ -76.694287529256442, 3.368391681122875 ], [ -76.694287541533257, 3.36850661322691 ], [ -76.694241799584759, 3.36866760792071 ], [ -76.694173146079947, 3.368863007768561 ], [ -76.694070192812788, 3.3690699957011 ], [ -76.69402444762963, 3.369207961466624 ], [ -76.693910106538056, 3.369414880030666 ], [ -76.693830061549605, 3.36956436424651 ], [ -76.693738563126388, 3.36975976551857 ], [ -76.69373858644505, 3.369978186246885 ], [ -76.693750053441576, 3.370070158774745 ], [ -76.693750075642484, 3.370277135119118 ], [ -76.693807252405435, 3.370564494739315 ], [ -76.693772968240779, 3.37072548822416 ], [ -76.693784448622338, 3.37094390686252 ], [ -76.693818771563983, 3.371139364750346 ], [ -76.693773023989635, 3.371254302489969 ], [ -76.693715823665016, 3.371403783432938 ], [ -76.693658692590347, 3.37155319473689 ], [ -76.693612947058625, 3.371725702503859 ], [ -76.693567210497577, 3.371898142452431 ], [ -76.693555771316923, 3.372070577055263 ], [ -76.693601552447078, 3.372277478151745 ], [ -76.693624422882479, 3.372518924538932 ], [ -76.693647360101011, 3.372725827987936 ], [ -76.693647376875219, 3.37288681702369 ], [ -76.693647391377482, 3.373024778045679 ], [ -76.693647404744041, 3.373151225060786 ], [ -76.693635962176316, 3.373289186362683 ], [ -76.693635980077858, 3.373461619782379 ], [ -76.693624548613442, 3.373703070612615 ], [ -76.693567429646379, 3.373967484542213 ], [ -76.69355599589268, 3.374185905549467 ], [ -76.693590321196893, 3.374404321836387 ], [ -76.693636095668765, 3.374542278135812 ], [ -76.693727628089093, 3.374668713890953 ], [ -76.693784860823499, 3.374818183004888 ], [ -76.693876411021222, 3.375105608685483 ], [ -76.693922192394083, 3.375312509766544 ], [ -76.693922219229151, 3.375565401988375 ], [ -76.693922229236009, 3.375657376605778 ], [ -76.693910795803035, 3.375887312528556 ], [ -76.693865061231406, 3.376117251999383 ], [ -76.693819322331819, 3.376312719974653 ], [ -76.693807879774226, 3.37645068127862 ], [ -76.693807896594009, 3.376611600691435 ], [ -76.69379653762266, 3.376876008997569 ], [ -76.693682142308404, 3.377243917486738 ], [ -76.693642200229931, 3.377743985672893 ], [ -76.693653600586174, 3.377870501139563 ], [ -76.693653612845836, 3.377985433243595 ], [ -76.693653633972502, 3.378180895581085 ], [ -76.693642271783503, 3.378422275871762 ], [ -76.693585072215271, 3.378583271717852 ], [ -76.69351641231691, 3.378721239825346 ], [ -76.693470667799929, 3.378870649948036 ], [ -76.693310601213071, 3.37915805455628 ], [ -76.693310574229855, 3.379158103387669 ], [ -76.693161931748776, 3.379284497865604 ], [ -76.693161850785359, 3.379284566599068 ], [ -76.693116109360432, 3.379457004718263 ], [ -76.692990310988804, 3.379675509787183 ], [ -76.6928873532746, 3.379859398146298 ], [ -76.692853074356378, 3.380077892913503 ], [ -76.692841631645578, 3.380215855109988 ], [ -76.692784501122162, 3.380376780368106 ], [ -76.69267009066408, 3.380606727713232 ], [ -76.692601510365904, 3.380825156352153 ], [ -76.692441418933399, 3.381020532851549 ], [ -76.692441335276499, 3.381020635040619 ], [ -76.692338484620294, 3.381169992149833 ], [ -76.692338444142777, 3.381170050929769 ], [ -76.692189766171026, 3.381296545627333 ], [ -76.692189720291609, 3.38129658451597 ], [ -76.692086791295509, 3.381445953366581 ], [ -76.692086757113543, 3.381445997678264 ], [ -76.691915284139981, 3.381606919117665 ], [ -76.691915191482963, 3.381607005937014 ], [ -76.691720807018342, 3.381779374051133 ], [ -76.691720712561832, 3.381779460870788 ], [ -76.691446341860058, 3.382043810728065 ], [ -76.691446252802365, 3.382043900259302 ], [ -76.691331844071044, 3.382296804929723 ], [ -76.691228888932926, 3.382503792553838 ], [ -76.691171768924121, 3.38276820633912 ], [ -76.691171789602734, 3.382963668676575 ], [ -76.691171806042661, 3.383124587185164 ], [ -76.691194669810614, 3.38330853321951 ], [ -76.691269063108706, 3.383544181753422 ], [ -76.691291925793195, 3.383716611970163 ], [ -76.691291944274496, 3.383889045389667 ], [ -76.691291958523323, 3.38402700641163 ], [ -76.69129197055419, 3.384142009042776 ], [ -76.691257680251695, 3.384256944600898 ], [ -76.69122339217175, 3.384394909075734 ], [ -76.691177643763197, 3.384509917217284 ], [ -76.691120441254881, 3.38464788399682 ], [ -76.691063311338581, 3.384820324062362 ], [ -76.691006113236639, 3.385004277239582 ], [ -76.690983216569748, 3.385188227874757 ], [ -76.690948927312647, 3.385314678332791 ], [ -76.690880358381634, 3.385452602831751 ], [ -76.690880336795601, 3.385452646236936 ], [ -76.690743068013845, 3.385556079000336 ], [ -76.690651552371421, 3.385602075472852 ], [ -76.690434221801496, 3.385717101637764 ], [ -76.690159682161919, 3.385866604041102 ], [ -76.690068243216444, 3.385981457533429 ], [ -76.690068167654459, 3.385981547966323 ], [ -76.689919439505019, 3.38607353827194 ], [ -76.689724958597466, 3.386200002774762 ], [ -76.689599223167932, 3.386349406160528 ], [ -76.689599149405183, 3.38634949568887 ], [ -76.689427657451745, 3.386579356053385 ], [ -76.689427588187797, 3.386579446485106 ], [ -76.689358999551857, 3.386740372670126 ], [ -76.689233133276062, 3.386981837452342 ], [ -76.689096009384016, 3.387165708863123 ], [ -76.689095939219797, 3.3871657965824 ], [ -76.688958752449224, 3.387303692429489 ], [ -76.68895867508617, 3.387303774724866 ], [ -76.68885578062401, 3.387430145043001 ], [ -76.688855708659958, 3.387430230954191 ], [ -76.688775659573665, 3.38756819983265 ], [ -76.688706995165376, 3.387671624667334 ], [ -76.688569741027038, 3.387936116679453 ], [ -76.688546910608252, 3.38807407993445 ], [ -76.688592684019525, 3.388200521565906 ], [ -76.688604081726794, 3.388303938552215 ], [ -76.688649854270196, 3.388430450708212 ], [ -76.688730006693859, 3.388614390276231 ], [ -76.688821542056402, 3.388763784895219 ], [ -76.688913070930653, 3.388844234710003 ], [ -76.688993144939232, 3.388959228569006 ], [ -76.689073215497999, 3.389028165489395 ], [ -76.68931347964741, 3.389085641319327 ], [ -76.689405002237137, 3.389108660298357 ], [ -76.689488937079702, 3.389161278506537 ], [ -76.689496528998589, 3.389166081138967 ], [ -76.68964520151863, 3.389212052838317 ], [ -76.689782490074435, 3.389281053653057 ], [ -76.689908319578109, 3.389349985964426 ], [ -76.68999984769971, 3.389430434770452 ], [ -76.690079988766612, 3.38951095612762 ], [ -76.690194368375572, 3.389637390857447 ], [ -76.690194379204314, 3.389740879481704 ], [ -76.690182938272386, 3.389901799132686 ], [ -76.690102898904684, 3.390131743644598 ], [ -76.690034307962904, 3.390269711487551 ], [ -76.689942801748856, 3.390419125084764 ], [ -76.689851298422113, 3.39058012411104 ], [ -76.689844833592559, 3.390594464877018 ], [ -76.68984110921086, 3.390602729874591 ], [ -76.689837525188679, 3.390610996655517 ], [ -76.689833870086744, 3.390619261640712 ], [ -76.689830286076258, 3.390627596236162 ], [ -76.689826702053892, 3.390635863017047 ], [ -76.689823188223059, 3.390644198504155 ], [ -76.689819675291773, 3.390652533086897 ], [ -76.689816161461138, 3.390660870382368 ], [ -76.689812717809772, 3.390669205856927 ], [ -76.689809275058408, 3.390677543139704 ], [ -76.689805901598845, 3.390685949128867 ], [ -76.689802457947309, 3.390694284603391 ], [ -76.689799155567172, 3.390702691484055 ], [ -76.689795782107439, 3.390711097473182 ], [ -76.689792478827599, 3.390719505258176 ], [ -76.689789176446979, 3.390727910330419 ], [ -76.689785943346664, 3.390736318102884 ], [ -76.689782710258257, 3.390744794594085 ], [ -76.68977954824949, 3.390753272880997 ], [ -76.689776385328372, 3.390761678832537 ], [ -76.689773225118515, 3.390770154406525 ], [ -76.689770062209845, 3.390778632693566 ], [ -76.689766969480473, 3.390787109159703 ], [ -76.689763946943273, 3.390795657948847 ], [ -76.689760856913153, 3.390804135318678 ], [ -76.689757834375541, 3.390812682299415 ], [ -76.689754882917555, 3.390821231075865 ], [ -76.689751932346709, 3.390829707516625 ], [ -76.689748979988906, 3.390838256293218 ], [ -76.689746027630733, 3.390846803261413 ], [ -76.689743148163799, 3.390855421647944 ], [ -76.689740336164832, 3.390863968591115 ], [ -76.68973752597789, 3.39087258786948 ], [ -76.689734713979135, 3.390881136621024 ], [ -76.689731904691513, 3.390889754090823 ], [ -76.689729162884433, 3.390898372452786 ], [ -76.68972642377669, 3.390906991718457 ], [ -76.689723753948485, 3.390915609163388 ], [ -76.689721082321086, 3.390924228417021 ], [ -76.689718412505073, 3.390932916389072 ], [ -76.68971581195683, 3.390941534725834 ], [ -76.689713212320683, 3.390950224493758 ], [ -76.689710683751329, 3.390958841913492 ], [ -76.689708153395031, 3.390967531669059 ], [ -76.689705623038677, 3.390976221424621 ], [ -76.689703164661111, 3.390984909358968 ], [ -76.689700704484352, 3.390993599102017 ], [ -76.689698246119278, 3.391002359371873 ], [ -76.689695857021675, 3.391011048198055 ], [ -76.689693538103541, 3.391019736107537 ], [ -76.689691149918161, 3.39102849726907 ], [ -76.689656853638226, 3.39113198838617 ], [ -76.689622565437091, 3.39123540987765 ], [ -76.689622576213694, 3.391338899406097 ], [ -76.689576829518188, 3.391476864957055 ], [ -76.689542540097449, 3.391614828467077 ], [ -76.689519634292154, 3.391706804449351 ], [ -76.689519354646336, 3.391707802729342 ], [ -76.689416872137457, 3.392074073801036 ], [ -76.689416693199902, 3.392074712193855 ], [ -76.689416693829813, 3.392078342532867 ], [ -76.68941671032519, 3.392235630702262 ], [ -76.689382427039419, 3.39241958151494 ], [ -76.689348137564707, 3.392557545922125 ], [ -76.689348138195385, 3.3925611816863 ], [ -76.68934815050217, 3.392683992937191 ], [ -76.689348151132876, 3.392687628701367 ], [ -76.6893481634403, 3.392810439048064 ], [ -76.689348164071191, 3.392814075716434 ], [ -76.689348180572722, 3.392971428987797 ], [ -76.689315822374837, 3.393101628736201 ], [ -76.689315868270256, 3.393101678458718 ], [ -76.689318204438337, 3.393104214307877 ], [ -76.689320280430948, 3.393105883985365 ], [ -76.689366952025352, 3.393143437719413 ], [ -76.689467185932827, 3.39318508425408 ], [ -76.689555401653735, 3.393240252426498 ], [ -76.68964052996408, 3.393350016377379 ], [ -76.689735764588249, 3.393498277294646 ], [ -76.689809160166433, 3.393576181330497 ], [ -76.689820743936082, 3.393584200371321 ], [ -76.689912157009374, 3.393647481273956 ], [ -76.690064529621466, 3.393712035244226 ], [ -76.690146545189435, 3.39374590075235 ], [ -76.690321152093617, 3.393825001905427 ], [ -76.690421383224532, 3.393901625278485 ], [ -76.690491817450848, 3.393946410971509 ], [ -76.690502663246036, 3.393953307127063 ], [ -76.690641919906525, 3.393994423025186 ], [ -76.69074215326917, 3.39406298456982 ], [ -76.690877520089316, 3.394179562453632 ], [ -76.690994722238258, 3.394276707023078 ], [ -76.69119520271019, 3.394373526479109 ], [ -76.691346090718397, 3.394462386150938 ], [ -76.691427740108892, 3.394546938020381 ], [ -76.691515914166359, 3.394675951546637 ], [ -76.691620103699563, 3.39486139383501 ], [ -76.691664168291496, 3.39498232365954 ], [ -76.69168328536179, 3.395065437349035 ], [ -76.691748250833768, 3.395292703857384 ], [ -76.691851833485018, 3.395480010677914 ], [ -76.691988724786967, 3.395647483403376 ], [ -76.692169143643582, 3.39577250718364 ], [ -76.692265376369875, 3.395816883907996 ], [ -76.692327007761818, 3.395831291040588 ], [ -76.692489944593433, 3.395869379663577 ], [ -76.692590188402121, 3.395913756533003 ], [ -76.692674383643677, 3.395974251751329 ], [ -76.692798682285712, 3.3960347668151 ], [ -76.692902922392491, 3.396107356493767 ], [ -76.69293195075349, 3.396152570873968 ], [ -76.693027164588926, 3.39630087305813 ], [ -76.693063176467092, 3.396486285070901 ], [ -76.693082932695731, 3.397163400762496 ], [ -76.693219135426205, 3.397514103840025 ], [ -76.693265919207661, 3.397603668412585 ], [ -76.693406852939745, 3.397873475073334 ], [ -76.693463037639575, 3.398005385853588 ], [ -76.693530437165265, 3.398154573736252 ], [ -76.693556685902266, 3.398212676081541 ], [ -76.693574642138032, 3.398248071103282 ], [ -76.693635852661586, 3.39836873187942 ], [ -76.69376411160745, 3.398546124931253 ], [ -76.69393139514257, 3.398778063581886 ], [ -76.694269140659429, 3.399223455774371 ], [ -76.694477606187363, 3.399417007374015 ], [ -76.694512115504637, 3.39944947970374 ], [ -76.69472615557433, 3.399650880440493 ], [ -76.694815270552581, 3.399758443292593 ], [ -76.694853907778182, 3.39980507905231 ], [ -76.694926577234696, 3.399892792427535 ], [ -76.6949606958852, 3.399954154716958 ], [ -76.695062654046268, 3.400137523720897 ], [ -76.695216126463109, 3.400341171547049 ], [ -76.695279271456101, 3.400424960636409 ], [ -76.695430465716385, 3.400653091709535 ], [ -76.695451384250561, 3.400684654175928 ], [ -76.695551807275066, 3.400836180408086 ], [ -76.695888443573054, 3.401408646757944 ], [ -76.696066458038018, 3.401861608767466 ], [ -76.696130652316398, 3.402024951311944 ], [ -76.69617644251214, 3.402174888962082 ], [ -76.696177312185597, 3.402177736108334 ], [ -76.696223102396985, 3.402327673756224 ], [ -76.696264971888226, 3.402464775284336 ], [ -76.69628891743055, 3.402730791978271 ], [ -76.696361010667999, 3.402948464257908 ], [ -76.696417084109754, 3.403117764212639 ], [ -76.696462607017025, 3.403142744088407 ], [ -76.696505297229976, 3.403166169273053 ], [ -76.696745884383873, 3.403271067238113 ], [ -76.696978451211493, 3.403375960302882 ], [ -76.697098747699201, 3.403424377431275 ], [ -76.697159173821092, 3.403447764929881 ], [ -76.697203004671636, 3.403464728500331 ], [ -76.697275163514604, 3.403537306486692 ], [ -76.697268580171666, 3.403577549772393 ], [ -76.697256543214252, 3.403651136228612 ], [ -76.697238724194975, 3.403723295133828 ], [ -76.697226932658637, 3.403771046911445 ], [ -76.697221825522476, 3.403952978939147 ], [ -76.697218786088627, 3.404061231425331 ], [ -76.697290829137359, 3.404391755199764 ], [ -76.697346876806549, 3.404625542224556 ], [ -76.697362806596487, 3.404875434082746 ], [ -76.697362697411265, 3.405125318980778 ], [ -76.697362637596044, 3.40526108553781 ], [ -76.697362619984716, 3.405302654958619 ], [ -76.69744271501412, 3.40556869552754 ], [ -76.697515623920538, 3.405712388218496 ], [ -76.697619020364598, 3.405931508513349 ], [ -76.697667014290488, 3.406237839605806 ], [ -76.697708841500472, 3.406387549160205 ], [ -76.697739089415265, 3.406495816234473 ], [ -76.697746188108837, 3.406931753086111 ], [ -76.697786913055907, 3.407189062839626 ], [ -76.69778814831497, 3.407193415399283 ], [ -76.697788859579319, 3.407195921692466 ], [ -76.69783496392003, 3.407358362399608 ], [ -76.697867076851935, 3.407435909128604 ], [ -76.697915091883772, 3.40755185581675 ], [ -76.697987159923059, 3.407834014193817 ], [ -76.698004875021496, 3.408054075441659 ], [ -76.698005676729352, 3.408064040414551 ], [ -76.698035115775554, 3.408220952366595 ], [ -76.69804285989953, 3.408318773865863 ], [ -76.698067022988809, 3.408624007179162 ], [ -76.69809185416122, 3.409167222434185 ], [ -76.698091499276487, 3.409385968743402 ], [ -76.69812272556139, 3.409774854056364 ], [ -76.698161710491945, 3.41046290950895 ], [ -76.698178201571778, 3.41075396558723 ], [ -76.698203681578534, 3.411203673489692 ], [ -76.698142292586283, 3.411491285591472 ], [ -76.69799884016669, 3.411916166971134 ], [ -76.697998743045659, 3.411916455427185 ], [ -76.698002616585683, 3.411980661523361 ], [ -76.698006132736367, 3.412038948832009 ], [ -76.698021631421724, 3.41229586273087 ], [ -76.698044568836721, 3.412491251163091 ], [ -76.698113196642097, 3.412675191190146 ], [ -76.698170439548164, 3.412882161355812 ], [ -76.698261987023628, 3.41310057038789 ], [ -76.698364990869194, 3.413307465067523 ], [ -76.698456526607444, 3.413422456887871 ], [ -76.698559450939456, 3.41354889185322 ], [ -76.698605229452653, 3.413698291393331 ], [ -76.698708228581111, 3.413859268349899 ], [ -76.698834093974327, 3.41420412061897 ], [ -76.698879894236015, 3.414549053010723 ], [ -76.698937143211396, 3.414801939007531 ], [ -76.698948637685731, 3.415123846208086 ], [ -76.699040183449554, 3.415330742062693 ], [ -76.699143135265814, 3.415687110795763 ], [ -76.699291905206735, 3.415928542405821 ], [ -76.699349148912063, 3.416146956884636 ], [ -76.699474999225345, 3.41635384804681 ], [ -76.699680911323711, 3.416526327648761 ], [ -76.699818211051976, 3.416664272713255 ], [ -76.700058498161511, 3.416848191936734 ], [ -76.700184349967216, 3.417066597916031 ], [ -76.700195818359532, 3.417158570366266 ], [ -76.700253060771715, 3.417353954968312 ], [ -76.700298836385315, 3.417480396036199 ], [ -76.700344610437682, 3.417583878710873 ], [ -76.700424690479437, 3.417710315990389 ], [ -76.700539081514009, 3.41790576479782 ], [ -76.700664931096611, 3.418101212322637 ], [ -76.700836625399091, 3.418411585948369 ], [ -76.701019627069869, 3.418629984583374 ], [ -76.701145536129999, 3.418733458317944 ], [ -76.701397211455642, 3.418917375941579 ], [ -76.701980672453004, 3.419066710757202 ], [ -76.702209488555837, 3.41913569952142 ], [ -76.702529839855373, 3.419296580213153 ], [ -76.702621384298197, 3.419480516427719 ], [ -76.70278155042277, 3.419779377000818 ], [ -76.702781566570167, 3.419917338022903 ], [ -76.702804516291664, 3.420204771484963 ], [ -76.702804550774871, 3.42049220753585 ], [ -76.702815959451854, 3.420676083154274 ], [ -76.702850346493946, 3.420779567893594 ], [ -76.702941889877039, 3.420951990070412 ], [ -76.703033425654681, 3.421055467442946 ], [ -76.703136348906867, 3.421158943521668 ], [ -76.703170666187603, 3.421273870838629 ], [ -76.703205053672619, 3.421388869572182 ], [ -76.703273686629984, 3.421595766713085 ], [ -76.703330926525993, 3.421768193643299 ], [ -76.703433928643392, 3.42194061447158 ], [ -76.703502556070788, 3.422113110629899 ], [ -76.703514032158779, 3.422262513828539 ], [ -76.703571279455161, 3.422492441155626 ], [ -76.703571293179238, 3.422607443786875 ], [ -76.703731454133546, 3.42286031779547 ], [ -76.703811537669793, 3.423009782803341 ], [ -76.703868782512941, 3.423216682098733 ], [ -76.703960318617874, 3.423320159381988 ], [ -76.704017552313601, 3.423435084050951 ], [ -76.704131943523535, 3.42361901841898 ], [ -76.704212019837229, 3.423710982077562 ], [ -76.704269256177383, 3.423848936553539 ], [ -76.704372267364732, 3.424090372602556 ], [ -76.704532440051153, 3.424435220189434 ], [ -76.704692696913384, 3.42489507036697 ], [ -76.704749890968571, 3.425262958658807 ], [ -76.704910130294024, 3.425573333770696 ], [ -76.704967306676309, 3.425791747020462 ], [ -76.705058870978789, 3.426125087501964 ], [ -76.705058892708337, 3.426309035832897 ], [ -76.705070375650038, 3.426516010855637 ], [ -76.705196237390297, 3.426791917486744 ], [ -76.705322083036606, 3.426941306559007 ], [ -76.705482302345288, 3.427079247250393 ], [ -76.705642467232948, 3.427355149854919 ], [ -76.70598575884938, 3.427688529766304 ], [ -76.706065835699235, 3.427780494172866 ], [ -76.706237442794702, 3.427918433416659 ], [ -76.706477727866471, 3.428056364612223 ], [ -76.706752323064393, 3.428240207612048 ], [ -76.707072617347706, 3.428481617019564 ], [ -76.707175614702294, 3.428608051037822 ], [ -76.707175637761409, 3.428791998464415 ], [ -76.707152812415188, 3.428964434564937 ], [ -76.707118452517889, 3.429079442140944 ], [ -76.707072710361444, 3.429240366925521 ], [ -76.707049887221316, 3.429424317030283 ], [ -76.706992697934623, 3.429677287397286 ], [ -76.706924116174164, 3.42989571707086 ], [ -76.706866929478309, 3.430171645821128 ], [ -76.706844106286425, 3.430355595920931 ], [ -76.70684413724959, 3.430608489047202 ], [ -76.706844173104898, 3.430895925098173 ], [ -76.706884284413604, 3.431821310118802 ], [ -76.706884323379981, 3.432143219471889 ], [ -76.706872941806566, 3.432764079322325 ], [ -76.706861594508467, 3.433097433484942 ], [ -76.706850163754112, 3.433315855556868 ], [ -76.706827269434498, 3.433499805670196 ], [ -76.706781531051249, 3.433695273365575 ], [ -76.706678635645432, 3.433833247328081 ], [ -76.70648414935431, 3.434005705283885 ], [ -76.706404091328451, 3.434074660325457 ], [ -76.706301124748052, 3.434212633356758 ], [ -76.706198161687382, 3.43437363619889 ], [ -76.70612956890902, 3.434500091197326 ], [ -76.70601521198914, 3.434615037504677 ], [ -76.705889323127266, 3.434695582368953 ], [ -76.705695024993886, 3.434730054687707 ], [ -76.70569488913182, 3.434730079127431 ], [ -76.70553473910185, 3.434730099483254 ], [ -76.705534686014829, 3.434730099493593 ], [ -76.705386016123057, 3.43477610399392 ], [ -76.705260122348918, 3.434822106754272 ], [ -76.705145756132794, 3.434856593250336 ], [ -76.705019940368331, 3.434971611287814 ], [ -76.70489413811454, 3.435190047405676 ], [ -76.704905543600304, 3.435339450601368 ], [ -76.7049284727687, 3.435442935681361 ], [ -76.704951339592597, 3.4356153664741 ], [ -76.704985736629794, 3.435799309938616 ], [ -76.705037210094019, 3.435942986323553 ], [ -76.705082990872, 3.436092456078926 ], [ -76.705128775589486, 3.436276398229835 ], [ -76.705151637239027, 3.436402841708934 ], [ -76.705208882434903, 3.436609811451066 ], [ -76.705288964829677, 3.436736248320829 ], [ -76.705323295732484, 3.43695466418453 ], [ -76.705323312375924, 3.437092625206641 ], [ -76.70532333778614, 3.437299531024056 ], [ -76.705392043116234, 3.437517942909779 ], [ -76.705403517606442, 3.437655902606093 ], [ -76.705403537800322, 3.43781689254601 ], [ -76.705449315205527, 3.437943333365947 ], [ -76.705437875354477, 3.438092809721303 ], [ -76.705437894644518, 3.438253728230066 ], [ -76.70544938409256, 3.438506620029786 ], [ -76.705472257690033, 3.438736552125734 ], [ -76.705506587425347, 3.438943524503072 ], [ -76.705540984722305, 3.439127467947522 ], [ -76.705575323689516, 3.439414829501816 ], [ -76.705575346554426, 3.439598776928387 ], [ -76.70557536852165, 3.439782725259329 ], [ -76.705563927363443, 3.439920686705114 ], [ -76.705552495416725, 3.440139108761524 ], [ -76.705552513437908, 3.44028858379053 ], [ -76.705541147724944, 3.44047253343539 ], [ -76.705541166646938, 3.440622008464222 ], [ -76.705506808827906, 3.440759902941318 ], [ -76.705489688086828, 3.441018590770431 ], [ -76.705489706105595, 3.441168065799437 ], [ -76.705489725432244, 3.441328985212396 ], [ -76.705455433837102, 3.441432477803356 ], [ -76.705306724772427, 3.441742889437858 ], [ -76.705089404256057, 3.442030352374561 ], [ -76.704883520941479, 3.442145309995013 ], [ -76.704666172263899, 3.442202838099448 ], [ -76.704528889796165, 3.442248841161763 ], [ -76.704368695855706, 3.442340835044442 ], [ -76.704231424673111, 3.442478812681221 ], [ -76.704117073135578, 3.442651260075492 ], [ -76.704014110168998, 3.442823705256151 ], [ -76.703934067767221, 3.443030691638555 ], [ -76.703854039196699, 3.443352539591189 ], [ -76.703739620812854, 3.443548015871328 ], [ -76.703693871444813, 3.44366295318427 ], [ -76.703625284221417, 3.443846909317348 ], [ -76.703522327527381, 3.444076856664553 ], [ -76.70347658160685, 3.444214822884822 ], [ -76.703430842147597, 3.444410290418594 ], [ -76.703430855981281, 3.444525222522708 ], [ -76.703350815910824, 3.444755167246744 ], [ -76.70328223114646, 3.444962152272996 ], [ -76.703179263932512, 3.445100124965336 ], [ -76.70303053982046, 3.445295534516122 ], [ -76.702916180933229, 3.445399036970053 ], [ -76.702733137179777, 3.445468005141042 ], [ -76.702595961494779, 3.445468020593449 ], [ -76.702595848121234, 3.445468020615179 ], [ -76.702458556116454, 3.44543356186318 ], [ -76.702287081489942, 3.445410639915337 ], [ -76.702286959115938, 3.445410626375843 ], [ -76.702161125042508, 3.445376098477979 ], [ -76.702023830886404, 3.445330128369004 ], [ -76.701875079199326, 3.445295673530595 ], [ -76.701749246068317, 3.445261211584156 ], [ -76.701589155631041, 3.445238292763525 ], [ -76.701589036855722, 3.445238276510672 ], [ -76.701440480122528, 3.445249732020328 ], [ -76.701440361351644, 3.445249739276501 ], [ -76.701337484784915, 3.445249749822444 ], [ -76.701337377709919, 3.445249749842825 ], [ -76.701108557897513, 3.445203787976889 ], [ -76.700925620023312, 3.445180866154039 ], [ -76.700925503048623, 3.445180855325926 ], [ -76.700696806192212, 3.445180882455602 ], [ -76.700696689219711, 3.445180883381981 ], [ -76.700467990925105, 3.445192419038792 ], [ -76.700467876653164, 3.445192426293992 ], [ -76.700250522349748, 3.44521540775041 ], [ -76.700090501938632, 3.445215426258769 ], [ -76.700090387665512, 3.445215427184564 ], [ -76.699884533217983, 3.445226959286511 ], [ -76.699884420745448, 3.445226965637106 ], [ -76.699667177653822, 3.445238499842248 ], [ -76.699667065180947, 3.445238504384428 ], [ -76.699506930492646, 3.445238522816009 ], [ -76.699301073885977, 3.445238545305738 ], [ -76.699300962312037, 3.445238545326737 ], [ -76.699129371280151, 3.445261523337814 ], [ -76.698946331912254, 3.445365036416166 ], [ -76.698677629056661, 3.445382296374047 ], [ -76.698677521082388, 3.445382299106879 ], [ -76.698448810905973, 3.445359307629599 ], [ -76.69844870382947, 3.445359299511908 ], [ -76.698219997032609, 3.445359326046995 ], [ -76.69821988905764, 3.445359325163001 ], [ -76.698059761736729, 3.445428358673134 ], [ -76.697922478498043, 3.445474361684518 ], [ -76.697785200154158, 3.445566351080661 ], [ -76.697625010828716, 3.445704330230037 ], [ -76.697533494859854, 3.445796314673585 ], [ -76.69746489653528, 3.445888296648108 ], [ -76.697430607602158, 3.446026261346827 ], [ -76.69739624635082, 3.446152712050656 ], [ -76.697384870493721, 3.446256130459746 ], [ -76.697304749216286, 3.446405614980644 ], [ -76.697190389907831, 3.446520630752017 ], [ -76.697064579617987, 3.446693078523301 ], [ -76.696893006218772, 3.446877046070244 ], [ -76.69679003091035, 3.446957517658332 ], [ -76.696698516865553, 3.4470610160281 ], [ -76.696618458313253, 3.447141484251295 ], [ -76.696538398531587, 3.447210438460854 ], [ -76.696469728933536, 3.447302420376631 ], [ -76.696378217239115, 3.447428877106352 ], [ -76.69626385527701, 3.447520863848149 ], [ -76.696057905628152, 3.447693391410695 ], [ -76.695920627684814, 3.447785310009926 ], [ -76.695714736368018, 3.447854348860776 ], [ -76.69553169734094, 3.447969302048028 ], [ -76.695394422031114, 3.448095834023324 ], [ -76.695302907720006, 3.448199261731431 ], [ -76.695211395791901, 3.448325719252869 ], [ -76.695114190107788, 3.448457968270707 ], [ -76.694965464776558, 3.448653447989256 ], [ -76.694816733700264, 3.448802868944554 ], [ -76.694690912563928, 3.448894856695096 ], [ -76.694542248038502, 3.44900987572395 ], [ -76.694279077192064, 3.449182338333101 ], [ -76.694164719570566, 3.449320312130835 ], [ -76.693821551792524, 3.449504297814627 ], [ -76.693592755513251, 3.449676756674438 ], [ -76.69335249466954, 3.449803229351177 ], [ -76.693272433273791, 3.449860739805588 ], [ -76.693055087762843, 3.449964251656683 ], [ -76.692757601751211, 3.450056258559546 ], [ -76.692631784658488, 3.450182718434762 ], [ -76.692517423177719, 3.45028614910924 ], [ -76.692448760888681, 3.450447146056543 ], [ -76.692437383582501, 3.450550635837752 ], [ -76.692460257720626, 3.450803525733007 ], [ -76.692460273785329, 3.450953000761865 ], [ -76.692448838579821, 3.451159908652891 ], [ -76.69242600793811, 3.451309386008021 ], [ -76.692368820509301, 3.45161978628175 ], [ -76.692288786594474, 3.451941703786236 ], [ -76.692265898003612, 3.452194599247175 ], [ -76.692277378772232, 3.452401503896988 ], [ -76.692334627884946, 3.452654460819204 ], [ -76.692449033194364, 3.452953328698708 ], [ -76.692471979950881, 3.453229247498945 ], [ -76.692460541516056, 3.453413196999448 ], [ -76.692460552929518, 3.453516684719528 ], [ -76.692460569002733, 3.453666089221251 ], [ -76.692472056862883, 3.453942010095457 ], [ -76.692494927633092, 3.45416042759219 ], [ -76.692586488759929, 3.4544823267005 ], [ -76.6926380487198, 3.45477547877328 ], [ -76.692660931275768, 3.455108898897346 ], [ -76.692660960012674, 3.455373306934422 ], [ -76.692638134921054, 3.455568771603254 ], [ -76.692626702097201, 3.45579870751018 ], [ -76.692603801211504, 3.455948114355151 ], [ -76.692558054410583, 3.456097594960161 ], [ -76.692500918825957, 3.456247075816455 ], [ -76.692420794841965, 3.456384975391017 ], [ -76.692306444055703, 3.456591964287162 ], [ -76.692077651699634, 3.456821924097268 ], [ -76.691906067469034, 3.45692535960497 ], [ -76.691745945659804, 3.457063337749551 ], [ -76.691608667440548, 3.457178356074627 ], [ -76.691517156547349, 3.457327841253616 ], [ -76.691505714432822, 3.457477246913549 ], [ -76.691505731562017, 3.457638235949275 ], [ -76.691505754215754, 3.457845142670675 ], [ -76.691494314421433, 3.458017577248424 ], [ -76.691460031237924, 3.458224557053873 ], [ -76.691414285315162, 3.458385481083482 ], [ -76.691311319670618, 3.458569439797287 ], [ -76.69104822511116, 3.458833875211306 ], [ -76.690979633360186, 3.459006316423581 ], [ -76.690899511012447, 3.45915580040357 ], [ -76.690865228814019, 3.459374224571456 ], [ -76.690830933935146, 3.459466201722861 ], [ -76.690819492859049, 3.459627122285577 ], [ -76.690819506438018, 3.459753638923597 ], [ -76.690819521160392, 3.459891599945556 ], [ -76.690819540491717, 3.460075547372094 ], [ -76.69077380450031, 3.460328445988199 ], [ -76.690750973448232, 3.460477923302975 ], [ -76.690739533764074, 3.460661871878643 ], [ -76.690728095864415, 3.460845750830909 ], [ -76.69069380438907, 3.460972271806376 ], [ -76.690648050431093, 3.461064250099604 ], [ -76.690613760079415, 3.461202214551923 ], [ -76.690545099055853, 3.461386099225081 ], [ -76.690453581879453, 3.461478082985838 ], [ -76.690339209956861, 3.461501124218569 ], [ -76.690247679247364, 3.461466660944406 ], [ -76.690133302482224, 3.461432129405203 ], [ -76.689927388445312, 3.461305749872746 ], [ -76.689927316453051, 3.461305705580076 ], [ -76.689790022844846, 3.461282761715989 ], [ -76.689641274528142, 3.461294221742531 ], [ -76.689366770904741, 3.461374780914408 ], [ -76.689183726344368, 3.461466774486796 ], [ -76.689086448381715, 3.461598952372616 ], [ -76.688983548767013, 3.461748438423767 ], [ -76.688834814830187, 3.461897929873056 ], [ -76.688766212558448, 3.461978396307996 ], [ -76.688651776876512, 3.462058868138277 ], [ -76.688537407986232, 3.462104866640468 ], [ -76.688388661780806, 3.462139355388749 ], [ -76.688262831603481, 3.462162396587682 ], [ -76.688125545305965, 3.462196887792122 ], [ -76.687942494196989, 3.462242890200018 ], [ -76.687736597000736, 3.462288898402665 ], [ -76.687564940055495, 3.462380889658426 ], [ -76.687393356595891, 3.462507354172712 ], [ -76.687198927012957, 3.462633820856312 ], [ -76.686981501380089, 3.462679830013665 ], [ -76.686821370407159, 3.462748862532465 ], [ -76.6865582507657, 3.462794876878255 ], [ -76.686398050649359, 3.462875352817682 ], [ -76.686283687952226, 3.462978852363912 ], [ -76.686100647369301, 3.46312827613064 ], [ -76.685963370716237, 3.463266251125908 ], [ -76.685871858400589, 3.463415735760686 ], [ -76.68582611024361, 3.463565215136982 ], [ -76.685757518333318, 3.463749099451619 ], [ -76.68567740026883, 3.463956084306467 ], [ -76.685620262100528, 3.464094050741672 ], [ -76.685528751833004, 3.464266493734176 ], [ -76.685402930909447, 3.464381438644356 ], [ -76.685202733543747, 3.464490669268908 ], [ -76.685065454409241, 3.464605685743527 ], [ -76.684916718346699, 3.464743661667972 ], [ -76.684687910633386, 3.464858616161937 ], [ -76.684459099646375, 3.464939169634417 ], [ -76.684161670863375, 3.464950643598105 ], [ -76.683978615651185, 3.464950661549765 ], [ -76.683761255418446, 3.464962197560186 ], [ -76.683555279786162, 3.464927746066052 ], [ -76.68334938080838, 3.464904737994033 ], [ -76.683246377053848, 3.464778301392568 ], [ -76.683246350800161, 3.464513894259873 ], [ -76.683257779514193, 3.464215012766745 ], [ -76.683349283964404, 3.463985069581859 ], [ -76.683395018851158, 3.463697628398862 ], [ -76.683486521099255, 3.463444726809933 ], [ -76.683452182370814, 3.463111307526569 ], [ -76.68329202147271, 3.462996433618753 ], [ -76.683291964777325, 3.462996389322959 ], [ -76.683120397316529, 3.462835459503945 ], [ -76.683120350519658, 3.462835418823222 ], [ -76.682697005054592, 3.462697499421697 ], [ -76.682113536807279, 3.462720585269754 ], [ -76.681861872845516, 3.462732124871686 ], [ -76.681484374425523, 3.4627321617831 ], [ -76.681072500567694, 3.462720687635027 ], [ -76.680763611343437, 3.462709203176221 ], [ -76.680466112005675, 3.462709231610605 ], [ -76.680065701424951, 3.462755257316495 ], [ -76.679699596944289, 3.462812793825548 ], [ -76.679436481906549, 3.462904792602622 ], [ -76.6792305870799, 3.462973757351781 ], [ -76.678944549837482, 3.463019771608143 ], [ -76.678669977543251, 3.463123285186241 ], [ -76.678526995933083, 3.463163493170118 ], [ -76.678401167385687, 3.463209492357417 ], [ -76.67822957756438, 3.463278524427453 ], [ -76.678149444074208, 3.463347477098175 ], [ -76.677920710961928, 3.463508487785802 ], [ -76.67772620585346, 3.463600480144031 ], [ -76.677531703589452, 3.463715429948869 ], [ -76.677302892255611, 3.463795911170103 ], [ -76.677142753556396, 3.463795925830397 ], [ -76.676982541713272, 3.46376146807759 ], [ -76.676776631845669, 3.463669513786287 ], [ -76.676593568119344, 3.463577556601497 ], [ -76.676353390595864, 3.463428205088342 ], [ -76.676353348299912, 3.463428174352682 ], [ -76.676193160804686, 3.463255724696277 ], [ -76.676193124805607, 3.463255683109249 ], [ -76.676101617225683, 3.463129288154897 ], [ -76.676101585725519, 3.463129245662936 ], [ -76.675964309135338, 3.462945353256665 ], [ -76.675964277635046, 3.462945309860503 ], [ -76.675907079129161, 3.462864898390732 ], [ -76.675907045829547, 3.462864856803253 ], [ -76.675769799250858, 3.462577434145333 ], [ -76.675666792601362, 3.462359023008224 ], [ -76.675598091020944, 3.462129094062001 ], [ -76.675495151543771, 3.461841737194892 ], [ -76.675415033164882, 3.461738295994982 ], [ -76.675415001665229, 3.46173825621558 ], [ -76.675312109175934, 3.461623370719111 ], [ -76.675312074077809, 3.461623335461262 ], [ -76.675220576925668, 3.461542845448096 ], [ -76.675220540028377, 3.461542812903119 ], [ -76.675094702925321, 3.461496837035087 ], [ -76.674865885188709, 3.461496857962891 ], [ -76.674774356963326, 3.461485423019714 ], [ -76.674648523721089, 3.461485434401281 ], [ -76.674522622141637, 3.461496889257138 ], [ -76.674396793617305, 3.461542887913915 ], [ -76.674293811089115, 3.461577440280605 ], [ -76.674190900626087, 3.461634879584235 ], [ -76.674019311731428, 3.461715425804656 ], [ -76.673836265625951, 3.461807415514648 ], [ -76.673653213852504, 3.461841904778123 ], [ -76.673515931843667, 3.46194540467225 ], [ -76.67336719733197, 3.462117852089593 ], [ -76.673241377101462, 3.462255823402147 ], [ -76.673149858175904, 3.462347805495204 ], [ -76.672966811897751, 3.462451239421656 ], [ -76.672795220877902, 3.462508756502966 ], [ -76.672635017783435, 3.462566271729905 ], [ -76.672429120678601, 3.462612276613721 ], [ -76.672268986797221, 3.462658277760829 ], [ -76.672028718083993, 3.462761716124105 ], [ -76.671685533048958, 3.462853720094742 ], [ -76.671479565640112, 3.462888284016565 ], [ -76.671273665689839, 3.462922771930712 ], [ -76.67101055072618, 3.463026282380206 ], [ -76.670896109769288, 3.463060764762105 ], [ -76.670758823647702, 3.463129722237187 ], [ -76.670552931793921, 3.463244742940834 ], [ -76.670449953466786, 3.4633252107679 ], [ -76.670369893224901, 3.463428705695693 ], [ -76.670266917587924, 3.463555160811743 ], [ -76.670164010293774, 3.463658586987653 ], [ -76.670038118325891, 3.463785115311262 ], [ -76.669775002983073, 3.463888555795466 ], [ -76.669672092015418, 3.463946066040698 ], [ -76.66953481018092, 3.46404956535911 ], [ -76.669363226722055, 3.464210499013189 ], [ -76.669191567665393, 3.464302487851969 ], [ -76.669042897755773, 3.464417502888333 ], [ -76.66888269945305, 3.464543962277515 ], [ -76.668642507218621, 3.464716415999363 ], [ -76.668516611349702, 3.464808400292415 ], [ -76.668104821925752, 3.46498086884003 ], [ -76.667761573434632, 3.465170566856447 ], [ -76.66769865965621, 3.465205115009405 ], [ -76.667618598088453, 3.465297095698345 ], [ -76.667561382672943, 3.465377559741962 ], [ -76.667515625413799, 3.465458022913491 ], [ -76.667458481041677, 3.465550001851096 ], [ -76.667366967358191, 3.465722442188886 ], [ -76.667286842528711, 3.465894882566872 ], [ -76.667264005962792, 3.466021401829777 ], [ -76.667206795694256, 3.466170810647283 ], [ -76.667126734001769, 3.46626279129474 ], [ -76.66701229773571, 3.466366288530966 ], [ -76.666897929891107, 3.466446757728871 ], [ -76.666737794238117, 3.466481243032186 ], [ -76.666623357904669, 3.466584741125731 ], [ -76.666520377131519, 3.466653694519898 ], [ -76.666463235190179, 3.466780216322359 ], [ -76.6664060221743, 3.466895152693972 ], [ -76.666303046555839, 3.467021608284158 ], [ -76.666211532532884, 3.467194048510559 ], [ -76.666131473244931, 3.467320571998853 ], [ -76.66599419482975, 3.467481502497941 ], [ -76.665834072689591, 3.467688421068174 ], [ -76.665673882007752, 3.467918368540029 ], [ -76.665422224175003, 3.468021877498545 ], [ -76.665124794211167, 3.468033416027483 ], [ -76.664850210502621, 3.468033437889933 ], [ -76.664564165181361, 3.467998988108677 ], [ -76.664369647766392, 3.467964460189209 ], [ -76.664095131763958, 3.467930009425114 ], [ -76.663831931872878, 3.467884043771937 ], [ -76.663477275208194, 3.467838084578684 ], [ -76.663317129233391, 3.467746123194569 ], [ -76.663134071018945, 3.467711664730938 ], [ -76.662962466830237, 3.467631219013985 ], [ -76.662699333255674, 3.467516236809738 ], [ -76.66250480778578, 3.46737829041145 ], [ -76.662390434162887, 3.467205894873124 ], [ -76.662390417962129, 3.467205866845527 ], [ -76.662333198269252, 3.467067942395259 ], [ -76.662333184767377, 3.467067910750484 ], [ -76.662264496819375, 3.466838015197985 ], [ -76.662264487816174, 3.466837980839955 ], [ -76.662241630563557, 3.466642625892902 ], [ -76.662241626059256, 3.466642590630006 ], [ -76.662115785661015, 3.466550626637853 ], [ -76.661909808755681, 3.466504655538555 ], [ -76.661738210614828, 3.466493154395545 ], [ -76.661566614183144, 3.466493167228249 ], [ -76.661372099595511, 3.466493182523864 ], [ -76.661200504765503, 3.466516224208318 ], [ -76.660874462372249, 3.46650473401207 ], [ -76.660565568206351, 3.466435741668526 ], [ -76.660233757631687, 3.466378336224821 ], [ -76.659993544337752, 3.466297824106515 ], [ -76.659810481715127, 3.466205863686973 ], [ -76.659444368357654, 3.466182932681579 ], [ -76.659112558828767, 3.466125456318923 ], [ -76.659100186314902, 3.466124538558407 ], [ -76.659091258312841, 3.466123903308062 ], [ -76.659082260136046, 3.466123339499197 ], [ -76.659073261969382, 3.466122845313186 ], [ -76.659064263813121, 3.46612242255842 ], [ -76.659055265666993, 3.466122069426507 ], [ -76.659046267531252, 3.466121787725836 ], [ -76.659037269395526, 3.466121506025081 ], [ -76.659028271280306, 3.466121365378509 ], [ -76.6590192731651, 3.466121224731852 ], [ -76.65901027506014, 3.466121154612243 ], [ -76.659001276965427, 3.466121155019683 ], [ -76.658992278881115, 3.466121226858364 ], [ -76.658983280806908, 3.466121368319903 ], [ -76.658974282743088, 3.466121581212682 ], [ -76.658965284679269, 3.466121794105376 ], [ -76.658956356820937, 3.466122147137833 ], [ -76.658947358777596, 3.466122501084626 ], [ -76.6589383607445, 3.466122925558468 ], [ -76.658929362721778, 3.466123421463551 ], [ -76.658920364709161, 3.466123986991491 ], [ -76.658911436891913, 3.466124623036254 ], [ -76.658902438899887, 3.466125330522486 ], [ -76.658893440008057, 3.466126038008762 ], [ -76.658884512221491, 3.466126885634675 ], [ -76.658875514249928, 3.466127734174919 ], [ -76.658866586473707, 3.466128653231992 ], [ -76.658857658707731, 3.466129642816113 ], [ -76.658848730951959, 3.466130702927286 ], [ -76.658839803206419, 3.466131833565509 ], [ -76.658830875471239, 3.466133035634975 ], [ -76.658821947735888, 3.466134236800164 ], [ -76.658813020021142, 3.466135579923729 ], [ -76.658804163391167, 3.466136922132672 ], [ -76.658795235686597, 3.466138335783205 ], [ -76.658786378177382, 3.466139819950574 ], [ -76.658777520678356, 3.466141374644994 ], [ -76.658768663189548, 3.466142999866465 ], [ -76.658759805700839, 3.46614462599205 ], [ -76.65875101841759, 3.466146392257412 ], [ -76.65874216094916, 3.466148158532903 ], [ -76.658733373676199, 3.466149996229431 ], [ -76.658724587313245, 3.466151904452879 ], [ -76.658715800060676, 3.466153883203513 ], [ -76.658707012818169, 3.466155931577003 ], [ -76.6586982957609, 3.466157980844399 ], [ -76.658689508539055, 3.466160172080385 ], [ -76.658680792401981, 3.466162362401756 ], [ -76.658672075375279, 3.466164623250314 ], [ -76.658663358358908, 3.466166955530118 ], [ -76.658654712437524, 3.466169357422448 ], [ -76.658646065616438, 3.466171760219023 ], [ -76.658637418815744, 3.466174304069788 ], [ -76.658628772914682, 3.466176847016149 ], [ -76.658620196309272, 3.466179461383688 ], [ -76.658611550428702, 3.466182146288354 ], [ -76.65860297384377, 3.4661849026142 ], [ -76.65859446835384, 3.466187728552576 ], [ -76.658585891789116, 3.466190625028342 ], [ -76.658577386309432, 3.466193522397893 ], [ -76.65856888083978, 3.46619648939031 ], [ -76.658560444665781, 3.466199527803909 ], [ -76.658552009401731, 3.466202636744438 ], [ -76.658543574147856, 3.466205816212025 ], [ -76.658535138893924, 3.466208995679538 ], [ -76.658526772935502, 3.466212245664045 ], [ -76.65851840788703, 3.466215566175482 ], [ -76.65851004284886, 3.466218958118173 ], [ -76.658501677820723, 3.46622241968373 ], [ -76.658493382987999, 3.466225952670348 ], [ -76.658485158340241, 3.466229484742509 ], [ -76.658476863517606, 3.466233088256117 ], [ -76.658468638890284, 3.466236762286596 ], [ -76.65846048445826, 3.466240506833947 ], [ -76.65823167396421, 3.466366969864673 ], [ -76.658094390401729, 3.466481911913214 ], [ -76.657991411445565, 3.466573893300259 ], [ -76.65786558222328, 3.466631403773487 ], [ -76.657716835724912, 3.466688915731427 ], [ -76.657327882958441, 3.466757889490735 ], [ -76.657133365319538, 3.466711916609581 ], [ -76.656881696117296, 3.466677461379337 ], [ -76.656664335316066, 3.466677477181248 ], [ -76.656378292175248, 3.466665983325443 ], [ -76.65596072733338, 3.466723514423567 ], [ -76.655560314621056, 3.466781043804436 ], [ -76.655125600216437, 3.466896005953318 ], [ -76.654942547520491, 3.466942005617129 ], [ -76.654690814809754, 3.466999524433411 ], [ -76.654519224029144, 3.467091510610083 ], [ -76.654336173592739, 3.467160467643443 ], [ -76.654153121524303, 3.467217982066129 ], [ -76.654152238848027, 3.467218251640109 ], [ -76.654140397848991, 3.467221867369148 ], [ -76.654131751926656, 3.467224411178762 ], [ -76.654123105094556, 3.467226884461291 ], [ -76.654114459162216, 3.467229357743613 ], [ -76.654105742124898, 3.46723168907739 ], [ -76.654097025087538, 3.467234020411088 ], [ -76.654088308040357, 3.467236282121765 ], [ -76.654079591873042, 3.467238401873774 ], [ -76.654072001338861, 3.46724030898187 ], [ -76.654070874815773, 3.467240592152963 ], [ -76.654069838267915, 3.467240833718481 ], [ -76.65406208755347, 3.46724264138767 ], [ -76.654053300281234, 3.467244620095161 ], [ -76.654044513908758, 3.467246598802444 ], [ -76.654035726616556, 3.467248435551312 ], [ -76.654026939324424, 3.467250273204291 ], [ -76.654018081837052, 3.467252039435723 ], [ -76.654009224339731, 3.46725373513994 ], [ -76.654000437017856, 3.467255361211272 ], [ -76.653992758232107, 3.467256770120216 ], [ -76.653991579510588, 3.46725698638819 ], [ -76.653990380091045, 3.467257185479382 ], [ -76.653982651798316, 3.467258470520616 ], [ -76.653973795171055, 3.467259954642973 ], [ -76.65396493763393, 3.467261367334046 ], [ -76.653956009891928, 3.467262639884819 ], [ -76.65394708214977, 3.467263911531316 ], [ -76.653938154407726, 3.467265184081922 ], [ -76.653929226645758, 3.467266314673982 ], [ -76.653920298873899, 3.467267374738824 ], [ -76.653912548034697, 3.467268295392453 ], [ -76.653911370202323, 3.467268435707903 ], [ -76.653910277848027, 3.467268547981334 ], [ -76.653902443310486, 3.467269354718183 ], [ -76.653893515518675, 3.467270272824311 ], [ -76.653884517531893, 3.467271121317269 ], [ -76.653875589720414, 3.467271899273154 ], [ -76.653866591713708, 3.467272605807479 ], [ -76.653857592797436, 3.467273242718906 ], [ -76.653848664966048, 3.467273878716076 ], [ -76.653839666929684, 3.467274373668745 ], [ -76.653830668893448, 3.467274869525522 ], [ -76.653822658832723, 3.467275247698365 ], [ -76.653821670847194, 3.467275293950885 ], [ -76.653820508298296, 3.467275339323703 ], [ -76.653812672791048, 3.46727564784903 ], [ -76.653803674724927, 3.467275930315761 ], [ -76.653794676649028, 3.467276143159467 ], [ -76.653785678563267, 3.467276285475954 ], [ -76.653776680467516, 3.467276356361028 ], [ -76.65376768237175, 3.467276427246016 ], [ -76.653758684256388, 3.467276357980845 ], [ -76.653751059253295, 3.467276298469166 ], [ -76.65374968614087, 3.467276287811395 ], [ -76.653748634260069, 3.46727627168341 ], [ -76.653740688015517, 3.467276147114725 ], [ -76.653731689880303, 3.467275935890837 ], [ -76.653722691735084, 3.467275653235535 ], [ -76.653713763765367, 3.467275300947368 ], [ -76.653704765600565, 3.467274878141823 ], [ -76.653695767435636, 3.467274454431998 ], [ -76.653686769250996, 3.467273889667819 ], [ -76.653677771066498, 3.46727332580775 ], [ -76.653669982228777, 3.467272771724241 ], [ -76.653668843057247, 3.467272690506431 ], [ -76.65366775067524, 3.467272604761093 ], [ -76.653659844852925, 3.46727198468773 ], [ -76.653650916823977, 3.467271208331975 ], [ -76.653641918599959, 3.467270361458835 ], [ -76.653632991451005, 3.467269443144324 ], [ -76.653623993217167, 3.467268525743881 ], [ -76.653615065148728, 3.467267466375059 ], [ -76.65360613708043, 3.467266407910347 ], [ -76.653597209002172, 3.467265278014223 ], [ -76.653589412897105, 3.467264230241124 ], [ -76.653588280914093, 3.467264077590881 ], [ -76.653587109337266, 3.467263909574883 ], [ -76.653579423901192, 3.467262806630365 ], [ -76.653570495793431, 3.467261465152588 ], [ -76.653561637861074, 3.467260053137765 ], [ -76.653552709743522, 3.467258641132687 ], [ -76.6535438526912, 3.467257087159109 ], [ -76.653534994739218, 3.467255534089769 ], [ -76.653526136777288, 3.467253909589019 ], [ -76.653517279705355, 3.467252214560926 ], [ -76.653509558214537, 3.467250664044839 ], [ -76.653508491909136, 3.467250449900112 ], [ -76.653507450798188, 3.467250233943469 ], [ -76.653499634817564, 3.467248613817587 ], [ -76.653490847001592, 3.467246707198147 ], [ -76.653482060085338, 3.467244799674306 ], [ -76.653473272259603, 3.467242822527571 ], [ -76.653464555499212, 3.467240704316538 ], [ -76.653455767653725, 3.467238585211178 ], [ -76.653447050893433, 3.467236466999985 ], [ -76.65343833411336, 3.467234206830251 ], [ -76.653429616423679, 3.467231876133427 ], [ -76.653422013638632, 3.467229827389104 ], [ -76.653420969819194, 3.467229546330774 ], [ -76.65340782384655, 3.467224954863901 ], [ -76.653399317533768, 3.467222059920151 ], [ -76.653390741055375, 3.467219305136214 ], [ -76.653382164567191, 3.467216479825066 ], [ -76.653373588098873, 3.467213796472302 ], [ -76.65336501164029, 3.467211182742402 ], [ -76.653356364996682, 3.467208569926431 ], [ -76.653347717463149, 3.467206027637641 ], [ -76.653339070839294, 3.467203555875781 ], [ -76.653330424225331, 3.467201154640975 ], [ -76.653321707436035, 3.467198823943037 ], [ -76.653313059932188, 3.467196493235334 ], [ -76.653304343162773, 3.467194304495696 ], [ -76.653295556208036, 3.467192114861595 ], [ -76.653286838548723, 3.467189996649057 ], [ -76.653278051613739, 3.467187948069061 ], [ -76.653269263779109, 3.467185900393304 ], [ -76.653260476863991, 3.467183993771608 ], [ -76.6532516890491, 3.467182087149955 ], [ -76.653242902153707, 3.467180321582365 ], [ -76.653234044173331, 3.467178556024623 ], [ -76.653225186202803, 3.467176860993931 ], [ -76.653216399327292, 3.467175237384557 ], [ -76.653207541366669, 3.467173612880834 ], [ -76.653198613240619, 3.467172130345295 ], [ -76.653189756199637, 3.467170647799743 ], [ -76.653180898278393, 3.467169305404309 ], [ -76.653171970172195, 3.467167964826979 ], [ -76.653163042975436, 3.467166692968187 ], [ -76.653154114888949, 3.467165493444958 ], [ -76.653145186802348, 3.467164293017451 ], [ -76.653136258735429, 3.467163233644127 ], [ -76.653127330668639, 3.467162175174914 ], [ -76.653118402611568, 3.467161186328557 ], [ -76.653109475474096, 3.467160339440453 ], [ -76.653100477251613, 3.467159492562185 ], [ -76.653091549214366, 3.467158645674037 ], [ -76.653082551011423, 3.467157938945673 ], [ -76.653073552818555, 3.467157304552745 ], [ -76.653064624810796, 3.467156669245747 ], [ -76.653055626637467, 3.467156175002724 ], [ -76.653046628464267, 3.467155681663808 ], [ -76.653037630300759, 3.467155257947749 ], [ -76.653028632147212, 3.467154905662931 ], [ -76.653019634003485, 3.467154623905162 ], [ -76.65301063585963, 3.467154341243115 ], [ -76.653001637735542, 3.467154200539444 ], [ -76.652992639611426, 3.467154059835687 ], [ -76.652983641497272, 3.467153990563173 ], [ -76.652974643392795, 3.467153990913515 ], [ -76.652965645298124, 3.467154061790905 ], [ -76.652956647213401, 3.467154204099538 ], [ -76.652947649138355, 3.467154416031025 ], [ -76.652938721258437, 3.467154699383972 ], [ -76.65292972319331, 3.467154982746617 ], [ -76.652920725137975, 3.467155336636312 ], [ -76.652911727102236, 3.467155831580189 ], [ -76.652902729066497, 3.46715632652398 ], [ -76.652893730140875, 3.46715689289914 ], [ -76.652884803199953, 3.467157458359991 ], [ -76.652875804293785, 3.467158164885054 ], [ -76.652866806297325, 3.467158942841236 ], [ -76.652857878486074, 3.467159720787555 ], [ -76.652848950684614, 3.467160569260926 ], [ -76.652597214314227, 3.467160586206802 ], [ -76.652368394316397, 3.467160601714306 ], [ -76.652367216467781, 3.467160625386811 ], [ -76.652354334817176, 3.467160884869713 ], [ -76.652345336732168, 3.46716102626836 ], [ -76.652336338637511, 3.467161098043982 ], [ -76.65232734054274, 3.467161168915324 ], [ -76.652318342438193, 3.467161169259448 ], [ -76.652309344333773, 3.467161170507679 ], [ -76.652300346229225, 3.467161170851632 ], [ -76.652291348114915, 3.467161100668366 ], [ -76.652282350000618, 3.467161030485014 ], [ -76.652273351876573, 3.467160889774443 ], [ -76.652264353752514, 3.467160749063787 ], [ -76.652255355618706, 3.467160537825912 ], [ -76.652246357484913, 3.467160326587951 ], [ -76.652238826046883, 3.467160149505932 ], [ -76.652237359351105, 3.467160115349905 ], [ -76.652236012328999, 3.467160073039536 ], [ -76.652228361207548, 3.467159833584639 ], [ -76.652219363063892, 3.467159550915095 ], [ -76.652210364910601, 3.467159198622525 ], [ -76.652201436942519, 3.467158846320142 ], [ -76.652192438779366, 3.467158422596075 ], [ -76.652183440616341, 3.467157999776116 ], [ -76.652174442453202, 3.467157576051878 ], [ -76.652165444280456, 3.467157082704615 ], [ -76.652156446107583, 3.467156588453073 ], [ -76.652147518110311, 3.467156024568781 ], [ -76.652138519927718, 3.467155459789935 ], [ -76.652129521745138, 3.467154895011003 ], [ -76.65212052355281, 3.467154259704852 ], [ -76.65211159553597, 3.467153553861761 ], [ -76.652104284504844, 3.467153038579577 ], [ -76.652102597343799, 3.467152919459634 ], [ -76.652100687923067, 3.467152753352382 ], [ -76.652093669317111, 3.467152142185047 ], [ -76.652084672014908, 3.467151436351297 ], [ -76.652075743988362, 3.467150659980736 ], [ -76.652066745766902, 3.467149813092674 ], [ -76.65205781773065, 3.467148966194809 ], [ -76.652048819509204, 3.467148119306577 ], [ -76.652039891463147, 3.467147200977215 ], [ -76.652030963417204, 3.467146283551965 ], [ -76.652021965176203, 3.467145294705016 ], [ -76.652013037120568, 3.467144306752463 ], [ -76.652004109964764, 3.4671433187997 ], [ -76.651995181899295, 3.467142259415651 ], [ -76.65198625382412, 3.467141129504383 ], [ -76.651979176699186, 3.467140290487401 ], [ -76.651977325758835, 3.46714007102436 ], [ -76.651968397673841, 3.467138869681597 ], [ -76.651959470498653, 3.467137740674147 ], [ -76.651950542413829, 3.46713654023541 ], [ -76.651941614319298, 3.467135269269455 ], [ -76.651932686234517, 3.467134068830552 ], [ -76.651923828315248, 3.467132725519199 ], [ -76.651921959372601, 3.467132461753032 ], [ -76.651914900221172, 3.467131457265575 ], [ -76.65190951923725, 3.467130605354776 ], [ -76.651905973006947, 3.467130044340699 ], [ -76.651897115088019, 3.467128702837485 ], [ -76.651888257159385, 3.467127290807055 ], [ -76.651879329935639, 3.467125808258989 ], [ -76.651870472006934, 3.467124395324198 ], [ -76.65186161405893, 3.467122842239253 ], [ -76.651852686835142, 3.467121358786742 ], [ -76.651846510387031, 3.467120275511873 ], [ -76.651843828887195, 3.46711980570163 ], [ -76.651842316267619, 3.467119528323142 ], [ -76.651834970929414, 3.467118181185107 ], [ -76.651826113871621, 3.467116557572572 ], [ -76.65181732609912, 3.467114933046184 ], [ -76.651808468131833, 3.467113238906474 ], [ -76.651799611064263, 3.467111543862364 ], [ -76.651790823272421, 3.467109778281463 ], [ -76.651781966195202, 3.467108012710053 ], [ -76.651773178403403, 3.46710624712899 ], [ -76.651764321316534, 3.467104411030281 ], [ -76.651755533515086, 3.46710257492192 ], [ -76.651746745703974, 3.467100668286344 ], [ -76.651737958792694, 3.467098761650562 ], [ -76.651729170971919, 3.467096784487689 ], [ -76.651720384051004, 3.467094807324611 ], [ -76.651713080063701, 3.467093164508471 ], [ -76.6517115962303, 3.467092830161576 ], [ -76.651707420076193, 3.467091856921257 ], [ -76.651702809299621, 3.467090781567006 ], [ -76.651694092554308, 3.46708873386686 ], [ -76.651685304714164, 3.467086614745118 ], [ -76.651676587959216, 3.467084496517677 ], [ -76.65166780011927, 3.467082378299969 ], [ -76.651662132017549, 3.467080954072574 ], [ -76.651659083354559, 3.467080188641039 ], [ -76.651384499920141, 3.467080206610456 ], [ -76.651281513023562, 3.467080213557061 ], [ -76.651121377378274, 3.467126211138259 ], [ -76.650949782854042, 3.46716069535453 ], [ -76.650812493367681, 3.467206690651115 ], [ -76.650663745242767, 3.467229729106645 ], [ -76.650469302693963, 3.467264214557254 ], [ -76.650309100361724, 3.467356198415386 ], [ -76.650148965291066, 3.467413709839456 ], [ -76.650148943698937, 3.467413734255642 ], [ -76.650034529268851, 3.467540165228721 ], [ -76.65003450677689, 3.467540189645026 ], [ -76.649931620929067, 3.467655103218716 ], [ -76.649931601137027, 3.467655131251429 ], [ -76.649862944985273, 3.467770109777459 ], [ -76.649862923393243, 3.467770135097832 ], [ -76.649737121773896, 3.467896565776868 ], [ -76.649737096581759, 3.467896584768369 ], [ -76.649657057178572, 3.467954072553691 ], [ -76.649657030186432, 3.467954088832853 ], [ -76.649565530116774, 3.468000063257046 ], [ -76.649393937346503, 3.468069019589769 ], [ -76.64927949722312, 3.46812653099707 ], [ -76.649279471131038, 3.468126549084487 ], [ -76.649268037481249, 3.468135076279601 ], [ -76.649260587740713, 3.468140235716128 ], [ -76.649260560748814, 3.468140253803666 ], [ -76.649253065086, 3.468145178155907 ], [ -76.649245332737408, 3.468149841228077 ], [ -76.649237530184237, 3.468154362351233 ], [ -76.649229656517434, 3.468158672806747 ], [ -76.649221786396993, 3.468162592649888 ], [ -76.649221572256309, 3.468162699373794 ], [ -76.649221146672417, 3.468162898354135 ], [ -76.649213418681043, 3.468166514368755 ], [ -76.649205193992003, 3.468170117791873 ], [ -76.649196828003795, 3.468173508748458 ], [ -76.649188833586564, 3.468176521701537 ], [ -76.649188392701461, 3.46817668813295 ], [ -76.649187908625152, 3.468176852761824 ], [ -76.649179887175649, 3.468179585418337 ], [ -76.649171310535976, 3.468182270227676 ], [ -76.649162594387235, 3.468184672043094 ], [ -76.649154367690784, 3.46818674014456 ], [ -76.649153877310184, 3.468186863181344 ], [ -76.649153380629429, 3.468186975368654 ], [ -76.649145090018976, 3.468188840939228 ], [ -76.64913630268974, 3.468190537492688 ], [ -76.649127374951533, 3.468191950148145 ], [ -76.649119018554728, 3.468193075192476 ], [ -76.649118447184861, 3.468193152126308 ], [ -76.649117837121878, 3.468193220023438 ], [ -76.649109519389441, 3.468194141618793 ], [ -76.649100591555793, 3.468194848098463 ], [ -76.649091593508402, 3.468195343910341 ], [ -76.649083209092069, 3.468195541255062 ], [ -76.649082595422627, 3.468195555805209 ], [ -76.649073597298781, 3.468195485591455 ], [ -76.648970611181312, 3.46819549228734 ], [ -76.648879084567824, 3.468218527246134 ], [ -76.648799020142832, 3.468264522656235 ], [ -76.648798994951278, 3.468264546168681 ], [ -76.648707497143889, 3.468367943160894 ], [ -76.648707479151554, 3.468367972097531 ], [ -76.648661736108025, 3.46845991852682 ], [ -76.648638832122927, 3.468632424659211 ], [ -76.648638839493344, 3.468747356762858 ], [ -76.648604546707233, 3.468954264492467 ], [ -76.648604525115033, 3.468954288908618 ], [ -76.648524483893482, 3.469046244475565 ], [ -76.648432956288175, 3.469069278487282 ], [ -76.648284203696917, 3.46903481525476 ], [ -76.648101142946302, 3.468965810969102 ], [ -76.64798676718074, 3.468954303272364 ], [ -76.647849477564421, 3.468988854660757 ], [ -76.647677883226635, 3.469034852292662 ], [ -76.647677857135463, 3.469034877613587 ], [ -76.647552058664033, 3.469161308002652 ], [ -76.647552035272426, 3.469161334227407 ], [ -76.647437620930759, 3.469299274373437 ], [ -76.647437601138989, 3.469299305118678 ], [ -76.647334712823792, 3.46946019939083 ], [ -76.647334686731995, 3.469460220190775 ], [ -76.647117291723291, 3.469586662743968 ], [ -76.647117262031642, 3.469586679023418 ], [ -76.646899935631083, 3.469701675325334 ], [ -76.646751257554953, 3.469747671549555 ], [ -76.646751228763563, 3.46974769144565 ], [ -76.64664827619157, 3.46980518202138 ], [ -76.646648246500504, 3.469805202821784 ], [ -76.646522447719491, 3.469897091957885 ], [ -76.6465224189281, 3.469897111853972 ], [ -76.64635085778248, 3.470012104672161 ], [ -76.646350835290974, 3.47001213360935 ], [ -76.646282180336726, 3.470127037732304 ], [ -76.646259343933167, 3.470276515784403 ], [ -76.64625932954057, 3.470276549241488 ], [ -76.646190669554571, 3.470448951961752 ], [ -76.646190649762602, 3.470448981802774 ], [ -76.646122066413383, 3.470540930226354 ], [ -76.64612204302216, 3.47054096006785 ], [ -76.646030545342029, 3.470655938623491 ], [ -76.646030526450232, 3.470655971176972 ], [ -76.645904654809513, 3.470885880036021 ], [ -76.645904632318221, 3.470885910781587 ], [ -76.645801747140439, 3.471012334297719 ], [ -76.645801729148317, 3.471012365946883 ], [ -76.645721684865464, 3.471173257031594 ], [ -76.645721664173905, 3.471173288681112 ], [ -76.645618708185623, 3.471322738392179 ], [ -76.645618682994623, 3.471322767329706 ], [ -76.645515729930224, 3.471426234241265 ], [ -76.645515698439311, 3.471426254137677 ], [ -76.645435664178194, 3.471472227559508 ], [ -76.64543563268731, 3.471472247455917 ], [ -76.645332680454203, 3.471541177751931 ], [ -76.645332649863121, 3.471541197648218 ], [ -76.645184006245842, 3.471633161039123 ], [ -76.645183973854884, 3.471633179127254 ], [ -76.645035259416261, 3.471713630305636 ], [ -76.645035232425371, 3.471713657434994 ], [ -76.645026481408081, 3.471724970049284 ], [ -76.645015653969125, 3.471738964775107 ], [ -76.644955193041511, 3.471817119474109 ], [ -76.644955175949292, 3.471817152027333 ], [ -76.644909436594531, 3.471920611378001 ], [ -76.644886526138961, 3.472035544673393 ], [ -76.644886531574258, 3.472139032393229 ], [ -76.644886539112818, 3.472265479407874 ], [ -76.64485224179549, 3.472403442206737 ], [ -76.644817950789317, 3.472644822196945 ], [ -76.644817960137502, 3.472805812136292 ], [ -76.644772210258822, 3.473035749239937 ], [ -76.644726458855658, 3.473254172334657 ], [ -76.644669241362294, 3.473392134506226 ], [ -76.64466922337057, 3.473392169772144 ], [ -76.644531964179038, 3.473645036519545 ], [ -76.644531945287369, 3.473645070881384 ], [ -76.644417601073954, 3.473852019647572 ], [ -76.644291724703223, 3.474300382477679 ], [ -76.644257437090914, 3.474610778674081 ], [ -76.644234610428171, 3.474955646678941 ], [ -76.64418886957111, 3.475346503166658 ], [ -76.644074467597548, 3.476093815437323 ], [ -76.644005870983918, 3.476358226064182 ], [ -76.644005845793572, 3.476358261331023 ], [ -76.643811370679373, 3.476657116388393 ], [ -76.643811343689137, 3.476657149847075 ], [ -76.643605481300042, 3.476887064256869 ], [ -76.643605450709927, 3.476887093195042 ], [ -76.643205082086993, 3.477254982868518 ], [ -76.643205050597373, 3.477255014519375 ], [ -76.642919053436316, 3.477553878495002 ], [ -76.642919026446123, 3.477553912857851 ], [ -76.642541578410999, 3.478082783813738 ], [ -76.642541559519643, 3.478082821792314 ], [ -76.642450059017847, 3.478289694147584 ], [ -76.642450035627277, 3.478289731222542 ], [ -76.642186883913737, 3.47866911866248 ], [ -76.642186862323015, 3.478669157545589 ], [ -76.642015301619509, 3.478979522403043 ], [ -76.642015271929921, 3.478979557670407 ], [ -76.641900934590694, 3.479094462795926 ], [ -76.641900904001034, 3.479094496255014 ], [ -76.641786494891718, 3.479232428485536 ], [ -76.641786461602351, 3.479232460136575 ], [ -76.641637821762274, 3.479358885423246 ], [ -76.641637790272782, 3.47935891888244 ], [ -76.641500535746786, 3.479519880195921 ], [ -76.641500509656794, 3.479519918175393 ], [ -76.64138609763198, 3.479692320043218 ], [ -76.641317499922792, 3.479899230968408 ], [ -76.641317467532986, 3.479899260810929 ], [ -76.641122992818978, 3.480071746062559 ], [ -76.641122961329657, 3.480071781330123 ], [ -76.640962861783265, 3.480267144623471 ], [ -76.640962828494182, 3.480267178987065 ], [ -76.640791271574784, 3.480428145449958 ], [ -76.640791243684859, 3.480428181621251 ], [ -76.640676833226792, 3.480600582499183 ], [ -76.640676802637387, 3.480600618670814 ], [ -76.640436637812513, 3.48087651771031 ], [ -76.640436603623684, 3.480876552978193 ], [ -76.640104845106237, 3.481198445373284 ], [ -76.640104807317059, 3.481198472503861 ], [ -76.639898947694874, 3.481336347293965 ], [ -76.639898909005979, 3.481336375328841 ], [ -76.639635758815174, 3.481520309669315 ], [ -76.639635718326147, 3.48152033408763 ], [ -76.639315484451515, 3.481692828397609 ], [ -76.63905229123479, 3.481807774384936 ], [ -76.638834931610432, 3.481888245811982 ], [ -76.638571810277142, 3.482003265801094 ], [ -76.638571768887928, 3.482003287506893 ], [ -76.638445978392866, 3.482072216276567 ], [ -76.638445938804168, 3.482072245215689 ], [ -76.638251468374676, 3.4822217000564 ], [ -76.638251432385943, 3.482221734420234 ], [ -76.638102792294205, 3.482382624317663 ], [ -76.638022660717311, 3.482532104739175 ], [ -76.637931141741944, 3.482739015541375 ], [ -76.637931109352948, 3.482739053521527 ], [ -76.637862532837957, 3.48281954792152 ], [ -76.637771015077533, 3.483014945605426 ], [ -76.637770979988915, 3.483014982681711 ], [ -76.637690947376925, 3.48310692196274 ], [ -76.637690910488104, 3.483106954518275 ], [ -76.637587965979179, 3.483187388938326 ], [ -76.637587929990516, 3.483187424206328 ], [ -76.637427831787477, 3.48335989903961 ], [ -76.637427798498592, 3.483359937019855 ], [ -76.637264184459141, 3.483553037828356 ], [ -76.637264147570505, 3.483553072192262 ], [ -76.636395888376029, 3.484266976379751 ], [ -76.636395846087609, 3.484267004414923 ], [ -76.635080210542881, 3.485086753461335 ], [ -76.635080165554584, 3.485086778784193 ], [ -76.634001428080182, 3.485694947984896 ], [ -76.634001381291725, 3.485694969691141 ], [ -76.632738385942304, 3.48622382365279 ], [ -76.632738337353587, 3.486223840838214 ], [ -76.631448973628508, 3.486620527443742 ], [ -76.631448924140258, 3.486620547341789 ], [ -76.630237825850699, 3.487120436911715 ], [ -76.630222723836582, 3.487126670360773 ], [ -76.629975455320732, 3.487228732653597 ], [ -76.629964629339867, 3.487235372493274 ], [ -76.629956966930862, 3.487240035400296 ], [ -76.62994930452993, 3.487244768834389 ], [ -76.629941642128927, 3.487249502268421 ], [ -76.629933979735995, 3.487254306229526 ], [ -76.62992631733475, 3.487259038759239 ], [ -76.629918654941662, 3.48726384272022 ], [ -76.629911062735204, 3.487268646673058 ], [ -76.629903400341973, 3.487273450633916 ], [ -76.629895808135359, 3.487278254586631 ], [ -76.629888215928659, 3.487283058539286 ], [ -76.629880623730045, 3.487287933019015 ], [ -76.629873031531346, 3.487292807498683 ], [ -76.629865439332562, 3.487297681978291 ], [ -76.629857847133735, 3.487302556457836 ], [ -76.629850326021327, 3.487307430929144 ], [ -76.629842733830472, 3.487312375935703 ], [ -76.629835214526139, 3.487317324550593 ], [ -76.629827689813879, 3.487322196309552 ], [ -76.629820097630926, 3.487327211843065 ], [ -76.629812646712978, 3.487332156833133 ], [ -76.62980512470844, 3.487337101831319 ], [ -76.62979760271196, 3.487342117356579 ], [ -76.629790080715495, 3.487347133785973 ], [ -76.629782629805391, 3.48735214930294 ], [ -76.629775107808669, 3.487357164828023 ], [ -76.629767655998677, 3.487362181249169 ], [ -76.629760204196643, 3.487367267293196 ], [ -76.629752753294468, 3.487372354241256 ], [ -76.629745301492278, 3.487377440285168 ], [ -76.629737849690002, 3.487382526329021 ], [ -76.629730468974287, 3.487387613268839 ], [ -76.62972301717187, 3.487392699312574 ], [ -76.629715636464141, 3.487397856779411 ], [ -76.629708254856396, 3.487403013342099 ], [ -76.62970087324868, 3.487408170808924 ], [ -76.629693492540596, 3.487413327371394 ], [ -76.629686110940867, 3.487418555365238 ], [ -76.629678730232726, 3.487423712831788 ], [ -76.629671348632712, 3.487428939921323 ], [ -76.629664038119259, 3.48743416790683 ], [ -76.629656656519202, 3.487439395900444 ], [ -76.629649346005607, 3.487444623885838 ], [ -76.62964203460011, 3.487449921494218 ], [ -76.629634724086344, 3.4874551494795 ], [ -76.62962741268079, 3.487460447991961 ], [ -76.629620172361712, 3.487465746496204 ], [ -76.629612861855719, 3.487471044104257 ], [ -76.629605620644782, 3.487476413135626 ], [ -76.629598310138746, 3.487481711647761 ], [ -76.62959106982747, 3.487487080678916 ], [ -76.629583828616276, 3.487492449710119 ], [ -76.629576588304829, 3.487497818741164 ], [ -76.629569347093479, 3.487503187772257 ], [ -76.629562176976719, 3.48750862732227 ], [ -76.629554936665031, 3.487513996353151 ], [ -76.6295477665481, 3.487519435903055 ], [ -76.629540526244384, 3.487524875460959 ], [ -76.629533355227451, 3.487530315010858 ], [ -76.629526185118408, 3.487535825087734 ], [ -76.629519015001151, 3.487541264637422 ], [ -76.629511915078766, 3.487546775610332 ], [ -76.629504744969466, 3.487552285687046 ], [ -76.629497645046811, 3.487557795755656 ], [ -76.62949047403751, 3.487563305832366 ], [ -76.629483374114798, 3.487568816805063 ], [ -76.629476274200016, 3.487574397400647 ], [ -76.629469174285134, 3.487579977996178 ], [ -76.629462074370196, 3.487585558591657 ], [ -76.629455044641986, 3.487591140083229 ], [ -76.629447944726863, 3.4875967206786 ], [ -76.629440914998398, 3.487602301265874 ], [ -76.629433885278061, 3.487607953284424 ], [ -76.629426785370811, 3.487613604406772 ], [ -76.629419755650304, 3.487619256425217 ], [ -76.629412796116341, 3.487624907531371 ], [ -76.629405766395678, 3.487630559549713 ], [ -76.629398736674929, 3.487636211568002 ], [ -76.629391777148811, 3.487641933201138 ], [ -76.629384817622636, 3.487647654834221 ], [ -76.629377858996307, 3.487653377371345 ], [ -76.629370899470061, 3.487659099908521 ], [ -76.62936393994363, 3.487664821541452 ], [ -76.629356980425314, 3.48767061460566 ], [ -76.629350020906941, 3.487676407669817 ], [ -76.629343131567097, 3.48768213019875 ], [ -76.629336243135, 3.48768792235047 ], [ -76.629329353811201, 3.487693785933573 ], [ -76.629322464479202, 3.48769957898949 ], [ -76.629315575147018, 3.487705371141164 ], [ -76.629308686722794, 3.487711234724012 ], [ -76.629301867585397, 3.487717098298877 ], [ -76.629294978261186, 3.48772296188173 ], [ -76.629288160023435, 3.487728825456394 ], [ -76.629281341793828, 3.487734760462338 ], [ -76.629276700925246, 3.487738715938266 ], [ -76.629276658637295, 3.487738751206674 ], [ -76.629274521755946, 3.487740621324528 ], [ -76.629267703526267, 3.487746557234568 ], [ -76.629260884396459, 3.487752491336275 ], [ -76.62925413635314, 3.487758425429796 ], [ -76.629247317223175, 3.487764359531404 ], [ -76.629240569179586, 3.487770292720636 ], [ -76.629233822944187, 3.487776300957718 ], [ -76.629227070400873, 3.487782230530592 ], [ -76.629227029012938, 3.487782267607283 ], [ -76.629220323265272, 3.487788236959292 ], [ -76.629213575229528, 3.48779424157966 ], [ -76.629206896480639, 3.487800246192054 ], [ -76.629200148452838, 3.48780632133946 ], [ -76.629195648865107, 3.48781034823016 ], [ -76.629193469703779, 3.487812325951759 ], [ -76.629186791862651, 3.487818401995237 ], [ -76.629180114021338, 3.487824477134474 ], [ -76.629173433480261, 3.487830550465584 ], [ -76.629173392992158, 3.48783058754217 ], [ -76.629166827625397, 3.487836627404884 ], [ -76.629160149783928, 3.487842703448174 ], [ -76.629153541237301, 3.487848849106436 ], [ -76.629146933590391, 3.487854994764549 ], [ -76.629140325935438, 3.487861070799676 ], [ -76.629133718288358, 3.487867216457697 ], [ -76.629127111549337, 3.487873434451091 ], [ -76.629120500302477, 3.48787957739685 ], [ -76.629120459814487, 3.487879615377627 ], [ -76.629113964641789, 3.487885724854893 ], [ -76.629107427189311, 3.487891941936037 ], [ -76.629100889736662, 3.487898158112943 ], [ -76.629094352284042, 3.487904375193997 ], [ -76.629087813931392, 3.487910591370916 ], [ -76.629081276478587, 3.48791680845188 ], [ -76.629074739033697, 3.487923095155739 ], [ -76.62906827176748, 3.487929312228595 ], [ -76.629061804509163, 3.487935598924347 ], [ -76.629055337250861, 3.487941886524249 ], [ -76.629048869992474, 3.487948174124107 ], [ -76.629042402733901, 3.487954460819727 ], [ -76.629036005670187, 3.487960818938615 ], [ -76.629029536611682, 3.487967104730159 ], [ -76.629029497923341, 3.487967142710726 ], [ -76.629023141347659, 3.487973464657142 ], [ -76.629016744283589, 3.487979821871707 ], [ -76.629010347219534, 3.487986179990421 ], [ -76.629003950155393, 3.487992538109094 ], [ -76.628997553990999, 3.48799889622762 ], [ -76.628991227121418, 3.488005323961133 ], [ -76.628984830065107, 3.48801175260681 ], [ -76.628978503187383, 3.488018110717298 ], [ -76.62897217631766, 3.48802453935488 ], [ -76.628965847647976, 3.488030966184234 ], [ -76.628965808059803, 3.488031004164903 ], [ -76.628964124676202, 3.488032739505389 ], [ -76.628959523485861, 3.488037467156945 ], [ -76.62895326680264, 3.488043895786389 ], [ -76.628946939940661, 3.488050394950934 ], [ -76.628940684165173, 3.488056894107328 ], [ -76.628934427481695, 3.488063322736648 ], [ -76.628928170806219, 3.48806982189306 ], [ -76.628921915038561, 3.488076391576463 ], [ -76.628915728549657, 3.488082890724787 ], [ -76.628909471882011, 3.488089460408211 ], [ -76.628905076739855, 3.488094079532714 ], [ -76.628903286292896, 3.488095960460545 ], [ -76.628902229120754, 3.488097082685933 ], [ -76.628897099811709, 3.488102529231686 ], [ -76.628890914230496, 3.488109099811073 ], [ -76.628884727749266, 3.488115669486329 ], [ -76.628878542167783, 3.488122239161441 ], [ -76.628872425881198, 3.488128879355747 ], [ -76.628866310486316, 3.488135449022776 ], [ -76.628860124012917, 3.488142090129198 ], [ -76.628854008625936, 3.488148730323282 ], [ -76.628847963425628, 3.488155370509324 ], [ -76.628841847138744, 3.488162011607626 ], [ -76.628835731759565, 3.488168722328727 ], [ -76.62882968565917, 3.488175362514756 ], [ -76.628823640466706, 3.488182074131971 ], [ -76.628817595274043, 3.488188784844954 ], [ -76.628813157868137, 3.488193658956567 ], [ -76.628811549173506, 3.488195425935061 ], [ -76.628805504888788, 3.488202208983387 ], [ -76.628799528982725, 3.488208918784165 ], [ -76.628793483789735, 3.488215629496994 ], [ -76.62878750879149, 3.488222410728922 ], [ -76.628781532885384, 3.488229122337975 ], [ -76.628778019503599, 3.488233110233984 ], [ -76.628775557887067, 3.488235904474022 ], [ -76.628773362589115, 3.488238425617111 ], [ -76.628769653075366, 3.48824268569784 ], [ -76.628763678076794, 3.488249466929618 ], [ -76.628757773265008, 3.488256249057557 ], [ -76.628751798274436, 3.488263101720587 ], [ -76.62874589346238, 3.488269882944258 ], [ -76.62873998865841, 3.488276735599221 ], [ -76.628734154041126, 3.488283588246153 ], [ -76.628728249236886, 3.488290439996848 ], [ -76.628722414619446, 3.488297292643708 ], [ -76.628716580001921, 3.488304145290532 ], [ -76.628710745392283, 3.48831106756026 ], [ -76.628706871242059, 3.488315617001581 ], [ -76.628704910774587, 3.488317920207012 ], [ -76.628703855416532, 3.488319172635915 ], [ -76.628699076164864, 3.488324843380862 ], [ -76.628693311741856, 3.488331766546686 ], [ -76.628687477131976, 3.488338689720465 ], [ -76.628681712708683, 3.488345611982025 ], [ -76.628675949185251, 3.488352535147641 ], [ -76.628670184769959, 3.488359528840459 ], [ -76.628664420346539, 3.488366452006106 ], [ -76.628658726117848, 3.488373445690867 ], [ -76.628653031889101, 3.488380439375592 ], [ -76.6286472683733, 3.488387433068169 ], [ -76.628641574144382, 3.488394426752825 ], [ -76.628635950102165, 3.488401420429462 ], [ -76.628630256772908, 3.488408414113948 ], [ -76.628625700676295, 3.488414066749256 ], [ -76.628624562551792, 3.488415478325636 ], [ -76.628623091539723, 3.488417325761417 ], [ -76.628618938517377, 3.488422542529307 ], [ -76.628613315374665, 3.488429536205706 ], [ -76.628607691340093, 3.488436600409309 ], [ -76.628602068205268, 3.488443664612777 ], [ -76.628596514365356, 3.488450799335464 ], [ -76.62859089123036, 3.488457863538865 ], [ -76.628585337390305, 3.488464998261486 ], [ -76.628579784442039, 3.488472063361034 ], [ -76.628574230601814, 3.48847919808359 ], [ -76.628568677661335, 3.488486332806012 ], [ -76.628563194007739, 3.488493467520522 ], [ -76.628557641067104, 3.48850060224288 ], [ -76.628552158313269, 3.488507737861418 ], [ -76.628546674667476, 3.488514943102968 ], [ -76.628542616133856, 3.488520224057557 ], [ -76.628541191913385, 3.48852207781725 ], [ -76.628539251269544, 3.488524627865056 ], [ -76.628535709167366, 3.488529283962827 ], [ -76.628530295708117, 3.488536489196303 ], [ -76.628524883148614, 3.488543694429646 ], [ -76.628519400402354, 3.488550900575129 ], [ -76.628513987842709, 3.48855810580841 ], [ -76.628508645477822, 3.488565381560816 ], [ -76.628503232018275, 3.488572587698332 ], [ -76.628500783054548, 3.488575880147133 ], [ -76.628497819466517, 3.488579864362849 ], [ -76.628495658408681, 3.488582806855827 ], [ -76.628492477101389, 3.488587140115164 ], [ -76.628487134736176, 3.488594415867451 ], [ -76.628481792370977, 3.488601692523901 ], [ -76.628476450005607, 3.488608968276127 ], [ -76.628471177827052, 3.488616244924542 ], [ -76.628465835469569, 3.488623591203841 ], [ -76.628460563290858, 3.488630867852199 ], [ -76.628455291120005, 3.488638214123465 ], [ -76.628450018949181, 3.488645561298898 ], [ -76.628444816965072, 3.488652908466328 ], [ -76.628442225863964, 3.488656519207424 ], [ -76.628439544793977, 3.488660254737509 ], [ -76.628437966744727, 3.488662482850847 ], [ -76.628434342809726, 3.488667601904882 ], [ -76.628429140825276, 3.488674948168032 ], [ -76.628423938848911, 3.488682365862482 ], [ -76.628418737772279, 3.488689783556802 ], [ -76.628413535787701, 3.488697130724062 ], [ -76.628408403997781, 3.488704547506263 ], [ -76.62840327220789, 3.48871196519263 ], [ -76.628398140417914, 3.48871938287897 ], [ -76.628393009527713, 3.48872680056518 ], [ -76.628387877745524, 3.488734287874405 ], [ -76.628382816142135, 3.488741705552694 ], [ -76.628379551198677, 3.488746470121703 ], [ -76.62837768435989, 3.488749193766056 ], [ -76.628375372184308, 3.488752615498754 ], [ -76.628372623664191, 3.488756681971323 ], [ -76.628367562068618, 3.488764170176666 ], [ -76.628362571559592, 3.488771658373912 ], [ -76.628357509963834, 3.4887791465792 ], [ -76.628352519454552, 3.4887866338722 ], [ -76.628347457858652, 3.488794122077434 ], [ -76.628342467357342, 3.488801680801709 ], [ -76.628337546134915, 3.488809168990962 ], [ -76.628332555633463, 3.488816727715184 ], [ -76.628330230871171, 3.48882024800635 ], [ -76.628327564232094, 3.488824286439483 ], [ -76.628325470691735, 3.488827502895206 ], [ -76.628322643917315, 3.48883184515569 ], [ -76.628317723602436, 3.488839403871872 ], [ -76.628312802387654, 3.48884696258813 ], [ -76.628307882080662, 3.488854591831394 ], [ -76.628303031952385, 3.488862150539539 ], [ -76.628298110745504, 3.488869780687049 ], [ -76.628293260617085, 3.488877339395142 ], [ -76.628288410496594, 3.488884968630345 ], [ -76.628283630562862, 3.488892597857564 ], [ -76.628278779542399, 3.488900227092819 ], [ -76.62827701169094, 3.488903007689972 ], [ -76.628273929421695, 3.488907856327947 ], [ -76.628269620021044, 3.488914797410072 ], [ -76.628269150395695, 3.488915556986319 ], [ -76.628264369561833, 3.488923186213541 ], [ -76.628259589627731, 3.488930815440638 ], [ -76.628254879888402, 3.488938515186886 ], [ -76.628250099962173, 3.488946214941069 ], [ -76.628245390222787, 3.488953915591465 ], [ -76.628240680483231, 3.488961615337643 ], [ -76.628235970743589, 3.488969315083798 ], [ -76.628231261903821, 3.488977015734022 ], [ -76.628226550364374, 3.488984715480334 ], [ -76.628221909919446, 3.488992484841504 ], [ -76.628217272166111, 3.489000185483601 ], [ -76.628212632621057, 3.489007956653012 ], [ -76.628207993075847, 3.489015726918208 ], [ -76.628203423717494, 3.489023498079619 ], [ -76.628198785071945, 3.489031268344667 ], [ -76.628194215713435, 3.489039039506035 ], [ -76.628192616123115, 3.489041760407157 ], [ -76.628189646354741, 3.489046809763186 ], [ -76.628188215902327, 3.489049263907895 ], [ -76.628185077004019, 3.48905465054745 ], [ -76.628180508545114, 3.48906242170865 ], [ -76.628176009381079, 3.489070262484917 ], [ -76.628171510209029, 3.489078033638224 ], [ -76.628167011944669, 3.489085874414346 ], [ -76.62816251278052, 3.489093716094744 ], [ -76.628158013616272, 3.489101557775121 ], [ -76.628153585538527, 3.489109398543228 ], [ -76.62814908638218, 3.489117310750696 ], [ -76.628144658304294, 3.489125151518762 ], [ -76.628140229326604, 3.489132993191105 ], [ -76.628135871443547, 3.489140905382508 ], [ -76.628131442473645, 3.48914881667775 ], [ -76.62812839446886, 3.489154301863973 ], [ -76.628127084582417, 3.48915665834198 ], [ -76.628124310075322, 3.489161695016974 ], [ -76.628122725799301, 3.489164570533425 ], [ -76.62811836791586, 3.489172481820555 ], [ -76.628114010032434, 3.489180394011858 ], [ -76.628109651257134, 3.489188376730377 ], [ -76.628105363560323, 3.4891962880095 ], [ -76.62810107586354, 3.489204200192797 ], [ -76.62809678727487, 3.489212182903311 ], [ -76.628093611542155, 3.48921809488347 ], [ -76.628092499585961, 3.489220165613704 ], [ -76.628088211888965, 3.489228077796943 ], [ -76.62808572618961, 3.489232782599918 ], [ -76.628083994386657, 3.489236059595157 ], [ -76.628079776884391, 3.489244042297547 ], [ -76.628075558482223, 3.48925202500002 ], [ -76.628071340979815, 3.489260007702371 ], [ -76.628067123485351, 3.489268060931838 ], [ -76.628062976169545, 3.489276042722015 ], [ -76.628058828861811, 3.489284095943502 ], [ -76.628054681545962, 3.489292078637837 ], [ -76.628050534238085, 3.489300131859288 ], [ -76.628046386930123, 3.489308185080719 ], [ -76.628043987613481, 3.48931288354445 ], [ -76.628042309800946, 3.489316167767056 ], [ -76.62804096755363, 3.489318819015861 ], [ -76.6280382326797, 3.489324220980511 ], [ -76.628034085379568, 3.489332344729023 ], [ -76.62803007844505, 3.489340397934501 ], [ -76.628026002223436, 3.4893484511478 ], [ -76.62802199528879, 3.489356504353244 ], [ -76.628017918175217, 3.489364628093744 ], [ -76.628013911240444, 3.489372681299153 ], [ -76.628009904313615, 3.48938080503168 ], [ -76.628005968473403, 3.489388928756147 ], [ -76.628001961546431, 3.48939705248864 ], [ -76.62798805615013, 3.489426109432674 ], [ -76.627986918133359, 3.489428488495899 ], [ -76.627495996201205, 3.490622967940603 ], [ -76.627289263806219, 3.491090403450099 ], [ -76.627134281569454, 3.491765591581586 ], [ -76.62666913295655, 3.492388799722233 ], [ -76.626462400685114, 3.492856165428625 ], [ -76.626462421996052, 3.493375513684404 ], [ -76.626410769825455, 3.493842943453436 ], [ -76.626100696339307, 3.494310312454167 ], [ -76.625790618190692, 3.494673910621333 ], [ -76.625790572303544, 3.494673951315147 ], [ -76.625170452018025, 3.495245201900385 ], [ -76.625098360264815, 3.495607342261651 ], [ -76.625067063321225, 3.495764556114373 ], [ -76.624860349154503, 3.496751269727709 ], [ -76.624602015962935, 3.497270628233911 ], [ -76.624446952262872, 3.497738061984076 ], [ -76.624136879891068, 3.49830934213011 ], [ -76.623775136508698, 3.498880625078534 ], [ -76.623413324572923, 3.499503827622255 ], [ -76.623206672903649, 3.500334778978586 ], [ -76.62299994661187, 3.501061817606742 ], [ -76.622948298546774, 3.5016850796035 ], [ -76.62294105654577, 3.501717644028131 ], [ -76.622844904182713, 3.502152440610355 ], [ -76.622689910195731, 3.502671794695735 ], [ -76.622689936813131, 3.503398896901622 ], [ -76.62270290176933, 3.504203844301781 ], [ -76.622651181053243, 3.504749119554533 ], [ -76.622754613661257, 3.505294459501657 ], [ -76.622754629176626, 3.505735892453456 ], [ -76.622806326850011, 3.506436996232731 ], [ -76.622858021671902, 3.507086180283784 ], [ -76.622858050555976, 3.507865132592254 ], [ -76.622806420682451, 3.508981748162657 ], [ -76.623013210905384, 3.509916525076142 ], [ -76.623194130821318, 3.510851303836179 ], [ -76.623361679092326, 3.511405613625868 ], [ -76.623348118257979, 3.511610824642478 ], [ -76.623266438832871, 3.511884488706952 ], [ -76.623143845410979, 3.512212899803426 ], [ -76.623130290458931, 3.512554941595546 ], [ -76.623171145213306, 3.512814968016461 ], [ -76.623225636691217, 3.513020176198377 ], [ -76.623198368628465, 3.513252795719697 ], [ -76.62318473429805, 3.513362289665452 ], [ -76.623157534026888, 3.513540162941977 ], [ -76.62308949021913, 3.513759080186176 ], [ -76.623021374720111, 3.513923251196934 ], [ -76.623035020919261, 3.514128531609397 ], [ -76.623075872160427, 3.514306402964692 ], [ -76.623089518967987, 3.514525316813984 ], [ -76.6230622508388, 3.514757937235583 ], [ -76.622994202496827, 3.514853727658968 ], [ -76.622926086907327, 3.515017898662883 ], [ -76.622885247148915, 3.515168435094719 ], [ -76.622803561716225, 3.515291563471683 ], [ -76.622803512230348, 3.515291620441233 ], [ -76.622708234756374, 3.515401058966842 ], [ -76.622708185270483, 3.515401115936388 ], [ -76.622626548101323, 3.515496778494896 ], [ -76.622626495015794, 3.515496833656437 ], [ -76.622517586474189, 3.515606276340091 ], [ -76.622435898303195, 3.515688363318427 ], [ -76.622367855985928, 3.515907281414897 ], [ -76.622337845736979, 3.516073075840947 ], [ -76.622299747009123, 3.516283585335884 ], [ -76.622204428087642, 3.516543544996496 ], [ -76.62209554390752, 3.516912998570232 ], [ -76.622013790037684, 3.51710457799182 ], [ -76.621904900592327, 3.517309863362528 ], [ -76.62190484930656, 3.517309920332223 ], [ -76.621768731058339, 3.517474034308228 ], [ -76.621768672572813, 3.517474083140938 ], [ -76.62161892543277, 3.517583535497087 ], [ -76.621469112977181, 3.517638214474464 ], [ -76.62135141956847, 3.51762133481721 ], [ -76.621278523609107, 3.517610883736981 ], [ -76.621101506843317, 3.517692973470146 ], [ -76.620951697272957, 3.517775063007786 ], [ -76.620761043880108, 3.517898266013037 ], [ -76.620760985394796, 3.517898317558267 ], [ -76.620638511885218, 3.518007692738466 ], [ -76.620638455199625, 3.518007744283497 ], [ -76.620488703556447, 3.518144527535001 ], [ -76.620488649570689, 3.518144581792324 ], [ -76.620366171156405, 3.518267656381739 ], [ -76.620298058211944, 3.518513983171015 ], [ -76.620257220107419, 3.518719195198689 ], [ -76.620202741503249, 3.518869731138079 ], [ -76.620161901916859, 3.519061309724137 ], [ -76.620093854080821, 3.519184438246217 ], [ -76.620093812689959, 3.519184463567987 ], [ -76.61995768516698, 3.51926652981435 ], [ -76.61995762038157, 3.519266572318249 ], [ -76.619875992667289, 3.519321273745243 ], [ -76.619794236269129, 3.519376027621918 ], [ -76.61979417238345, 3.519376069221518 ], [ -76.61968534151714, 3.519444409623894 ], [ -76.61968527763166, 3.519444453031875 ], [ -76.619562808121188, 3.519526569335306 ], [ -76.619562742435591, 3.519526609126691 ], [ -76.619372151844928, 3.519635994857456 ], [ -76.619372119453956, 3.519636032836975 ], [ -76.619372101458936, 3.51963605363531 ], [ -76.619290462700789, 3.519731783721661 ], [ -76.619195140653261, 3.519896027812387 ], [ -76.619099817838901, 3.520087536960553 ], [ -76.619045338436209, 3.520224369772988 ], [ -76.618990861875147, 3.520456990185499 ], [ -76.618936386895697, 3.520730652866165 ], [ -76.618807039624699, 3.520976980463099 ], [ -76.618684508958026, 3.521148004250637 ], [ -76.618548341529177, 3.521360070796449 ], [ -76.618548288443449, 3.521360129574538 ], [ -76.61834411978451, 3.521585841966311 ], [ -76.61834407299817, 3.521585904360516 ], [ -76.618201133439342, 3.521784277534984 ], [ -76.618085353628175, 3.522010047691656 ], [ -76.618051333212335, 3.522181069539512 ], [ -76.618010496745285, 3.522451340943685 ], [ -76.617990042535268, 3.522560764083031 ], [ -76.617949200124258, 3.522670257127045 ], [ -76.617901539055481, 3.522793385209932 ], [ -76.617860698710757, 3.52295762539035 ], [ -76.617813039554633, 3.523108090871046 ], [ -76.617765381187212, 3.523327007454486 ], [ -76.617731360489998, 3.52350495180042 ], [ -76.617731366531885, 3.523675971963755 ], [ -76.617792677025534, 3.523901736611031 ], [ -76.617867555374971, 3.524106944821559 ], [ -76.617969712227548, 3.524346412853788 ], [ -76.618051408453155, 3.524503797528144 ], [ -76.618139923878459, 3.524661110967852 ], [ -76.618214801847387, 3.524852685713415 ], [ -76.618235265873622, 3.525044262433114 ], [ -76.618221632220042, 3.525201579129915 ], [ -76.618214821445704, 3.525454754159924 ], [ -76.618201256049332, 3.525550472630781 ], [ -76.618201207463343, 3.525550537737745 ], [ -76.618126314197582, 3.525653113587741 ], [ -76.618126260212108, 3.525653175982673 ], [ -76.618037808831559, 3.525748905756754 ], [ -76.618037747646383, 3.525748960918869 ], [ -76.617888071281783, 3.525872038883323 ], [ -76.617888009196832, 3.525872094949714 ], [ -76.617745079810987, 3.526002091093052 ], [ -76.617745022225719, 3.526002150775749 ], [ -76.617656570766869, 3.526097809987188 ], [ -76.61765651948123, 3.526097875094401 ], [ -76.617554426685288, 3.52623464487241 ], [ -76.617479559858864, 3.526385181832877 ], [ -76.617445466747711, 3.526508308508372 ], [ -76.617438721360642, 3.526604097704011 ], [ -76.617479571638583, 3.526768334958134 ], [ -76.617540811254202, 3.52695983971695 ], [ -76.617574912228918, 3.527103521708846 ], [ -76.617636152605897, 3.527301948066783 ], [ -76.617731489000775, 3.527500304023123 ], [ -76.61782000520158, 3.527671392888733 ], [ -76.617894952500933, 3.527835558818667 ], [ -76.617928985474009, 3.52803398704107 ], [ -76.617969835899984, 3.52819815374699 ], [ -76.618003869617993, 3.528403433949038 ], [ -76.618017514825695, 3.528615495888771 ], [ -76.617997064336237, 3.528848115465124 ], [ -76.617956222191893, 3.528971242851211 ], [ -76.617854081661662, 3.529231202774168 ], [ -76.617724738164455, 3.529648550386997 ], [ -76.617527341521793, 3.530045343559219 ], [ -76.617363894951851, 3.530284819744606 ], [ -76.617166495329798, 3.530585824334428 ], [ -76.616792009149933, 3.531150320843761 ], [ -76.616791957864692, 3.531150393184479 ], [ -76.616676295357436, 3.531314492603082 ], [ -76.616676243172122, 3.531314563135497 ], [ -76.616533305625339, 3.531506074129883 ], [ -76.616533246240479, 3.531506139237853 ], [ -76.616403956078273, 3.531636058752948 ], [ -76.616274530302292, 3.53172499747787 ], [ -76.616063482805089, 3.531772897602488 ], [ -76.615859253434337, 3.531766051664193 ], [ -76.615654952691926, 3.531738719364892 ], [ -76.615443902634013, 3.531690830844477 ], [ -76.615027350692444, 3.531652416989166 ], [ -76.614598787569903, 3.531670402339045 ], [ -76.614127412135787, 3.531607650803124 ], [ -76.613865440847633, 3.53142167029583 ], [ -76.613560680172043, 3.531383422032047 ], [ -76.613560658581505, 3.531383486231938 ], [ -76.613503554546753, 3.531555677490898 ], [ -76.613389308837299, 3.531938464739589 ], [ -76.613389260245725, 3.531938480115636 ], [ -76.613027421276072, 3.532053332678214 ], [ -76.613027365489799, 3.532053391456257 ], [ -76.612646513416735, 3.532455283928785 ], [ -76.612646449531383, 3.532455340899202 ], [ -76.611732317409306, 3.53322092607569 ], [ -76.611732248123985, 3.533220976717206 ], [ -76.611218074102624, 3.533584614103743 ], [ -76.611008592750295, 3.534005685587852 ], [ -76.611008549557809, 3.534005700963263 ], [ -76.610684798483121, 3.534120549910051 ], [ -76.610684730997789, 3.534120604168097 ], [ -76.610284833752914, 3.53442681026233 ], [ -76.610284880665105, 3.534924418072937 ], [ -76.609637377070371, 3.536053668168249 ], [ -76.609294577916955, 3.536627865271481 ], [ -76.608418502117928, 3.537757135859485 ], [ -76.607923338635302, 3.538503595510877 ], [ -76.607447231918741, 3.539364885803315 ], [ -76.60706636759501, 3.54028358350946 ], [ -76.606742616685594, 3.54089605520232 ], [ -76.606628395434555, 3.541585062315439 ], [ -76.606649971425625, 3.542086529083512 ], [ -76.606649902137306, 3.542086557119806 ], [ -76.606477972699381, 3.542157326773035 ], [ -76.606144640169376, 3.542157356863287 ], [ -76.605773215555388, 3.542186098414903 ], [ -76.605524403217757, 3.542143058461098 ], [ -76.604964881729302, 3.542143108341354 ], [ -76.604536314138684, 3.542167069490137 ], [ -76.604536287147269, 3.542167125552554 ], [ -76.604381582365392, 3.542490050414261 ], [ -76.6039102667295, 3.543119156853973 ], [ -76.603910233435045, 3.543119170419805 ], [ -76.603628112897042, 3.543230123464315 ], [ -76.602859661003265, 3.543593655556075 ], [ -76.602859591717433, 3.543593714334691 ], [ -76.60227637255386, 3.54408413804181 ], [ -76.601919270959911, 3.544550677658306 ], [ -76.601705021424138, 3.544957396130193 ], [ -76.601455067594458, 3.545495695910439 ], [ -76.601359875713428, 3.54602202179512 ], [ -76.601109242082146, 3.546467713989359 ], [ -76.601109174596161, 3.546467777288663 ], [ -76.600699750299, 3.546850523795543 ], [ -76.600271195679355, 3.547041948795188 ], [ -76.599810371691717, 3.547189419805464 ], [ -76.59945322206552, 3.547117679132731 ], [ -76.599167487765641, 3.546878467546423 ], [ -76.598869843083918, 3.546579448037701 ], [ -76.598441269293289, 3.546555560105367 ], [ -76.598084124998834, 3.546543627735903 ], [ -76.597798395200968, 3.546352262973052 ], [ -76.597488866313483, 3.546292479271516 ], [ -76.597060294656856, 3.54629251388166 ], [ -76.596679320830489, 3.546041347629214 ], [ -76.596271108890477, 3.54603748860056 ], [ -76.596271070199577, 3.546037540142703 ], [ -76.596177395079181, 3.546163059681702 ], [ -76.596182635209701, 3.546540789937849 ], [ -76.596182569522782, 3.54654084871569 ], [ -76.595289841397673, 3.547354259074472 ], [ -76.595289770310885, 3.547354312427512 ], [ -76.594813678453647, 3.547689227062368 ], [ -76.59481361096671, 3.547689284936062 ], [ -76.594504173180454, 3.547952407835504 ], [ -76.593944651886801, 3.547976377102215 ], [ -76.593944583499407, 3.547976428646558 ], [ -76.59359943241941, 3.548239561242997 ], [ -76.593361338256074, 3.548239580423865 ], [ -76.593182768151323, 3.548263517257833 ], [ -76.593182746557332, 3.548263559756603 ], [ -76.593063738813527, 3.548502761623469 ], [ -76.593063688420003, 3.548502764339896 ], [ -76.592551833839465, 3.548526724625887 ], [ -76.592361354420007, 3.548490853389554 ], [ -76.592373241495608, 3.548263578800449 ], [ -76.592349406412382, 3.547928651761787 ], [ -76.592087480148692, 3.547653550593865 ], [ -76.592039821292559, 3.547139198885966 ], [ -76.591730275130402, 3.546852140522978 ] ] ] ] } }
]
}
